transaction_id,customer_age,transaction_amount,transaction_hour,payment_method,device_type,customer_location,account_age_days,previous_transactions,failed_transactions_last_24h,is_international,is_fraud
10001,32,21682.31,7,UPI,Desktop,Pune,68,20,0,1,1
10002,56,1515.62,23,UPI,Mobile,Mumbai,1,24,0,0,0
10003,37,3493.36,5,Debit Card,Mobile,Bengaluru,347,30,0,0,0
10004,48,11594.29,0,Credit Card,Mobile,Bengaluru,50,21,0,0,0
10005,32,2864.28,13,UPI,Mobile,Delhi,52,20,2,1,0
10006,33,3329.55,3,UPI,Mobile,Mumbai,773,24,0,0,0
10007,42,2767.84,16,UPI,Mobile,Ahmedabad,39,16,1,0,0
10008,43,2223.57,14,Debit Card,Mobile,Ahmedabad,119,19,1,1,0
10009,32,5231.55,16,UPI,Mobile,Bengaluru,161,23,0,0,0
10010,18,1614.66,19,Net Banking,Mobile,Mumbai,57,19,2,0,0
10011,32,5403.03,23,UPI,Mobile,Bengaluru,337,21,0,0,0
10012,41,3451.59,12,UPI,Mobile,Bengaluru,385,23,1,0,0
10013,34,2234.58,5,UPI,Mobile,Delhi,80,17,1,0,0
10014,39,2736.13,22,UPI,Tablet,Mumbai,1,18,0,1,1
10015,36,10473.83,7,UPI,Mobile,Mumbai,301,18,2,0,0
10016,18,12528.41,2,Credit Card,Mobile,Mumbai,376,19,1,0,0
10017,43,14801.61,16,Credit Card,Mobile,Mumbai,155,24,0,0,0
10018,27,3686.76,1,UPI,Mobile,Delhi,675,10,0,0,0
10019,28,372.9,1,UPI,Mobile,Delhi,280,27,0,0,0
10020,40,2567.74,11,Debit Card,Mobile,Bengaluru,134,27,0,0,0
10021,25,6837.13,3,UPI,Desktop,Bengaluru,1020,21,1,1,0
10022,36,2626.74,5,Debit Card,Mobile,Delhi,192,20,1,0,0
10023,24,1826.11,9,UPI,Mobile,Ahmedabad,93,10,0,0,0
10024,31,1705.47,20,UPI,Tablet,Pune,13,20,0,0,1
10025,29,8778.79,6,UPI,Mobile,Delhi,14,20,1,0,0
10026,28,2098.8,5,UPI,Mobile,Delhi,2,14,3,0,1
10027,25,1452.28,10,UPI,Mobile,Mumbai,67,23,0,0,0
10028,33,11256.59,12,UPI,Desktop,Pune,185,16,0,0,0
10029,35,34457.25,14,Net Banking,Mobile,Delhi,85,23,2,0,0
10030,44,1529.04,7,UPI,Mobile,Mumbai,29,21,0,0,0
10031,27,1661.52,4,Credit Card,Mobile,Ahmedabad,1073,17,0,0,0
10032,34,7804.03,20,UPI,Desktop,Pune,202,22,1,0,0
10033,58,856.88,1,UPI,Mobile,Pune,903,19,0,0,0
10034,38,642.65,14,UPI,Mobile,Jaipur,199,14,0,0,0
10035,39,1281.75,5,UPI,Mobile,Delhi,75,20,0,0,0
10036,38,4823.18,13,UPI,Mobile,Mumbai,5,20,0,0,0
10037,18,5682.2,21,UPI,Desktop,Delhi,29,22,1,0,0
10038,31,1688.46,21,UPI,Mobile,Bengaluru,200,20,0,0,0
10039,18,529.44,8,UPI,Desktop,Delhi,68,21,2,0,0
10040,43,4608.63,7,UPI,Mobile,Bengaluru,628,17,2,0,0
10041,52,2112.52,8,Credit Card,Mobile,Delhi,89,16,0,0,0
10042,28,4864.62,22,UPI,Desktop,Delhi,102,19,0,1,0
10043,53,5300.46,9,UPI,Mobile,Bengaluru,186,18,1,0,0
10044,21,352.1,18,UPI,Mobile,Bengaluru,152,27,4,0,0
10045,20,6096.49,20,UPI,Mobile,Ahmedabad,45,16,0,0,0
10046,40,6856.12,3,Net Banking,Mobile,Delhi,66,17,3,0,0
10047,25,6727.21,22,UPI,Mobile,Mumbai,85,22,2,1,1
10048,28,4269.32,22,UPI,Mobile,Pune,12,20,2,0,0
10049,45,1008.31,21,UPI,Mobile,Bengaluru,41,25,0,0,0
10050,23,3499.56,10,UPI,Mobile,Ahmedabad,24,17,2,0,0
10051,30,3563.63,1,UPI,Mobile,Jaipur,201,15,2,0,0
10052,32,549.16,1,UPI,Mobile,Jaipur,427,16,2,0,0
10053,38,1468.81,11,Credit Card,Mobile,Delhi,122,26,0,0,0
10054,42,2428.36,3,UPI,Desktop,Bengaluru,208,23,0,0,0
10055,32,3720.2,2,UPI,Desktop,Mumbai,108,20,1,0,0
10056,20,881.07,4,UPI,Mobile,Mumbai,13,25,0,0,0
10057,45,7051.59,15,UPI,Desktop,Bengaluru,8,27,1,0,0
10058,65,707.27,12,UPI,Mobile,Jaipur,574,24,3,0,0
10059,43,6832.17,6,UPI,Mobile,Mumbai,65,13,3,0,0
10060,40,2323.84,2,UPI,Mobile,Mumbai,206,22,1,0,0
10061,29,13277.94,16,UPI,Mobile,Pune,279,13,3,0,1
10062,31,3739.17,14,UPI,Mobile,Ahmedabad,63,29,1,0,0
10063,18,1803.52,17,Debit Card,Mobile,Ahmedabad,12,14,1,0,0
10064,40,3903.73,2,UPI,Tablet,Bengaluru,545,26,2,0,0
10065,32,3763.78,16,UPI,Mobile,Bengaluru,24,17,1,0,1
10066,48,867.93,6,UPI,Mobile,Jaipur,189,19,0,0,0
10067,22,7230.33,18,UPI,Mobile,Pune,136,9,0,0,0
10068,49,1428.78,11,UPI,Tablet,Bengaluru,577,13,0,0,0
10069,30,3155.86,9,UPI,Mobile,Jaipur,568,28,1,0,0
10070,27,4712.91,10,UPI,Desktop,Jaipur,786,26,0,0,0
10071,28,7188.61,14,Credit Card,Mobile,Jaipur,196,20,3,0,0
10072,27,2036.63,10,UPI,Mobile,Delhi,150,21,0,0,0
10073,18,698.68,1,UPI,Mobile,Bengaluru,150,20,0,0,0
10074,41,2941.44,12,UPI,Mobile,Mumbai,126,18,0,0,0
10075,42,4842.63,18,UPI,Mobile,Delhi,32,19,1,0,0
10076,48,2083.79,19,UPI,Mobile,Delhi,71,19,3,0,0
10077,41,2617.84,21,Credit Card,Mobile,Ahmedabad,830,22,1,1,0
10078,41,4852.8,3,UPI,Mobile,Delhi,444,12,0,0,0
10079,18,9175.51,11,UPI,Mobile,Jaipur,236,22,1,0,0
10080,36,1859.47,7,Debit Card,Mobile,Delhi,610,14,1,0,0
10081,21,3273.23,11,UPI,Mobile,Bengaluru,35,26,2,0,0
10082,30,22736.21,5,UPI,Mobile,Delhi,291,25,4,0,0
10083,49,8215.44,9,UPI,Mobile,Pune,394,20,0,0,0
10084,34,567.14,18,UPI,Mobile,Delhi,288,16,0,0,0
10085,18,2037.77,23,UPI,Desktop,Ahmedabad,143,23,0,0,0
10086,22,922.34,11,Debit Card,Mobile,Jaipur,538,21,2,0,0
10087,27,9172.85,11,UPI,Mobile,Bengaluru,195,14,1,0,1
10088,31,3969.71,6,UPI,Mobile,Delhi,31,22,1,0,0
10089,44,2202.57,9,UPI,Tablet,Mumbai,57,22,2,0,0
10090,43,4116.93,16,UPI,Mobile,Mumbai,18,22,0,0,0
10091,42,1866.88,9,UPI,Mobile,Delhi,702,17,0,1,1
10092,36,3435.74,10,UPI,Desktop,Ahmedabad,272,27,4,0,0
10093,30,4784.43,13,UPI,Mobile,Delhi,841,22,1,0,0
10094,30,2001.12,12,Debit Card,Mobile,Ahmedabad,71,11,0,0,0
10095,38,928.62,11,UPI,Mobile,Pune,540,14,1,1,0
10096,44,3154.11,0,UPI,Mobile,Pune,96,28,3,0,0
10097,51,3452.08,11,UPI,Mobile,Pune,1072,19,0,1,0
10098,35,11657.66,20,UPI,Mobile,Mumbai,348,13,0,0,0
10099,37,2296.24,8,UPI,Desktop,Delhi,10,25,0,0,0
10100,50,1822.76,13,UPI,Mobile,Mumbai,43,24,0,1,0
10101,22,19212.18,19,UPI,Mobile,Jaipur,105,17,1,1,0
10102,43,1847.57,23,UPI,Mobile,Jaipur,95,9,3,0,0
10103,25,8576.67,13,UPI,Mobile,Jaipur,140,16,0,0,0
10104,51,2293.15,20,UPI,Tablet,Delhi,824,29,1,0,0
10105,49,1437.5,13,UPI,Mobile,Bengaluru,42,21,0,1,1
10106,52,6017.87,8,UPI,Mobile,Jaipur,275,18,1,0,0
10107,50,4087.26,9,Debit Card,Mobile,Bengaluru,141,18,1,0,0
10108,43,2323.57,12,UPI,Mobile,Bengaluru,159,28,2,0,0
10109,22,3953.1,22,UPI,Mobile,Jaipur,593,22,0,0,0
10110,39,15857.22,13,UPI,Mobile,Ahmedabad,249,23,2,0,0
10111,43,11238.61,6,Credit Card,Mobile,Pune,994,15,1,1,1
10112,39,4094.06,20,Debit Card,Mobile,Pune,189,23,2,0,0
10113,32,1799.51,1,Net Banking,Mobile,Bengaluru,167,17,0,0,0
10114,35,2398.05,9,UPI,Desktop,Pune,217,19,1,0,0
10115,38,2769.76,4,Debit Card,Mobile,Pune,319,21,2,0,0
10116,22,3656.83,1,UPI,Mobile,Delhi,200,23,0,0,0
10117,41,7641.39,10,Credit Card,Mobile,Pune,59,14,0,0,0
10118,40,9824.57,17,UPI,Desktop,Delhi,61,23,0,0,0
10119,32,5831.12,12,Debit Card,Mobile,Mumbai,119,19,2,0,0
10120,41,1962.54,6,UPI,Mobile,Mumbai,126,18,1,0,0
10121,46,1869.13,19,UPI,Mobile,Bengaluru,158,17,1,0,0
10122,22,263.97,8,Credit Card,Mobile,Pune,265,17,2,0,0
10123,50,1534.93,13,UPI,Mobile,Bengaluru,10,18,1,0,0
10124,45,11490.23,19,Credit Card,Mobile,Mumbai,49,22,4,0,1
10125,45,15582.11,2,UPI,Mobile,Jaipur,310,19,1,0,0
10126,44,12302.82,16,UPI,Mobile,Bengaluru,208,21,1,0,0
10127,41,5021.33,2,UPI,Mobile,Delhi,82,22,0,0,0
10128,34,3005.72,21,UPI,Mobile,Delhi,9,14,0,0,0
10129,25,2079.36,18,UPI,Desktop,Mumbai,303,15,1,1,0
10130,39,6727.34,1,Credit Card,Mobile,Mumbai,13,21,1,0,0
10131,35,2637.82,20,Credit Card,Mobile,Jaipur,137,26,1,0,0
10132,26,4470.5,4,Credit Card,Mobile,Mumbai,35,23,1,0,0
10133,53,2799.96,20,UPI,Mobile,Mumbai,346,18,1,0,0
10134,43,1858.42,21,UPI,Mobile,Bengaluru,21,14,0,0,0
10135,30,775.16,21,Debit Card,Mobile,Jaipur,56,19,1,0,0
10136,18,6358.83,15,UPI,Desktop,Ahmedabad,369,26,0,0,0
10137,24,6421.72,1,UPI,Desktop,Mumbai,659,21,0,0,0
10138,39,7863.28,3,UPI,Mobile,Jaipur,6,26,3,1,0
10139,31,5411.4,22,UPI,Mobile,Mumbai,42,24,0,0,0
10140,19,870.31,21,UPI,Mobile,Mumbai,515,29,4,0,0
10141,36,3350.6,3,Credit Card,Mobile,Delhi,263,18,0,0,0
10142,32,2033.44,9,UPI,Desktop,Delhi,43,15,1,0,0
10143,29,9778.85,18,UPI,Mobile,Jaipur,299,18,1,0,0
10144,20,9460.25,7,UPI,Mobile,Mumbai,228,24,0,0,0
10145,37,4880.37,5,UPI,Mobile,Pune,138,20,0,0,0
10146,22,1338.13,7,UPI,Mobile,Mumbai,223,23,1,0,0
10147,31,2800.68,8,Credit Card,Mobile,Bengaluru,553,19,1,0,0
10148,46,9754.47,3,UPI,Mobile,Bengaluru,146,16,1,0,0
10149,47,3768.54,22,UPI,Mobile,Delhi,31,17,0,0,0
10150,32,1148.44,7,UPI,Mobile,Pune,271,15,1,0,0
10151,18,1627.74,14,UPI,Desktop,Pune,498,21,1,0,0
10152,42,27982.76,2,Debit Card,Desktop,Jaipur,373,30,2,0,1
10153,23,3811.03,15,UPI,Mobile,Ahmedabad,59,23,1,0,0
10154,18,5640.55,17,UPI,Mobile,Delhi,147,14,1,0,0
10155,42,32915.95,10,UPI,Mobile,Mumbai,1336,18,0,0,0
10156,18,5427.81,3,UPI,Mobile,Mumbai,9,20,2,0,0
10157,41,2363.31,22,UPI,Mobile,Mumbai,157,24,1,0,0
10158,43,5554.29,15,Credit Card,Mobile,Ahmedabad,597,11,3,0,0
10159,39,3360.07,11,Credit Card,Mobile,Delhi,191,18,2,0,0
10160,36,6852.54,9,UPI,Desktop,Jaipur,242,22,1,0,0
10161,32,873.28,20,Credit Card,Mobile,Mumbai,209,17,1,0,0
10162,28,2820.52,10,UPI,Desktop,Mumbai,894,22,0,0,0
10163,22,884.28,13,UPI,Mobile,Bengaluru,65,18,3,0,0
10164,60,564.54,13,UPI,Mobile,Bengaluru,313,13,0,0,0
10165,29,1494.99,13,UPI,Mobile,Mumbai,41,22,0,0,0
10166,23,851.36,19,UPI,Mobile,Delhi,470,19,2,0,0
10167,32,5068.01,4,Credit Card,Mobile,Pune,22,31,1,0,0
10168,40,3625.65,9,Credit Card,Mobile,Mumbai,56,18,0,1,0
10169,45,6941.85,18,Credit Card,Mobile,Delhi,24,24,1,0,0
10170,31,1366.39,7,UPI,Mobile,Mumbai,70,19,1,0,0
10171,31,3029.49,17,UPI,Mobile,Mumbai,67,14,2,0,0
10172,25,3491.21,12,UPI,Mobile,Delhi,9,21,1,0,1
10173,31,6424.15,23,Credit Card,Mobile,Mumbai,4,14,2,0,0
10174,43,6047.45,15,Credit Card,Mobile,Delhi,40,19,2,0,0
10175,33,21328.98,17,Credit Card,Mobile,Delhi,259,28,0,0,1
10176,29,2667.54,6,UPI,Mobile,Mumbai,170,19,0,0,0
10177,35,1173.55,3,Credit Card,Mobile,Delhi,76,20,2,1,1
10178,25,639.36,19,UPI,Desktop,Bengaluru,578,20,1,0,0
10179,18,5069.77,23,UPI,Mobile,Delhi,891,15,1,1,0
10180,28,365.63,12,UPI,Mobile,Pune,14,15,1,0,1
10181,18,968.36,3,Net Banking,Mobile,Pune,33,26,2,0,1
10182,31,8777.61,18,Credit Card,Mobile,Bengaluru,969,22,1,0,0
10183,38,4130.86,0,UPI,Mobile,Bengaluru,445,18,1,0,1
10184,44,1358.48,15,Debit Card,Mobile,Bengaluru,143,27,4,1,0
10185,39,2950.86,21,Net Banking,Mobile,Pune,155,13,0,1,0
10186,34,2786.3,16,Credit Card,Mobile,Bengaluru,532,31,3,0,0
10187,22,3734.02,5,UPI,Mobile,Delhi,1009,28,2,0,0
10188,21,1589.09,14,Debit Card,Mobile,Mumbai,127,19,1,0,0
10189,31,2500.27,18,UPI,Mobile,Pune,132,17,0,0,0
10190,24,4315.19,9,UPI,Mobile,Bengaluru,547,18,0,0,0
10191,23,2026.58,4,UPI,Mobile,Mumbai,722,22,1,0,0
10192,34,6741.14,10,Credit Card,Mobile,Bengaluru,379,16,2,0,0
10193,24,2495.74,1,UPI,Mobile,Delhi,80,28,1,0,0
10194,18,23078.91,10,UPI,Mobile,Jaipur,99,22,1,0,0
10195,31,1177.76,8,UPI,Mobile,Delhi,44,19,0,1,0
10196,23,5704.74,7,Debit Card,Mobile,Bengaluru,850,28,1,0,0
10197,39,4627.48,12,UPI,Mobile,Mumbai,1702,25,1,0,0
10198,48,3305.4,9,Debit Card,Mobile,Mumbai,64,20,0,0,0
10199,42,12698.12,21,UPI,Desktop,Mumbai,316,21,0,0,0
10200,38,1520.45,14,UPI,Mobile,Delhi,117,23,2,0,0
10201,49,622.89,6,Debit Card,Mobile,Ahmedabad,166,24,0,0,0
10202,23,342.16,17,UPI,Mobile,Ahmedabad,45,16,1,0,0
10203,27,9029.13,9,Net Banking,Mobile,Pune,324,24,0,0,0
10204,36,2526.08,4,UPI,Desktop,Delhi,48,23,0,1,0
10205,29,8020.43,23,UPI,Desktop,Delhi,820,18,2,0,0
10206,35,3650.34,18,UPI,Mobile,Mumbai,561,22,0,1,0
10207,29,2787.25,23,UPI,Mobile,Mumbai,1,15,1,0,0
10208,31,10355.31,5,UPI,Mobile,Mumbai,752,28,0,0,0
10209,29,2173.07,2,UPI,Mobile,Delhi,277,18,0,1,1
10210,42,951.79,12,Debit Card,Mobile,Mumbai,99,15,0,0,0
10211,31,3215.11,17,UPI,Desktop,Mumbai,307,22,3,0,0
10212,19,1991.89,10,UPI,Mobile,Bengaluru,334,19,0,0,0
10213,32,7869.84,8,Debit Card,Desktop,Delhi,792,19,1,1,0
10214,27,2507.19,12,UPI,Mobile,Jaipur,172,18,0,0,0
10215,49,1236.37,16,Debit Card,Mobile,Ahmedabad,2,19,2,0,1
10216,37,736.0,23,UPI,Mobile,Bengaluru,12,22,1,0,1
10217,47,7966.75,5,UPI,Desktop,Pune,291,22,0,0,0
10218,35,2181.65,3,UPI,Desktop,Mumbai,52,16,0,0,0
10219,44,3714.14,17,Credit Card,Mobile,Bengaluru,125,18,1,0,1
10220,42,470.74,14,UPI,Mobile,Mumbai,366,20,1,0,0
10221,40,4141.29,6,UPI,Mobile,Bengaluru,12,17,1,0,0
10222,18,1714.04,17,Debit Card,Mobile,Bengaluru,204,21,1,1,0
10223,36,3531.49,2,UPI,Tablet,Delhi,477,11,1,1,0
10224,48,713.63,19,Net Banking,Mobile,Pune,270,28,1,1,0
10225,34,563.79,8,Credit Card,Mobile,Mumbai,198,16,2,0,0
10226,46,8416.25,8,UPI,Desktop,Jaipur,97,11,1,0,0
10227,28,1364.59,12,Debit Card,Mobile,Mumbai,427,20,0,0,0
10228,30,6206.24,15,UPI,Mobile,Delhi,167,21,2,0,0
10229,41,2253.45,3,Debit Card,Mobile,Delhi,86,23,0,0,0
10230,18,1377.45,1,UPI,Mobile,Delhi,99,22,3,0,0
10231,52,259.9,18,Credit Card,Mobile,Pune,324,18,1,0,0
10232,30,1872.12,10,Credit Card,Mobile,Bengaluru,459,25,0,0,0
10233,48,2243.49,14,UPI,Mobile,Jaipur,174,18,0,0,0
10234,27,2045.59,7,UPI,Mobile,Bengaluru,5,17,0,0,1
10235,42,1229.41,21,UPI,Mobile,Bengaluru,532,19,0,0,0
10236,29,3126.93,6,UPI,Mobile,Ahmedabad,128,25,1,0,0
10237,18,7688.93,23,Credit Card,Mobile,Mumbai,390,19,2,0,0
10238,29,2002.8,0,UPI,Mobile,Bengaluru,8,19,0,0,0
10239,32,3001.55,15,UPI,Mobile,Jaipur,259,26,0,0,0
10240,39,2070.79,22,UPI,Mobile,Pune,378,16,0,0,0
10241,25,5306.18,20,UPI,Mobile,Mumbai,809,23,0,0,0
10242,39,1448.17,14,Credit Card,Mobile,Mumbai,6,23,0,1,0
10243,31,1051.17,3,UPI,Mobile,Mumbai,262,23,1,0,0
10244,18,4500.36,23,Credit Card,Mobile,Jaipur,366,19,0,0,0
10245,44,2850.29,22,UPI,Mobile,Pune,120,24,0,0,0
10246,45,4422.11,1,UPI,Desktop,Mumbai,252,20,0,0,0
10247,30,2279.9,0,UPI,Mobile,Delhi,37,21,0,0,0
10248,31,3183.02,17,UPI,Mobile,Jaipur,325,21,2,0,0
10249,28,7203.54,2,Credit Card,Mobile,Mumbai,581,23,0,0,0
10250,38,3531.4,20,UPI,Mobile,Delhi,319,24,0,0,0
10251,27,1051.47,14,UPI,Mobile,Mumbai,72,20,3,0,0
10252,43,5480.16,23,Credit Card,Mobile,Pune,588,23,1,0,0
10253,32,1042.13,19,Credit Card,Mobile,Bengaluru,306,22,0,0,0
10254,19,496.32,9,Net Banking,Mobile,Ahmedabad,678,22,1,0,0
10255,41,1402.04,11,Credit Card,Mobile,Bengaluru,1112,32,1,0,0
10256,39,15632.59,23,UPI,Mobile,Delhi,177,16,2,0,0
10257,18,5114.48,2,UPI,Mobile,Bengaluru,152,14,1,0,0
10258,36,3598.39,7,UPI,Mobile,Delhi,326,22,0,0,0
10259,40,5199.98,0,Credit Card,Mobile,Delhi,340,24,1,0,0
10260,32,11065.94,19,UPI,Mobile,Pune,176,22,1,0,0
10261,28,3461.85,0,UPI,Mobile,Mumbai,297,29,1,0,0
10262,47,2253.43,18,UPI,Desktop,Jaipur,67,14,1,0,0
10263,26,3864.57,3,UPI,Mobile,Bengaluru,307,24,1,0,1
10264,53,2439.24,9,Net Banking,Mobile,Mumbai,110,20,3,0,1
10265,26,2459.55,5,UPI,Desktop,Bengaluru,84,17,1,0,0
10266,44,15791.14,19,Net Banking,Mobile,Mumbai,301,13,1,0,0
10267,53,3599.42,2,UPI,Mobile,Mumbai,657,18,0,0,0
10268,19,2959.99,16,UPI,Mobile,Bengaluru,91,30,0,0,0
10269,39,4829.93,9,UPI,Mobile,Mumbai,700,17,0,0,0
10270,26,292.65,19,Debit Card,Mobile,Bengaluru,188,19,2,1,0
10271,42,1068.03,7,Net Banking,Mobile,Pune,88,28,2,0,0
10272,49,1175.98,2,UPI,Mobile,Delhi,40,18,0,0,0
10273,53,3914.08,9,UPI,Mobile,Ahmedabad,102,18,2,0,0
10274,45,25633.23,14,Debit Card,Mobile,Jaipur,375,15,2,0,0
10275,30,1913.95,4,UPI,Mobile,Mumbai,28,20,0,1,0
10276,41,4382.16,11,UPI,Mobile,Ahmedabad,269,24,1,0,0
10277,62,2728.34,8,UPI,Mobile,Delhi,171,15,0,1,0
10278,47,3113.82,18,Credit Card,Desktop,Mumbai,334,18,4,0,0
10279,58,1686.03,7,Credit Card,Mobile,Jaipur,731,20,0,0,0
10280,46,1824.52,15,UPI,Mobile,Bengaluru,265,18,2,0,0
10281,21,1650.0,6,Net Banking,Desktop,Pune,64,15,1,0,0
10282,31,2438.28,21,UPI,Mobile,Delhi,188,29,3,0,0
10283,42,7212.86,12,Credit Card,Mobile,Pune,256,25,1,0,0
10284,23,4971.73,6,Net Banking,Mobile,Delhi,353,25,2,1,0
10285,41,1790.32,3,Net Banking,Mobile,Ahmedabad,407,13,0,0,1
10286,18,4923.89,8,UPI,Mobile,Mumbai,119,18,2,0,0
10287,33,5463.13,17,UPI,Desktop,Jaipur,140,19,2,0,0
10288,40,5823.24,22,UPI,Desktop,Delhi,139,14,1,0,0
10289,18,2551.53,7,UPI,Desktop,Mumbai,307,22,0,0,0
10290,40,6855.0,5,UPI,Mobile,Pune,261,20,1,0,0
10291,44,3987.12,5,UPI,Mobile,Mumbai,499,16,2,0,0
10292,44,6117.23,21,Debit Card,Mobile,Ahmedabad,99,21,2,0,0
10293,18,2987.05,8,UPI,Mobile,Pune,63,10,0,0,0
10294,18,2003.98,10,UPI,Mobile,Pune,201,25,1,0,0
10295,47,2309.28,12,UPI,Mobile,Pune,526,24,2,0,0
10296,47,692.09,0,UPI,Mobile,Delhi,501,23,0,0,0
10297,22,6845.71,6,UPI,Mobile,Mumbai,63,16,0,0,0
10298,19,2887.38,5,Credit Card,Desktop,Bengaluru,27,18,1,0,0
10299,45,3324.45,16,UPI,Mobile,Pune,47,17,1,0,0
10300,18,2187.83,18,UPI,Mobile,Jaipur,655,25,1,0,0
10301,41,3372.9,3,UPI,Mobile,Mumbai,249,13,1,0,0
10302,18,13332.14,16,UPI,Mobile,Delhi,106,25,0,0,0
10303,18,5213.47,13,Net Banking,Mobile,Delhi,1418,26,1,0,0
10304,35,710.71,8,Debit Card,Mobile,Jaipur,50,15,0,0,0
10305,41,2551.87,4,Credit Card,Mobile,Delhi,76,19,1,0,0
10306,42,10005.73,19,Debit Card,Mobile,Jaipur,304,15,1,0,0
10307,36,1649.88,2,UPI,Mobile,Jaipur,859,18,1,0,0
10308,24,6535.89,15,Credit Card,Mobile,Bengaluru,232,18,1,1,0
10309,25,5403.63,7,UPI,Mobile,Mumbai,134,19,2,0,0
10310,36,6683.12,3,UPI,Mobile,Delhi,73,20,1,0,0
10311,41,3503.01,2,UPI,Desktop,Ahmedabad,129,23,0,1,0
10312,24,11043.94,5,UPI,Mobile,Ahmedabad,38,19,0,0,0
10313,26,7497.42,16,Debit Card,Mobile,Delhi,208,20,0,0,0
10314,27,2562.97,18,UPI,Mobile,Mumbai,81,27,0,0,0
10315,34,1686.37,2,Net Banking,Mobile,Mumbai,423,16,0,0,0
10316,23,8017.44,6,UPI,Mobile,Bengaluru,85,17,1,1,0
10317,33,1560.78,8,UPI,Mobile,Pune,494,15,2,0,0
10318,36,25880.48,22,UPI,Mobile,Jaipur,503,19,0,0,0
10319,39,5307.98,8,UPI,Mobile,Delhi,371,18,2,0,0
10320,39,3125.02,3,Debit Card,Mobile,Pune,342,22,1,0,0
10321,20,5081.43,20,UPI,Desktop,Mumbai,33,17,0,0,0
10322,34,2093.0,15,Debit Card,Mobile,Mumbai,278,14,2,0,0
10323,38,2035.6,14,UPI,Mobile,Bengaluru,135,21,0,0,0
10324,26,2372.44,4,UPI,Tablet,Jaipur,1084,11,2,0,0
10325,29,748.59,11,Credit Card,Mobile,Mumbai,1005,26,3,0,0
10326,49,1597.05,13,Debit Card,Desktop,Jaipur,31,26,0,0,0
10327,18,1373.73,1,UPI,Desktop,Mumbai,112,18,2,0,0
10328,57,5981.34,17,UPI,Mobile,Ahmedabad,212,16,5,1,0
10329,47,674.97,3,UPI,Mobile,Delhi,56,24,1,0,0
10330,30,953.07,12,UPI,Mobile,Mumbai,637,21,2,0,0
10331,51,633.83,10,UPI,Mobile,Delhi,766,20,0,0,0
10332,23,1070.56,6,Credit Card,Mobile,Delhi,1389,19,0,1,1
10333,39,3068.46,6,UPI,Mobile,Delhi,34,20,0,0,0
10334,18,14017.87,7,Credit Card,Mobile,Delhi,1,24,1,1,1
10335,51,367.5,8,Debit Card,Mobile,Mumbai,243,21,0,0,0
10336,27,2706.1,11,Net Banking,Mobile,Mumbai,6,17,0,0,0
10337,43,3535.09,6,Credit Card,Mobile,Bengaluru,503,18,2,0,0
10338,36,4702.01,15,UPI,Mobile,Jaipur,90,13,1,0,0
10339,30,2441.68,1,UPI,Mobile,Jaipur,76,19,0,0,0
10340,28,2306.86,0,Debit Card,Mobile,Mumbai,193,25,0,0,0
10341,62,15827.05,23,UPI,Mobile,Bengaluru,367,21,1,0,0
10342,26,3950.03,14,UPI,Tablet,Bengaluru,2,16,0,0,0
10343,40,6920.73,19,Debit Card,Mobile,Mumbai,247,24,1,1,0
10344,41,11217.22,21,UPI,Desktop,Jaipur,263,23,1,0,0
10345,46,4579.33,17,UPI,Mobile,Bengaluru,56,12,0,0,0
10346,46,2182.62,20,UPI,Mobile,Delhi,130,27,3,0,0
10347,22,434.25,9,UPI,Mobile,Delhi,242,23,0,0,1
10348,34,2668.82,19,UPI,Mobile,Pune,325,14,0,0,0
10349,41,2474.26,10,UPI,Mobile,Mumbai,168,27,0,0,0
10350,37,3738.73,12,UPI,Mobile,Bengaluru,14,22,0,0,0
10351,26,4080.53,14,Debit Card,Mobile,Jaipur,574,16,0,0,0
10352,29,1524.95,13,Credit Card,Mobile,Delhi,4,16,2,0,0
10353,33,8598.53,13,UPI,Mobile,Jaipur,751,18,1,0,0
10354,21,7303.9,2,Debit Card,Mobile,Bengaluru,991,13,2,0,0
10355,33,3874.31,12,Net Banking,Mobile,Pune,441,16,2,0,0
10356,40,822.13,6,Credit Card,Mobile,Bengaluru,358,28,1,0,0
10357,40,788.98,1,Credit Card,Mobile,Mumbai,117,24,2,1,1
10358,39,1559.99,18,UPI,Mobile,Delhi,529,17,1,1,0
10359,24,7978.26,11,Credit Card,Mobile,Mumbai,473,17,1,0,0
10360,18,1072.99,14,Credit Card,Mobile,Jaipur,125,17,0,1,0
10361,37,1122.9,11,Credit Card,Mobile,Pune,97,25,0,0,0
10362,26,412.2,21,UPI,Desktop,Jaipur,227,12,1,0,0
10363,38,2216.16,0,UPI,Desktop,Pune,77,26,0,0,0
10364,51,4596.29,10,Credit Card,Mobile,Delhi,715,23,2,0,0
10365,36,2657.87,21,Credit Card,Mobile,Delhi,247,18,2,0,0
10366,31,3536.99,13,UPI,Mobile,Pune,187,20,0,0,0
10367,26,2477.82,20,Credit Card,Desktop,Pune,206,23,1,0,0
10368,23,5815.28,3,UPI,Mobile,Pune,16,20,1,1,1
10369,48,3867.4,3,Credit Card,Mobile,Mumbai,592,23,0,0,0
10370,18,145.23,23,UPI,Mobile,Pune,16,28,0,0,1
10371,32,5918.55,18,Net Banking,Mobile,Ahmedabad,92,23,2,0,0
10372,47,991.9,7,UPI,Mobile,Pune,295,19,2,0,0
10373,22,261.63,18,UPI,Mobile,Pune,77,18,1,0,0
10374,33,2466.25,11,UPI,Mobile,Mumbai,358,15,1,0,0
10375,31,989.74,11,UPI,Mobile,Delhi,250,22,0,0,0
10376,40,2177.49,12,UPI,Desktop,Jaipur,84,9,0,1,0
10377,49,2274.27,10,Credit Card,Mobile,Mumbai,53,20,0,0,0
10378,29,913.07,14,UPI,Desktop,Delhi,352,19,0,0,0
10379,22,1920.55,18,UPI,Mobile,Pune,1069,24,2,1,0
10380,26,337.2,18,Credit Card,Mobile,Mumbai,161,24,1,0,0
10381,55,6146.19,1,UPI,Mobile,Ahmedabad,25,18,1,0,0
10382,55,26101.28,11,UPI,Desktop,Bengaluru,299,25,1,0,0
10383,38,1098.35,18,UPI,Mobile,Pune,182,20,0,0,0
10384,40,2834.9,16,UPI,Desktop,Delhi,464,17,0,1,0
10385,27,874.82,4,UPI,Mobile,Bengaluru,24,26,1,0,0
10386,45,8600.16,6,UPI,Mobile,Mumbai,64,17,1,0,0
10387,31,515.8,0,Net Banking,Mobile,Bengaluru,241,23,1,0,0
10388,24,6314.56,7,UPI,Mobile,Mumbai,92,9,1,0,0
10389,36,2699.92,20,UPI,Mobile,Mumbai,261,20,0,1,0
10390,30,50968.94,22,Debit Card,Desktop,Bengaluru,106,25,0,0,0
10391,36,1045.93,19,UPI,Mobile,Delhi,7,15,2,0,1
10392,33,2510.16,8,UPI,Mobile,Bengaluru,172,26,3,0,0
10393,37,3396.56,0,UPI,Desktop,Ahmedabad,69,26,0,0,0
10394,35,1340.83,7,UPI,Mobile,Pune,31,25,0,0,0
10395,54,6739.23,19,UPI,Desktop,Jaipur,99,17,1,0,0
10396,42,12959.7,6,UPI,Mobile,Delhi,598,18,2,0,0
10397,30,16490.66,17,UPI,Mobile,Delhi,361,23,1,0,0
10398,39,1111.66,13,UPI,Mobile,Mumbai,270,27,1,0,0
10399,27,2844.95,12,UPI,Mobile,Bengaluru,127,17,1,0,0
10400,33,3631.36,19,UPI,Mobile,Ahmedabad,215,11,1,0,0
10401,22,1473.07,2,UPI,Mobile,Mumbai,82,19,0,1,0
10402,22,3529.82,10,UPI,Mobile,Ahmedabad,1043,21,0,0,0
10403,35,5742.48,1,UPI,Mobile,Pune,182,26,1,0,0
10404,18,142.56,8,UPI,Mobile,Ahmedabad,74,17,0,0,0
10405,35,3332.38,12,Credit Card,Mobile,Mumbai,67,17,0,0,0
10406,29,3128.93,20,UPI,Mobile,Pune,1192,18,0,0,0
10407,34,2389.31,20,UPI,Mobile,Ahmedabad,4,31,0,0,0
10408,41,2661.89,7,UPI,Mobile,Delhi,332,18,2,0,0
10409,45,3510.87,7,Debit Card,Desktop,Bengaluru,848,19,1,0,0
10410,38,1455.67,15,UPI,Mobile,Mumbai,71,18,0,0,0
10411,24,985.15,7,UPI,Mobile,Bengaluru,80,17,1,0,0
10412,41,7183.58,18,UPI,Mobile,Ahmedabad,52,18,0,0,0
10413,50,2470.02,7,UPI,Mobile,Delhi,9,29,1,0,0
10414,37,1017.85,23,Debit Card,Mobile,Mumbai,20,18,1,0,1
10415,18,4523.79,10,UPI,Mobile,Bengaluru,608,21,0,0,0
10416,20,1744.0,6,UPI,Mobile,Ahmedabad,97,20,2,0,0
10417,37,1492.59,14,UPI,Mobile,Mumbai,241,21,1,0,0
10418,30,4217.73,20,UPI,Mobile,Delhi,118,16,1,0,0
10419,59,1240.68,0,UPI,Mobile,Pune,875,14,0,0,0
10420,28,3591.68,18,UPI,Tablet,Delhi,250,14,0,0,0
10421,31,1373.74,14,Net Banking,Mobile,Mumbai,26,22,2,0,0
10422,40,2979.48,12,Credit Card,Mobile,Mumbai,31,19,2,0,0
10423,18,2274.31,3,UPI,Mobile,Mumbai,487,21,3,0,0
10424,43,6030.44,1,Credit Card,Tablet,Delhi,19,24,2,0,0
10425,31,26053.66,5,UPI,Mobile,Delhi,518,18,4,0,1
10426,18,6702.07,15,Credit Card,Mobile,Bengaluru,235,19,1,0,0
10427,29,5022.47,4,UPI,Mobile,Bengaluru,322,22,0,0,0
10428,46,969.37,8,Net Banking,Desktop,Mumbai,944,20,2,0,0
10429,37,2418.08,3,UPI,Desktop,Delhi,30,21,2,1,1
10430,18,4816.66,9,UPI,Mobile,Delhi,787,19,2,0,1
10431,38,5033.9,2,UPI,Mobile,Ahmedabad,59,17,2,1,0
10432,30,2214.71,11,Credit Card,Mobile,Bengaluru,530,21,0,0,0
10433,36,2164.41,11,Credit Card,Mobile,Mumbai,3,15,1,0,0
10434,19,16244.04,6,Credit Card,Mobile,Delhi,20,12,1,0,1
10435,44,1607.02,16,UPI,Desktop,Bengaluru,122,24,1,1,1
10436,44,1356.76,8,UPI,Mobile,Jaipur,284,27,2,0,0
10437,35,1326.68,7,UPI,Mobile,Delhi,125,20,0,0,0
10438,34,2468.04,23,UPI,Mobile,Delhi,10,10,0,0,0
10439,46,2304.36,19,UPI,Tablet,Jaipur,577,15,1,0,0
10440,39,4111.17,1,UPI,Mobile,Delhi,31,19,0,0,0
10441,31,1398.38,2,UPI,Mobile,Mumbai,317,15,1,0,0
10442,32,1423.49,11,Net Banking,Desktop,Ahmedabad,35,25,2,0,0
10443,39,657.1,16,UPI,Mobile,Bengaluru,188,21,2,0,0
10444,54,1850.4,6,Debit Card,Mobile,Bengaluru,68,23,0,0,0
10445,28,2724.51,0,UPI,Mobile,Mumbai,145,16,0,0,0
10446,29,1034.8,9,Credit Card,Mobile,Mumbai,31,19,2,1,0
10447,42,4851.22,7,UPI,Mobile,Delhi,7,22,0,0,0
10448,28,1982.17,16,Debit Card,Mobile,Jaipur,267,20,3,0,1
10449,23,2112.08,16,Credit Card,Desktop,Delhi,23,22,0,0,0
10450,22,13379.72,4,Net Banking,Mobile,Delhi,149,23,0,0,0
10451,50,6248.18,17,UPI,Mobile,Bengaluru,369,21,1,0,0
10452,24,2790.94,21,UPI,Mobile,Delhi,372,22,1,0,0
10453,31,741.81,4,UPI,Mobile,Bengaluru,630,22,0,1,0
10454,18,796.55,6,UPI,Mobile,Jaipur,608,14,1,0,0
10455,33,5457.65,6,UPI,Mobile,Jaipur,16,13,2,0,1
10456,29,1591.83,22,UPI,Mobile,Delhi,332,19,0,0,0
10457,32,2772.21,20,UPI,Mobile,Delhi,100,18,1,1,0
10458,29,2588.94,23,UPI,Mobile,Ahmedabad,198,23,2,0,0
10459,34,6473.42,7,UPI,Mobile,Ahmedabad,53,24,2,0,0
10460,32,494.48,9,Debit Card,Mobile,Bengaluru,502,14,0,0,0
10461,31,568.49,4,Credit Card,Mobile,Bengaluru,6,21,2,0,1
10462,26,3879.53,20,UPI,Desktop,Mumbai,14,25,1,0,0
10463,26,3889.35,5,Debit Card,Desktop,Jaipur,39,18,1,0,0
10464,43,1154.54,18,Debit Card,Mobile,Jaipur,215,20,0,0,0
10465,32,2391.32,19,UPI,Mobile,Bengaluru,1,15,0,0,0
10466,47,2150.97,2,UPI,Mobile,Delhi,400,18,0,0,0
10467,29,1566.12,6,UPI,Desktop,Pune,543,7,2,0,0
10468,27,2950.25,15,Credit Card,Mobile,Delhi,28,23,1,0,0
10469,45,5360.89,9,Net Banking,Mobile,Bengaluru,61,25,2,0,0
10470,32,20755.05,7,UPI,Mobile,Delhi,329,17,1,0,0
10471,30,1836.58,11,UPI,Mobile,Mumbai,751,18,2,0,0
10472,30,5851.55,5,UPI,Desktop,Delhi,79,15,2,0,0
10473,49,3721.56,6,UPI,Mobile,Delhi,6,18,1,0,0
10474,34,2034.72,5,Credit Card,Mobile,Delhi,86,26,2,0,0
10475,41,1853.95,9,Credit Card,Desktop,Delhi,198,16,1,0,0
10476,46,3309.66,15,Credit Card,Mobile,Mumbai,67,14,0,0,0
10477,38,5149.87,7,Credit Card,Mobile,Pune,381,19,0,0,0
10478,22,3025.33,17,UPI,Tablet,Mumbai,1089,22,1,0,0
10479,38,4202.87,18,Credit Card,Mobile,Delhi,138,19,1,1,0
10480,48,810.6,1,Credit Card,Mobile,Pune,499,21,3,0,0
10481,43,197.79,3,UPI,Mobile,Jaipur,90,18,1,0,1
10482,36,7369.61,18,UPI,Tablet,Pune,9,25,1,0,0
10483,28,2320.83,17,UPI,Mobile,Delhi,3,16,0,0,0
10484,44,1029.75,7,UPI,Mobile,Mumbai,3,17,1,0,0
10485,18,2242.56,0,UPI,Mobile,Pune,131,21,0,1,1
10486,46,1492.87,1,Debit Card,Mobile,Jaipur,123,23,1,0,0
10487,48,2145.84,22,UPI,Mobile,Pune,170,26,0,0,0
10488,24,2143.9,1,Debit Card,Mobile,Mumbai,307,33,1,0,0
10489,35,298.26,16,UPI,Mobile,Delhi,342,16,0,0,0
10490,18,3774.98,12,Debit Card,Mobile,Mumbai,36,20,0,0,0
10491,33,3837.55,1,Credit Card,Desktop,Delhi,995,26,0,0,0
10492,27,610.73,12,Credit Card,Mobile,Ahmedabad,37,20,0,0,0
10493,19,1569.81,13,UPI,Tablet,Ahmedabad,237,19,2,0,0
10494,36,14388.52,14,UPI,Tablet,Pune,234,25,0,1,0
10495,52,4329.45,23,Credit Card,Mobile,Delhi,17,19,2,0,0
10496,44,3815.86,3,UPI,Mobile,Ahmedabad,98,23,1,0,0
10497,29,5873.28,1,UPI,Mobile,Pune,310,21,1,0,0
10498,50,4019.6,21,UPI,Mobile,Mumbai,130,15,1,0,0
10499,44,2204.73,16,Net Banking,Mobile,Delhi,148,16,2,0,0
10500,56,1934.18,10,UPI,Mobile,Delhi,196,23,1,0,0
10501,31,3558.31,11,UPI,Desktop,Bengaluru,52,19,2,1,0
10502,44,2621.88,10,Debit Card,Desktop,Jaipur,64,24,0,1,0
10503,55,4374.58,20,UPI,Mobile,Mumbai,318,20,1,0,0
10504,18,4463.16,7,UPI,Mobile,Jaipur,1670,21,1,0,0
10505,42,2915.22,12,UPI,Mobile,Pune,252,13,0,0,0
10506,22,7081.26,0,Net Banking,Mobile,Pune,437,20,0,1,1
10507,27,2986.95,14,Net Banking,Desktop,Delhi,1093,17,0,0,0
10508,34,6068.44,17,UPI,Mobile,Jaipur,332,19,3,0,0
10509,37,1695.76,10,Debit Card,Mobile,Delhi,129,25,1,0,0
10510,53,2137.92,9,UPI,Desktop,Bengaluru,179,20,2,0,0
10511,36,1912.78,5,UPI,Mobile,Mumbai,312,29,0,0,0
10512,34,1948.57,11,UPI,Mobile,Jaipur,413,16,0,0,0
10513,27,9570.42,13,UPI,Mobile,Bengaluru,185,17,2,0,0
10514,22,4385.61,4,UPI,Mobile,Pune,394,20,0,0,0
10515,21,6252.45,20,UPI,Mobile,Bengaluru,717,23,0,0,0
10516,43,3950.8,11,UPI,Mobile,Jaipur,133,14,0,0,0
10517,24,2095.12,11,UPI,Mobile,Jaipur,127,18,1,0,0
10518,51,6314.12,15,UPI,Mobile,Pune,1310,24,1,0,0
10519,41,1878.14,20,Net Banking,Mobile,Mumbai,307,24,2,0,0
10520,48,3042.55,12,UPI,Desktop,Pune,817,22,1,0,0
10521,32,2577.34,7,UPI,Mobile,Bengaluru,137,28,0,0,0
10522,50,6646.62,23,Credit Card,Mobile,Delhi,421,16,2,0,0
10523,30,1810.36,2,UPI,Mobile,Ahmedabad,184,21,1,0,0
10524,34,4076.12,18,UPI,Mobile,Delhi,453,19,0,0,0
10525,18,2644.6,6,Debit Card,Mobile,Pune,773,24,2,0,0
10526,18,10736.04,13,Credit Card,Mobile,Jaipur,679,19,0,0,0
10527,27,2676.0,1,UPI,Mobile,Bengaluru,462,15,2,0,0
10528,38,13393.79,2,UPI,Mobile,Bengaluru,121,18,0,0,0
10529,38,3835.64,7,UPI,Mobile,Bengaluru,392,17,1,1,1
10530,42,29651.84,17,UPI,Mobile,Bengaluru,184,18,1,0,0
10531,36,1432.27,3,UPI,Mobile,Pune,83,21,3,0,1
10532,18,11015.23,22,UPI,Mobile,Bengaluru,28,24,0,1,0
10533,28,1386.87,3,UPI,Mobile,Delhi,209,25,0,0,0
10534,29,3332.27,20,UPI,Mobile,Mumbai,335,20,1,0,0
10535,39,11760.07,17,UPI,Tablet,Mumbai,840,29,0,0,0
10536,43,11813.65,18,Net Banking,Mobile,Bengaluru,2,16,0,0,0
10537,25,1720.93,23,UPI,Mobile,Pune,631,15,1,0,0
10538,18,3120.62,2,UPI,Mobile,Jaipur,43,15,0,1,1
10539,39,4216.26,18,UPI,Mobile,Bengaluru,200,25,0,1,0
10540,49,8530.91,7,UPI,Desktop,Jaipur,720,22,0,0,0
10541,49,1131.8,21,UPI,Mobile,Mumbai,27,19,1,0,0
10542,30,8146.56,16,UPI,Mobile,Mumbai,945,11,1,0,0
10543,31,1304.41,11,UPI,Mobile,Ahmedabad,116,12,0,0,0
10544,27,7718.65,3,Credit Card,Mobile,Delhi,86,16,4,0,0
10545,47,1170.35,18,Credit Card,Mobile,Delhi,1274,22,1,0,0
10546,32,4080.37,5,UPI,Mobile,Mumbai,207,17,0,0,0
10547,41,887.69,3,UPI,Mobile,Ahmedabad,160,14,0,0,0
10548,34,11813.16,1,UPI,Mobile,Ahmedabad,161,19,2,0,0
10549,44,2631.58,12,UPI,Mobile,Bengaluru,17,31,0,1,1
10550,52,21011.99,17,UPI,Mobile,Delhi,339,18,2,0,0
10551,32,3152.86,5,UPI,Mobile,Bengaluru,823,21,1,0,0
10552,36,3055.25,11,UPI,Mobile,Delhi,217,25,1,0,0
10553,33,8708.12,0,UPI,Desktop,Pune,7,18,1,0,0
10554,32,2244.23,5,Credit Card,Mobile,Bengaluru,119,16,1,0,0
10555,26,1055.39,19,Credit Card,Mobile,Mumbai,61,18,0,0,0
10556,20,1816.0,18,Debit Card,Desktop,Delhi,173,18,1,0,0
10557,18,1706.29,15,Net Banking,Desktop,Ahmedabad,32,18,1,0,0
10558,34,5668.12,20,UPI,Mobile,Delhi,148,18,0,1,0
10559,32,21282.13,4,Credit Card,Mobile,Jaipur,433,18,1,0,0
10560,42,5455.17,3,UPI,Desktop,Bengaluru,118,24,4,0,1
10561,30,2318.34,7,UPI,Mobile,Bengaluru,19,28,3,0,0
10562,18,1220.62,23,UPI,Desktop,Jaipur,232,22,0,0,0
10563,41,1482.99,11,UPI,Mobile,Mumbai,823,16,0,0,0
10564,59,2658.29,23,Debit Card,Mobile,Pune,71,18,0,0,0
10565,29,5300.72,12,UPI,Mobile,Pune,688,22,1,0,0
10566,42,10611.87,17,UPI,Mobile,Ahmedabad,15,12,1,0,0
10567,46,1112.37,18,Debit Card,Mobile,Mumbai,260,21,1,0,0
10568,22,348.39,8,UPI,Mobile,Bengaluru,71,19,1,0,0
10569,23,2921.05,17,Debit Card,Mobile,Bengaluru,29,18,0,0,0
10570,39,2744.8,6,Debit Card,Desktop,Mumbai,598,17,1,0,0
10571,26,10045.94,12,UPI,Mobile,Bengaluru,199,29,1,0,0
10572,18,1304.35,12,UPI,Mobile,Mumbai,2,27,2,0,0
10573,37,6586.78,6,UPI,Mobile,Jaipur,187,21,1,0,0
10574,58,11938.3,5,Credit Card,Mobile,Delhi,116,22,1,0,0
10575,18,2435.41,20,UPI,Mobile,Bengaluru,181,22,1,0,0
10576,24,13681.05,0,UPI,Desktop,Mumbai,216,14,1,0,1
10577,38,809.6,3,UPI,Mobile,Pune,235,17,2,1,0
10578,26,3743.86,20,UPI,Mobile,Bengaluru,151,25,0,1,0
10579,28,2276.59,14,Credit Card,Mobile,Mumbai,41,15,1,0,0
10580,30,5676.58,17,Debit Card,Mobile,Ahmedabad,144,20,0,0,0
10581,29,4696.3,20,Credit Card,Mobile,Ahmedabad,151,20,2,0,0
10582,30,963.79,13,UPI,Mobile,Mumbai,249,21,1,0,0
10583,26,2994.9,3,UPI,Mobile,Jaipur,1021,11,2,0,1
10584,42,5075.89,22,UPI,Mobile,Jaipur,91,18,1,0,0
10585,29,1744.38,5,Credit Card,Desktop,Jaipur,219,18,0,0,0
10586,26,4339.88,7,Net Banking,Mobile,Delhi,831,23,1,0,0
10587,35,10791.52,7,UPI,Mobile,Pune,37,22,2,0,0
10588,41,1016.07,1,Debit Card,Mobile,Mumbai,477,23,1,1,0
10589,37,39659.26,7,UPI,Mobile,Jaipur,314,22,0,0,0
10590,39,865.24,9,UPI,Mobile,Jaipur,501,25,0,0,0
10591,47,3935.16,17,UPI,Mobile,Ahmedabad,17,20,1,0,0
10592,18,530.86,17,UPI,Mobile,Mumbai,19,20,0,0,0
10593,20,1964.63,14,Debit Card,Tablet,Ahmedabad,456,20,1,0,0
10594,23,5530.35,19,Credit Card,Desktop,Delhi,61,12,2,0,0
10595,19,7302.64,10,UPI,Mobile,Pune,592,17,1,1,0
10596,35,3436.15,8,UPI,Mobile,Delhi,481,24,0,0,0
10597,34,3626.41,6,UPI,Mobile,Ahmedabad,116,28,2,0,0
10598,46,8378.48,8,UPI,Desktop,Bengaluru,373,14,1,0,0
10599,32,1655.99,2,Net Banking,Desktop,Pune,337,18,0,0,0
10600,20,7232.43,8,Credit Card,Mobile,Bengaluru,554,20,1,0,0
10601,50,6118.26,13,UPI,Mobile,Delhi,354,19,0,0,0
10602,47,3228.27,1,UPI,Mobile,Jaipur,693,15,1,0,0
10603,37,14453.01,0,UPI,Mobile,Mumbai,110,16,0,0,1
10604,54,4690.82,12,UPI,Mobile,Mumbai,64,21,1,0,0
10605,66,3213.4,10,UPI,Mobile,Mumbai,38,18,1,0,0
10606,27,4254.98,5,UPI,Mobile,Mumbai,50,16,1,0,0
10607,27,6713.19,20,Credit Card,Mobile,Delhi,737,14,0,0,0
10608,43,804.15,3,UPI,Mobile,Mumbai,35,26,1,0,0
10609,30,2042.18,11,UPI,Desktop,Delhi,40,15,2,0,0
10610,43,5322.04,4,Net Banking,Mobile,Mumbai,73,16,0,0,0
10611,43,4524.14,23,Credit Card,Mobile,Delhi,112,19,0,0,0
10612,28,1632.87,0,Credit Card,Mobile,Delhi,165,21,3,0,1
10613,46,2832.68,20,UPI,Mobile,Delhi,597,19,0,0,0
10614,43,5582.82,11,UPI,Mobile,Delhi,255,20,0,0,0
10615,31,2806.88,2,Credit Card,Mobile,Mumbai,375,18,0,0,0
10616,47,8972.48,20,UPI,Mobile,Mumbai,304,21,2,0,0
10617,68,3500.51,6,UPI,Mobile,Mumbai,13,21,1,0,0
10618,43,4059.84,5,UPI,Mobile,Mumbai,161,30,1,0,0
10619,19,1522.13,21,UPI,Mobile,Bengaluru,236,16,1,0,0
10620,31,3156.29,23,Credit Card,Mobile,Bengaluru,769,21,0,0,0
10621,29,4147.23,5,Credit Card,Desktop,Bengaluru,92,24,0,0,0
10622,25,556.7,21,Credit Card,Mobile,Delhi,312,21,0,0,0
10623,40,8085.64,5,UPI,Mobile,Delhi,466,24,0,1,0
10624,55,1913.81,2,UPI,Mobile,Mumbai,239,27,3,0,0
10625,36,1212.14,7,Credit Card,Mobile,Jaipur,85,18,1,0,0
10626,23,5019.18,21,UPI,Mobile,Jaipur,783,23,3,0,1
10627,40,981.42,3,Credit Card,Mobile,Mumbai,111,15,2,0,0
10628,21,797.54,9,UPI,Mobile,Pune,23,15,1,0,0
10629,44,2228.3,10,UPI,Mobile,Ahmedabad,413,22,0,0,0
10630,36,4330.16,7,UPI,Desktop,Pune,378,23,1,0,0
10631,28,17080.42,23,UPI,Mobile,Mumbai,1350,17,0,0,0
10632,25,2625.69,0,UPI,Mobile,Jaipur,130,11,0,0,0
10633,39,3061.33,13,UPI,Mobile,Delhi,117,19,1,0,0
10634,47,1897.92,18,Debit Card,Desktop,Pune,49,20,0,0,0
10635,49,2243.76,11,UPI,Mobile,Pune,21,24,1,0,0
10636,35,4684.15,15,UPI,Mobile,Jaipur,530,24,0,0,0
10637,37,6791.34,11,UPI,Desktop,Mumbai,163,23,0,0,0
10638,32,1571.57,3,Debit Card,Mobile,Bengaluru,382,30,1,0,0
10639,23,4578.64,10,UPI,Mobile,Delhi,13,24,1,0,1
10640,25,946.28,15,UPI,Desktop,Ahmedabad,1202,28,0,0,0
10641,49,1149.21,12,UPI,Mobile,Delhi,286,30,2,0,0
10642,26,3012.24,4,UPI,Mobile,Jaipur,29,16,0,0,0
10643,51,988.98,2,UPI,Mobile,Delhi,1106,24,1,0,0
10644,27,9665.23,12,UPI,Tablet,Delhi,188,20,1,0,0
10645,18,1372.16,21,Credit Card,Mobile,Bengaluru,406,17,1,0,0
10646,27,948.74,3,UPI,Mobile,Bengaluru,180,26,2,0,0
10647,37,1480.44,18,UPI,Mobile,Bengaluru,648,20,1,0,0
10648,32,4826.24,9,UPI,Mobile,Jaipur,310,20,1,0,0
10649,39,5754.61,11,Credit Card,Mobile,Mumbai,1189,21,1,0,0
10650,58,9020.37,18,UPI,Mobile,Mumbai,286,16,0,1,0
10651,37,16464.08,22,Credit Card,Mobile,Mumbai,645,20,0,0,0
10652,33,2922.34,15,Credit Card,Mobile,Delhi,200,26,1,0,0
10653,28,1388.16,21,UPI,Mobile,Delhi,444,13,0,0,0
10654,31,1330.52,5,Credit Card,Desktop,Mumbai,180,26,2,0,0
10655,52,5659.97,23,UPI,Tablet,Delhi,61,22,2,0,0
10656,46,23186.4,5,Credit Card,Mobile,Jaipur,232,20,0,0,0
10657,52,849.77,5,UPI,Mobile,Pune,622,15,3,0,0
10658,36,13395.05,4,UPI,Mobile,Pune,163,25,0,0,0
10659,27,3547.52,20,UPI,Desktop,Pune,1878,19,1,0,0
10660,34,7386.11,0,Net Banking,Desktop,Pune,212,19,4,0,0
10661,31,1609.98,14,UPI,Mobile,Delhi,66,14,1,0,0
10662,49,11036.65,13,UPI,Desktop,Mumbai,349,24,1,0,0
10663,42,18666.63,4,Debit Card,Mobile,Mumbai,444,28,0,0,1
10664,18,15438.09,10,Debit Card,Mobile,Pune,25,17,0,1,0
10665,21,1897.88,18,UPI,Mobile,Bengaluru,39,22,1,0,0
10666,31,3484.27,4,Credit Card,Desktop,Delhi,305,16,1,1,0
10667,53,488.2,23,Debit Card,Mobile,Delhi,359,20,0,0,0
10668,26,2967.51,20,Net Banking,Mobile,Pune,495,24,3,1,1
10669,35,3439.54,11,UPI,Mobile,Mumbai,188,17,0,0,0
10670,38,9033.73,22,Credit Card,Mobile,Jaipur,711,22,1,1,0
10671,39,2107.45,14,UPI,Mobile,Mumbai,85,15,1,0,0
10672,40,5414.74,15,Credit Card,Desktop,Jaipur,1098,19,0,1,0
10673,27,623.76,17,UPI,Mobile,Bengaluru,727,26,0,0,0
10674,44,881.48,10,Credit Card,Mobile,Ahmedabad,274,21,0,0,0
10675,27,1764.92,20,UPI,Mobile,Pune,308,21,0,0,0
10676,44,6123.56,17,UPI,Mobile,Ahmedabad,661,20,2,0,0
10677,30,874.66,15,UPI,Mobile,Pune,39,25,0,1,1
10678,29,1097.62,9,UPI,Mobile,Delhi,1128,15,2,0,0
10679,33,1160.91,10,UPI,Tablet,Jaipur,198,24,1,0,0
10680,24,547.3,23,UPI,Mobile,Pune,438,25,2,0,0
10681,38,7693.19,3,UPI,Mobile,Ahmedabad,96,17,3,0,0
10682,56,1321.06,5,UPI,Mobile,Mumbai,274,21,0,0,0
10683,18,986.25,19,Debit Card,Mobile,Mumbai,358,17,0,0,0
10684,38,4211.54,12,UPI,Mobile,Delhi,690,16,0,0,0
10685,18,2033.5,0,UPI,Mobile,Jaipur,367,20,0,0,0
10686,38,2816.41,15,UPI,Mobile,Bengaluru,176,17,2,0,0
10687,18,6321.17,1,UPI,Desktop,Ahmedabad,1444,18,1,0,0
10688,26,4527.03,5,Credit Card,Desktop,Delhi,259,14,1,0,0
10689,35,11489.03,11,Credit Card,Mobile,Ahmedabad,79,25,0,0,0
10690,19,904.6,12,UPI,Mobile,Pune,197,17,2,0,0
10691,35,11542.26,23,UPI,Mobile,Jaipur,86,25,1,0,0
10692,41,2730.39,3,UPI,Mobile,Delhi,623,23,1,0,0
10693,42,624.52,14,Credit Card,Mobile,Bengaluru,219,24,1,0,0
10694,19,9578.46,7,UPI,Mobile,Delhi,151,19,0,0,0
10695,42,19111.73,4,UPI,Mobile,Bengaluru,804,19,3,0,1
10696,28,3460.31,23,UPI,Desktop,Pune,82,23,0,0,0
10697,39,2539.85,11,UPI,Mobile,Bengaluru,813,18,0,0,0
10698,46,8624.0,7,Credit Card,Mobile,Ahmedabad,19,14,2,0,1
10699,27,3131.67,18,Debit Card,Mobile,Delhi,430,30,1,0,0
10700,39,853.92,19,UPI,Mobile,Delhi,178,20,1,0,0
10701,25,2242.97,14,UPI,Mobile,Delhi,610,18,0,1,0
10702,21,8021.26,20,UPI,Mobile,Mumbai,994,24,0,0,0
10703,46,2622.04,0,UPI,Mobile,Pune,40,20,3,0,0
10704,18,8558.57,19,UPI,Desktop,Bengaluru,5,11,0,0,0
10705,46,3925.81,23,Credit Card,Mobile,Bengaluru,143,16,1,0,0
10706,45,804.47,10,UPI,Mobile,Bengaluru,1274,18,0,0,0
10707,20,5663.39,22,UPI,Mobile,Pune,369,21,2,0,0
10708,28,2055.7,3,UPI,Mobile,Bengaluru,157,20,0,0,0
10709,33,398.06,14,Debit Card,Mobile,Mumbai,93,18,0,0,0
10710,19,1910.49,9,UPI,Mobile,Bengaluru,35,21,0,0,0
10711,34,19631.89,5,Credit Card,Mobile,Jaipur,219,19,0,1,1
10712,27,1298.34,2,UPI,Mobile,Bengaluru,167,23,0,1,0
10713,30,15958.96,17,UPI,Mobile,Ahmedabad,403,22,3,0,1
10714,19,2390.89,16,UPI,Mobile,Mumbai,613,16,1,0,0
10715,21,2924.46,4,UPI,Mobile,Pune,206,17,2,0,1
10716,31,1847.3,17,Credit Card,Mobile,Jaipur,140,22,1,0,0
10717,38,2667.83,9,UPI,Mobile,Delhi,252,29,2,0,0
10718,42,2293.61,16,UPI,Mobile,Delhi,106,17,0,0,0
10719,18,2830.91,18,UPI,Mobile,Delhi,226,23,0,0,0
10720,30,183.05,9,Credit Card,Mobile,Mumbai,236,24,0,0,0
10721,56,7578.44,18,Credit Card,Mobile,Delhi,562,27,2,0,0
10722,36,795.92,12,Credit Card,Mobile,Pune,299,28,0,0,0
10723,18,210.31,15,UPI,Mobile,Delhi,47,24,0,0,0
10724,26,3588.61,15,Credit Card,Mobile,Mumbai,65,19,0,0,0
10725,37,3185.32,1,Debit Card,Desktop,Delhi,430,17,0,0,0
10726,43,7496.23,3,Debit Card,Tablet,Bengaluru,147,21,3,0,1
10727,46,1568.89,15,UPI,Mobile,Pune,450,23,0,0,0
10728,54,4650.37,17,UPI,Mobile,Delhi,227,13,3,1,1
10729,38,2969.95,11,UPI,Desktop,Pune,445,21,1,0,0
10730,42,7930.86,19,UPI,Mobile,Ahmedabad,160,24,0,1,0
10731,53,3655.86,18,UPI,Desktop,Delhi,35,26,0,1,1
10732,56,4538.03,17,UPI,Mobile,Pune,157,17,0,0,0
10733,33,1271.21,13,UPI,Mobile,Ahmedabad,144,28,0,1,0
10734,36,4621.06,14,UPI,Desktop,Bengaluru,90,17,4,0,0
10735,53,14914.73,10,UPI,Mobile,Delhi,173,20,1,0,0
10736,37,4759.3,20,UPI,Mobile,Delhi,97,24,0,0,0
10737,26,4733.38,16,UPI,Mobile,Delhi,1563,30,0,0,0
10738,40,2286.46,9,Net Banking,Mobile,Ahmedabad,154,24,2,0,0
10739,29,1343.31,15,Credit Card,Desktop,Delhi,408,18,1,0,0
10740,45,2496.17,9,Debit Card,Desktop,Ahmedabad,73,18,0,0,0
10741,28,5096.22,4,Credit Card,Mobile,Bengaluru,51,11,0,0,0
10742,56,2200.95,2,UPI,Mobile,Delhi,97,21,3,0,0
10743,33,2554.56,14,UPI,Mobile,Ahmedabad,1,26,0,0,0
10744,34,6152.65,21,UPI,Mobile,Delhi,882,25,0,0,0
10745,37,4384.53,19,Credit Card,Mobile,Jaipur,25,17,3,0,0
10746,18,2948.55,12,UPI,Mobile,Mumbai,213,19,0,0,0
10747,41,1612.98,10,UPI,Mobile,Mumbai,25,23,2,0,0
10748,46,3539.98,21,UPI,Desktop,Ahmedabad,49,19,2,0,0
10749,18,2734.37,7,UPI,Mobile,Pune,394,20,1,1,0
10750,31,5458.59,8,Credit Card,Tablet,Delhi,255,14,1,1,0
10751,35,16505.84,0,Credit Card,Mobile,Mumbai,14,11,2,0,0
10752,32,1562.16,5,UPI,Mobile,Mumbai,50,15,2,0,0
10753,42,2153.2,10,Credit Card,Desktop,Mumbai,498,23,0,0,0
10754,30,1712.94,18,Credit Card,Desktop,Ahmedabad,6,33,2,0,0
10755,32,4354.21,18,Credit Card,Mobile,Bengaluru,320,20,1,0,0
10756,34,2224.84,8,UPI,Desktop,Ahmedabad,82,17,1,0,0
10757,41,15031.26,14,Debit Card,Mobile,Bengaluru,34,19,1,0,0
10758,23,802.23,5,UPI,Mobile,Mumbai,263,16,0,0,0
10759,41,4761.46,13,UPI,Mobile,Mumbai,255,22,1,0,0
10760,24,3863.37,3,UPI,Mobile,Delhi,88,28,0,0,0
10761,43,5773.1,2,UPI,Mobile,Pune,75,25,1,0,0
10762,30,5156.84,10,UPI,Mobile,Bengaluru,175,23,0,0,0
10763,18,3731.63,23,UPI,Desktop,Ahmedabad,606,15,1,0,0
10764,37,2023.55,7,UPI,Desktop,Jaipur,271,26,0,1,0
10765,29,1092.76,3,UPI,Mobile,Mumbai,118,21,0,0,0
10766,42,5038.7,5,UPI,Mobile,Mumbai,36,22,0,0,0
10767,40,2652.81,7,UPI,Mobile,Mumbai,119,17,0,0,0
10768,45,313.35,3,UPI,Mobile,Bengaluru,146,16,1,0,1
10769,40,2574.44,1,UPI,Mobile,Bengaluru,245,12,2,0,0
10770,44,1037.86,4,UPI,Mobile,Delhi,203,31,1,0,0
10771,45,9569.66,17,UPI,Desktop,Delhi,26,20,0,0,0
10772,46,4756.71,8,Credit Card,Mobile,Bengaluru,173,21,0,0,0
10773,21,24677.14,12,Credit Card,Mobile,Mumbai,1175,15,0,0,1
10774,42,3544.0,5,UPI,Mobile,Bengaluru,236,12,2,0,0
10775,54,401.35,2,UPI,Mobile,Ahmedabad,241,25,1,0,0
10776,28,3522.83,22,Credit Card,Mobile,Delhi,503,20,0,0,0
10777,40,1268.7,14,UPI,Mobile,Mumbai,65,24,1,0,0
10778,51,2062.29,10,UPI,Mobile,Ahmedabad,135,13,2,0,0
10779,42,11080.87,13,UPI,Mobile,Mumbai,135,23,0,0,0
10780,26,2919.86,16,UPI,Mobile,Pune,222,16,5,1,0
10781,32,6687.41,12,UPI,Mobile,Delhi,70,22,1,0,0
10782,49,2995.51,14,UPI,Mobile,Jaipur,615,16,1,0,0
10783,24,899.86,10,UPI,Desktop,Delhi,571,25,2,0,0
10784,44,4703.71,11,UPI,Mobile,Delhi,875,25,0,1,0
10785,45,2785.67,8,Net Banking,Tablet,Delhi,88,16,0,1,0
10786,40,6382.09,20,Credit Card,Mobile,Mumbai,321,18,0,0,0
10787,41,12717.58,5,UPI,Mobile,Delhi,24,20,1,0,0
10788,37,545.41,2,Net Banking,Mobile,Bengaluru,959,10,2,0,0
10789,38,456.77,5,Debit Card,Mobile,Delhi,117,22,1,0,0
10790,36,1662.6,13,UPI,Tablet,Pune,476,16,1,0,0
10791,35,1692.04,20,Net Banking,Mobile,Bengaluru,96,19,0,0,0
10792,18,1392.99,1,UPI,Mobile,Ahmedabad,107,13,1,0,0
10793,35,2175.11,0,UPI,Mobile,Delhi,340,25,0,0,0
10794,43,352.87,0,UPI,Mobile,Jaipur,919,32,1,0,0
10795,33,4537.99,8,Debit Card,Tablet,Jaipur,75,18,1,0,0
10796,29,3608.23,21,UPI,Mobile,Delhi,127,33,1,0,0
10797,40,4470.14,12,Debit Card,Desktop,Delhi,864,22,1,1,0
10798,19,2132.99,14,Debit Card,Mobile,Delhi,98,23,0,0,0
10799,18,5676.0,17,UPI,Mobile,Ahmedabad,776,23,1,0,0
10800,36,18131.48,9,Credit Card,Mobile,Pune,184,19,0,1,1
10801,25,4896.78,5,UPI,Mobile,Pune,206,17,0,0,0
10802,18,1994.75,19,UPI,Mobile,Jaipur,129,16,0,1,0
10803,30,1033.88,3,Credit Card,Mobile,Pune,293,23,1,0,0
10804,31,634.48,4,UPI,Tablet,Ahmedabad,27,29,1,0,0
10805,46,3513.86,10,UPI,Desktop,Jaipur,163,15,0,0,0
10806,35,4697.56,4,UPI,Desktop,Pune,72,20,0,1,1
10807,42,6108.98,4,Credit Card,Mobile,Delhi,501,23,0,0,0
10808,43,3837.48,13,Net Banking,Mobile,Mumbai,491,21,0,0,0
10809,37,993.81,17,UPI,Mobile,Delhi,671,20,1,0,0
10810,39,1513.55,10,UPI,Mobile,Jaipur,130,22,0,0,0
10811,30,1817.78,14,Debit Card,Mobile,Jaipur,501,16,0,0,0
10812,31,5114.08,10,UPI,Mobile,Ahmedabad,238,18,1,1,0
10813,37,1449.84,11,UPI,Mobile,Mumbai,248,14,0,0,0
10814,36,1618.97,23,UPI,Desktop,Jaipur,463,19,0,0,0
10815,70,2659.79,4,UPI,Mobile,Mumbai,664,24,1,0,0
10816,39,1259.93,0,UPI,Mobile,Delhi,163,22,1,0,0
10817,27,6477.41,10,Credit Card,Desktop,Ahmedabad,2,22,3,0,0
10818,22,6373.84,15,Debit Card,Desktop,Mumbai,120,22,0,0,0
10819,18,3943.7,16,UPI,Mobile,Bengaluru,197,21,2,0,0
10820,49,2693.1,0,UPI,Mobile,Jaipur,355,17,0,0,0
10821,23,1842.94,10,Credit Card,Mobile,Mumbai,13,18,1,0,1
10822,43,2147.32,19,Credit Card,Mobile,Delhi,24,19,1,0,0
10823,43,1591.2,2,UPI,Mobile,Pune,503,14,0,0,0
10824,25,511.32,16,UPI,Mobile,Bengaluru,233,17,3,0,0
10825,38,2167.97,4,UPI,Mobile,Mumbai,295,24,2,0,0
10826,45,11014.67,5,UPI,Mobile,Mumbai,5,24,2,0,0
10827,18,6002.71,7,UPI,Desktop,Bengaluru,39,19,1,0,0
10828,40,850.54,23,UPI,Mobile,Delhi,134,26,2,0,0
10829,47,1882.57,11,UPI,Mobile,Mumbai,180,16,2,0,0
10830,32,16061.16,5,UPI,Mobile,Mumbai,26,16,0,0,0
10831,28,30673.02,7,UPI,Mobile,Pune,407,18,1,0,0
10832,28,3751.08,16,UPI,Mobile,Delhi,691,25,1,1,0
10833,18,4106.57,14,UPI,Desktop,Ahmedabad,192,19,0,0,0
10834,25,4494.49,11,UPI,Mobile,Pune,194,21,3,0,1
10835,38,4891.81,2,Credit Card,Mobile,Bengaluru,538,24,1,0,0
10836,19,1535.36,10,UPI,Mobile,Jaipur,521,17,2,0,0
10837,33,3713.64,4,UPI,Mobile,Mumbai,901,22,2,0,0
10838,44,8716.32,15,Credit Card,Mobile,Ahmedabad,230,28,1,0,0
10839,32,5983.62,23,UPI,Mobile,Mumbai,378,19,2,0,0
10840,43,3040.99,21,UPI,Mobile,Mumbai,340,18,1,0,0
10841,20,1027.06,6,UPI,Mobile,Delhi,891,11,1,0,0
10842,30,3243.54,6,Credit Card,Mobile,Bengaluru,397,13,0,0,0
10843,49,9294.46,0,Credit Card,Desktop,Delhi,510,26,0,0,0
10844,24,2869.69,7,UPI,Mobile,Mumbai,131,33,1,0,0
10845,32,1555.21,11,UPI,Mobile,Jaipur,163,20,1,0,0
10846,75,335.91,0,UPI,Mobile,Pune,128,16,1,0,0
10847,41,3802.58,15,UPI,Mobile,Mumbai,204,15,2,1,0
10848,35,7535.66,20,UPI,Mobile,Mumbai,252,18,1,0,1
10849,18,2373.62,17,UPI,Mobile,Pune,36,17,0,0,0
10850,28,8951.69,14,Debit Card,Mobile,Delhi,1600,16,0,0,0
10851,29,1633.02,14,UPI,Mobile,Bengaluru,124,18,1,0,0
10852,20,2180.38,18,UPI,Mobile,Pune,271,18,2,0,0
10853,24,8465.2,14,UPI,Mobile,Delhi,123,21,0,0,0
10854,39,5368.35,19,UPI,Mobile,Mumbai,28,27,6,0,0
10855,24,7289.52,23,UPI,Mobile,Ahmedabad,61,27,1,0,0
10856,37,2613.26,19,UPI,Mobile,Mumbai,616,24,1,0,0
10857,18,237.52,23,Net Banking,Desktop,Delhi,88,19,1,0,0
10858,19,4552.57,3,Credit Card,Mobile,Mumbai,377,24,2,0,0
10859,51,4569.94,19,UPI,Mobile,Jaipur,406,13,3,0,1
10860,43,3666.84,8,UPI,Mobile,Bengaluru,123,26,1,0,0
10861,40,18837.32,18,UPI,Mobile,Delhi,7,12,2,0,1
10862,41,755.37,0,Debit Card,Mobile,Pune,520,13,1,0,0
10863,30,3027.14,19,UPI,Mobile,Bengaluru,704,20,0,0,0
10864,43,1942.4,20,Credit Card,Mobile,Pune,19,16,2,0,0
10865,26,5622.87,6,Debit Card,Desktop,Delhi,618,20,0,0,0
10866,42,11802.46,8,UPI,Desktop,Bengaluru,18,18,1,0,0
10867,27,2570.13,4,Net Banking,Mobile,Delhi,697,21,1,0,0
10868,41,2497.88,5,Credit Card,Mobile,Delhi,103,21,1,0,0
10869,39,2760.75,2,Debit Card,Mobile,Ahmedabad,1661,24,0,0,0
10870,38,545.17,15,Debit Card,Mobile,Mumbai,203,19,3,0,0
10871,18,4813.04,10,Debit Card,Mobile,Delhi,94,23,1,0,0
10872,25,1033.99,12,Net Banking,Mobile,Bengaluru,361,22,1,0,0
10873,44,4149.22,9,UPI,Desktop,Bengaluru,1467,18,0,0,0
10874,31,506.61,15,UPI,Mobile,Delhi,285,14,0,0,0
10875,31,1978.88,7,UPI,Mobile,Delhi,80,17,0,1,0
10876,29,3792.88,13,UPI,Mobile,Pune,901,19,0,0,0
10877,45,446.64,1,UPI,Tablet,Bengaluru,199,21,0,1,0
10878,36,4026.87,17,UPI,Mobile,Pune,18,21,1,0,0
10879,30,2646.27,14,Credit Card,Mobile,Mumbai,547,22,0,0,0
10880,26,2878.84,6,Credit Card,Mobile,Pune,913,16,1,0,0
10881,32,3525.34,22,UPI,Mobile,Delhi,5,24,2,1,0
10882,30,7857.27,9,UPI,Mobile,Mumbai,600,30,1,0,0
10883,45,3035.45,1,UPI,Mobile,Mumbai,228,21,2,0,0
10884,35,1491.08,20,UPI,Mobile,Pune,812,16,2,0,1
10885,31,364.18,9,UPI,Mobile,Delhi,147,25,1,0,0
10886,18,4010.37,2,Debit Card,Mobile,Pune,266,17,0,0,0
10887,33,5697.77,20,UPI,Mobile,Delhi,325,18,0,0,0
10888,36,9265.95,16,UPI,Mobile,Delhi,70,18,0,0,0
10889,19,774.35,12,Credit Card,Mobile,Jaipur,331,16,1,0,0
10890,46,1461.91,12,UPI,Mobile,Mumbai,169,15,1,0,0
10891,24,1563.82,10,Credit Card,Mobile,Pune,591,18,3,1,0
10892,21,3282.55,20,UPI,Mobile,Delhi,325,21,0,0,0
10893,22,12124.06,5,Debit Card,Mobile,Bengaluru,370,20,3,0,0
10894,24,2614.8,14,Credit Card,Mobile,Jaipur,73,22,1,0,0
10895,31,2474.53,12,UPI,Mobile,Ahmedabad,39,19,1,0,0
10896,28,2314.26,4,Credit Card,Desktop,Mumbai,579,18,1,0,0
10897,32,20395.73,11,UPI,Mobile,Jaipur,83,22,0,0,0
10898,28,5527.06,22,UPI,Mobile,Delhi,745,19,1,1,0
10899,27,4541.11,16,UPI,Mobile,Pune,266,19,0,0,0
10900,18,11136.92,18,Debit Card,Mobile,Ahmedabad,1766,19,1,0,0
10901,37,1999.17,5,UPI,Mobile,Mumbai,40,18,2,0,0
10902,37,9161.72,8,UPI,Desktop,Mumbai,189,17,2,0,0
10903,47,3494.69,3,UPI,Mobile,Mumbai,968,18,0,0,0
10904,23,12798.83,3,UPI,Mobile,Pune,374,25,1,0,0
10905,41,5686.07,12,UPI,Mobile,Bengaluru,359,17,2,0,0
10906,34,7279.56,16,UPI,Mobile,Mumbai,328,17,1,0,0
10907,48,4523.95,16,UPI,Mobile,Jaipur,380,16,1,0,0
10908,43,700.73,16,UPI,Mobile,Bengaluru,65,23,0,0,0
10909,47,8973.33,9,UPI,Mobile,Jaipur,259,23,3,0,0
10910,36,3104.6,9,UPI,Mobile,Ahmedabad,330,19,1,0,0
10911,34,1007.19,19,UPI,Mobile,Ahmedabad,207,10,1,0,0
10912,40,18869.55,20,UPI,Mobile,Pune,214,19,1,0,0
10913,49,3047.94,16,UPI,Mobile,Pune,395,21,0,0,0
10914,34,2783.95,13,UPI,Mobile,Bengaluru,946,21,0,0,0
10915,27,1883.78,0,Credit Card,Mobile,Delhi,114,15,1,0,0
10916,38,2522.27,18,UPI,Mobile,Pune,146,17,0,0,0
10917,37,617.75,23,UPI,Mobile,Jaipur,43,15,2,0,0
10918,22,6035.0,19,UPI,Mobile,Pune,19,14,0,1,1
10919,23,1565.56,1,Debit Card,Mobile,Bengaluru,54,19,1,0,0
10920,29,3917.27,21,UPI,Mobile,Mumbai,18,23,0,0,0
10921,29,2107.63,19,UPI,Mobile,Bengaluru,1121,16,1,0,0
10922,39,6444.89,7,Debit Card,Mobile,Mumbai,10,10,0,0,0
10923,40,3925.11,0,UPI,Mobile,Delhi,714,19,1,0,0
10924,25,3327.87,22,UPI,Mobile,Pune,231,17,1,0,0
10925,22,8904.4,8,UPI,Mobile,Bengaluru,258,22,1,0,0
10926,20,2209.65,22,UPI,Mobile,Delhi,641,27,0,0,0
10927,24,6301.98,12,Credit Card,Desktop,Mumbai,543,16,1,0,0
10928,35,1123.85,20,UPI,Mobile,Ahmedabad,190,16,1,0,0
10929,42,1541.73,22,UPI,Mobile,Delhi,559,14,0,1,1
10930,36,3628.04,9,Net Banking,Mobile,Bengaluru,37,31,0,0,0
10931,37,7583.86,14,UPI,Mobile,Delhi,93,23,1,0,0
10932,19,4532.51,21,UPI,Mobile,Mumbai,404,17,0,0,0
10933,43,922.04,10,UPI,Mobile,Bengaluru,198,24,1,0,0
10934,37,3850.83,12,Credit Card,Mobile,Pune,88,22,1,0,0
10935,37,1830.56,23,UPI,Mobile,Mumbai,476,19,2,0,0
10936,33,6206.79,5,Net Banking,Mobile,Pune,522,20,2,0,0
10937,37,10585.09,13,UPI,Mobile,Ahmedabad,143,20,1,0,0
10938,34,3564.91,19,UPI,Mobile,Mumbai,369,23,1,0,0
10939,32,1702.63,13,UPI,Tablet,Delhi,165,25,2,1,0
10940,48,2604.02,18,UPI,Mobile,Mumbai,110,20,1,0,0
10941,28,4940.39,11,Credit Card,Mobile,Delhi,358,23,0,0,0
10942,36,1494.26,11,UPI,Tablet,Mumbai,87,20,2,0,0
10943,25,4057.33,16,UPI,Mobile,Bengaluru,250,12,0,1,0
10944,39,3009.14,8,UPI,Desktop,Mumbai,231,17,1,0,0
10945,28,1550.84,3,UPI,Mobile,Ahmedabad,87,21,1,0,0
10946,37,11069.5,16,Credit Card,Mobile,Bengaluru,608,25,1,1,0
10947,35,4051.49,21,Debit Card,Tablet,Pune,68,15,0,0,0
10948,24,9726.17,17,UPI,Mobile,Ahmedabad,84,20,2,0,0
10949,61,2071.02,16,UPI,Mobile,Delhi,248,17,0,0,0
10950,29,8723.87,11,Debit Card,Mobile,Bengaluru,197,19,0,0,0
10951,40,2882.82,14,UPI,Mobile,Bengaluru,250,22,0,0,0
10952,40,1137.53,10,UPI,Desktop,Delhi,316,22,0,0,0
10953,20,1500.86,6,Credit Card,Mobile,Jaipur,26,15,1,0,0
10954,37,19240.15,17,UPI,Mobile,Jaipur,85,13,0,0,0
10955,27,771.48,9,Net Banking,Desktop,Delhi,336,20,2,0,0
10956,25,4407.2,13,UPI,Mobile,Bengaluru,178,18,1,0,0
10957,28,10090.81,20,UPI,Tablet,Bengaluru,699,22,1,0,0
10958,74,6086.27,17,Debit Card,Mobile,Mumbai,354,22,1,0,0
10959,39,4649.05,19,UPI,Desktop,Jaipur,55,29,0,0,0
10960,26,1390.95,3,Credit Card,Mobile,Jaipur,191,24,1,0,0
10961,33,1241.16,1,Credit Card,Tablet,Ahmedabad,53,23,0,1,0
10962,43,1889.6,20,Credit Card,Mobile,Bengaluru,132,24,1,1,0
10963,48,5588.64,9,UPI,Mobile,Mumbai,23,14,0,0,0
10964,38,2641.92,23,UPI,Mobile,Bengaluru,298,22,0,0,0
10965,28,4018.13,8,Credit Card,Mobile,Pune,553,18,0,0,0
10966,40,3255.71,23,Credit Card,Mobile,Mumbai,88,18,1,0,0
10967,23,643.45,1,UPI,Mobile,Delhi,2321,19,0,0,0
10968,22,2924.6,17,UPI,Desktop,Pune,151,23,0,1,0
10969,51,1357.57,1,UPI,Mobile,Bengaluru,29,16,0,0,1
10970,22,3449.79,8,UPI,Mobile,Bengaluru,89,18,0,0,0
10971,37,597.1,2,UPI,Mobile,Bengaluru,313,25,1,0,0
10972,56,3131.57,20,UPI,Mobile,Delhi,1854,23,0,0,0
10973,44,3458.1,23,UPI,Mobile,Delhi,362,17,0,0,0
10974,18,2058.87,11,Credit Card,Desktop,Pune,613,20,2,0,0
10975,43,1976.63,14,UPI,Mobile,Bengaluru,208,22,1,0,0
10976,21,1255.55,6,Net Banking,Desktop,Bengaluru,716,21,0,0,0
10977,25,2624.6,10,UPI,Mobile,Bengaluru,151,25,1,0,0
10978,44,1230.75,5,UPI,Mobile,Ahmedabad,277,19,2,0,0
10979,46,2600.3,19,Net Banking,Mobile,Bengaluru,161,30,0,0,0
10980,44,4422.83,6,UPI,Desktop,Mumbai,220,16,0,0,0
10981,61,2121.06,18,UPI,Mobile,Pune,360,21,2,0,0
10982,49,9140.29,6,UPI,Mobile,Mumbai,467,18,1,0,0
10983,43,899.5,14,UPI,Mobile,Pune,23,20,1,0,0
10984,34,1328.65,14,UPI,Mobile,Jaipur,42,19,0,0,0
10985,42,10282.08,20,UPI,Mobile,Mumbai,317,20,1,0,0
10986,57,10834.9,19,UPI,Desktop,Ahmedabad,189,17,1,0,0
10987,39,1333.13,14,Net Banking,Mobile,Jaipur,155,18,0,0,0
10988,32,6578.76,6,UPI,Mobile,Jaipur,159,20,1,0,0
10989,21,4713.58,5,UPI,Mobile,Mumbai,164,17,0,0,0
10990,31,2248.76,3,Net Banking,Mobile,Delhi,13,21,1,1,1
10991,48,1742.54,21,UPI,Mobile,Pune,53,29,1,0,0
10992,48,13681.67,9,UPI,Mobile,Delhi,504,33,3,0,0
10993,44,1774.41,4,Debit Card,Mobile,Jaipur,231,24,1,1,0
10994,26,786.66,4,UPI,Mobile,Pune,658,15,2,0,0
10995,38,2843.43,19,Net Banking,Mobile,Jaipur,212,13,0,0,0
10996,28,3594.78,21,Credit Card,Mobile,Ahmedabad,104,17,3,0,0
10997,18,1005.11,8,UPI,Mobile,Bengaluru,63,29,2,0,0
10998,39,3063.54,17,UPI,Desktop,Bengaluru,234,16,0,0,0
10999,18,3971.64,21,UPI,Mobile,Mumbai,392,13,1,1,0
11000,31,6388.18,13,UPI,Mobile,Bengaluru,1063,24,1,0,0
11001,38,3555.86,23,UPI,Mobile,Delhi,38,24,0,0,0
11002,31,7696.81,18,UPI,Mobile,Bengaluru,141,22,0,0,0
11003,35,3320.44,5,UPI,Mobile,Delhi,465,22,0,0,0
11004,46,14773.89,18,UPI,Mobile,Mumbai,91,17,0,0,0
11005,28,3244.83,8,UPI,Mobile,Delhi,26,28,0,0,0
11006,25,2396.36,1,UPI,Desktop,Pune,872,17,0,0,1
11007,58,4184.35,1,Credit Card,Mobile,Ahmedabad,352,18,0,0,0
11008,21,11275.89,12,UPI,Mobile,Jaipur,905,20,0,0,0
11009,49,3527.21,12,UPI,Tablet,Delhi,483,24,1,0,0
11010,18,6010.56,5,Debit Card,Mobile,Ahmedabad,167,26,2,1,0
11011,47,1881.5,4,UPI,Mobile,Mumbai,709,20,1,0,1
11012,30,7859.98,22,UPI,Mobile,Mumbai,221,16,0,0,0
11013,36,14961.71,10,Debit Card,Mobile,Mumbai,302,12,1,1,0
11014,28,2309.51,13,Credit Card,Tablet,Delhi,959,20,0,0,0
11015,26,949.44,10,UPI,Mobile,Jaipur,613,23,0,0,0
11016,35,4184.03,11,UPI,Mobile,Delhi,25,17,1,0,0
11017,37,2095.42,15,UPI,Desktop,Delhi,55,28,1,0,0
11018,23,3401.31,2,UPI,Mobile,Mumbai,224,19,0,0,0
11019,40,21836.54,18,UPI,Mobile,Delhi,385,22,1,0,0
11020,36,1932.16,23,UPI,Tablet,Bengaluru,430,23,1,0,0
11021,45,4542.61,16,Credit Card,Mobile,Bengaluru,166,20,1,0,0
11022,23,3555.95,12,UPI,Mobile,Pune,157,10,2,1,0
11023,20,4914.07,9,UPI,Mobile,Delhi,375,27,1,0,0
11024,46,1982.11,12,UPI,Tablet,Bengaluru,387,26,0,0,0
11025,18,3732.82,16,Credit Card,Mobile,Delhi,208,20,1,0,0
11026,48,2207.75,23,UPI,Desktop,Delhi,122,19,1,0,0
11027,37,6825.46,16,UPI,Mobile,Bengaluru,272,17,1,0,0
11028,31,7287.66,2,Credit Card,Mobile,Bengaluru,832,20,1,0,0
11029,39,2398.41,10,Debit Card,Mobile,Bengaluru,497,24,1,0,0
11030,46,3861.41,17,UPI,Mobile,Delhi,73,12,2,0,0
11031,36,4331.21,22,Credit Card,Mobile,Bengaluru,74,23,1,0,0
11032,47,2817.45,23,Debit Card,Mobile,Mumbai,227,16,2,0,0
11033,45,2789.23,18,UPI,Mobile,Mumbai,973,17,0,0,0
11034,43,10288.21,17,UPI,Mobile,Pune,439,15,1,0,0
11035,21,4055.43,23,UPI,Desktop,Bengaluru,219,18,2,0,0
11036,18,2729.86,11,UPI,Mobile,Mumbai,341,21,1,0,0
11037,18,1562.54,8,UPI,Desktop,Delhi,428,17,0,0,0
11038,21,1738.89,4,UPI,Mobile,Pune,22,15,0,0,0
11039,45,784.53,10,Credit Card,Desktop,Jaipur,47,20,0,0,0
11040,47,3081.08,16,UPI,Mobile,Pune,91,21,2,0,0
11041,32,2032.71,9,UPI,Mobile,Delhi,262,20,0,0,0
11042,37,7442.89,15,Credit Card,Mobile,Mumbai,803,27,1,0,0
11043,18,2494.42,1,Debit Card,Mobile,Delhi,458,14,1,0,0
11044,35,942.37,2,Net Banking,Mobile,Ahmedabad,172,29,0,0,1
11045,23,2740.58,22,UPI,Mobile,Delhi,314,17,1,1,0
11046,34,6629.44,1,Credit Card,Mobile,Bengaluru,11,22,0,1,0
11047,40,3683.82,5,UPI,Mobile,Pune,371,21,0,1,0
11048,18,5826.01,19,UPI,Tablet,Ahmedabad,299,15,0,0,0
11049,34,4542.92,19,Credit Card,Desktop,Ahmedabad,111,15,1,0,0
11050,47,2909.08,1,UPI,Mobile,Delhi,293,20,0,0,0
11051,30,1285.73,13,UPI,Mobile,Delhi,23,19,2,0,0
11052,19,4107.07,18,UPI,Mobile,Pune,179,23,1,0,0
11053,43,7791.05,10,UPI,Mobile,Jaipur,78,18,1,0,0
11054,40,3670.01,18,Credit Card,Mobile,Pune,273,23,0,0,0
11055,29,1212.56,1,UPI,Desktop,Bengaluru,288,21,1,0,0
11056,24,6981.06,0,UPI,Mobile,Delhi,627,21,0,0,0
11057,34,3247.46,11,UPI,Mobile,Bengaluru,195,19,1,0,0
11058,59,3483.6,7,UPI,Mobile,Bengaluru,134,21,0,0,0
11059,29,1912.57,11,UPI,Desktop,Pune,164,23,1,0,0
11060,27,2931.06,17,Credit Card,Mobile,Delhi,24,27,1,0,0
11061,36,1954.29,12,Debit Card,Desktop,Delhi,11,25,3,0,1
11062,30,1905.83,15,UPI,Mobile,Pune,49,15,1,0,0
11063,39,5016.24,18,Net Banking,Desktop,Jaipur,211,17,0,0,0
11064,18,523.02,6,UPI,Mobile,Bengaluru,592,20,2,0,0
11065,47,12839.87,18,UPI,Mobile,Pune,147,22,1,0,0
11066,37,796.88,2,Debit Card,Mobile,Mumbai,318,19,0,0,0
11067,51,8452.93,4,UPI,Mobile,Delhi,84,19,2,0,0
11068,38,2790.56,17,Credit Card,Desktop,Bengaluru,195,12,2,0,0
11069,38,1201.43,2,UPI,Mobile,Mumbai,330,35,0,0,0
11070,27,4045.43,11,Credit Card,Mobile,Ahmedabad,87,27,0,0,0
11071,22,5811.39,15,UPI,Mobile,Jaipur,155,14,0,0,0
11072,37,1109.06,14,Debit Card,Mobile,Delhi,582,16,1,0,0
11073,33,2925.02,2,Debit Card,Mobile,Mumbai,227,20,0,0,0
11074,28,6094.31,4,UPI,Mobile,Mumbai,128,9,1,0,0
11075,41,16463.66,1,UPI,Mobile,Ahmedabad,428,14,0,0,0
11076,19,818.97,14,UPI,Mobile,Bengaluru,582,13,1,0,0
11077,25,3545.39,7,UPI,Mobile,Jaipur,31,24,0,0,1
11078,27,20449.44,0,Credit Card,Mobile,Ahmedabad,539,21,2,0,0
11079,19,1697.54,23,UPI,Mobile,Mumbai,261,23,3,0,0
11080,25,1246.9,1,Credit Card,Mobile,Delhi,70,19,1,0,0
11081,18,3215.65,7,UPI,Mobile,Jaipur,989,17,2,0,0
11082,34,2769.44,15,Net Banking,Mobile,Bengaluru,76,18,1,0,0
11083,54,1377.12,21,UPI,Mobile,Ahmedabad,91,20,1,0,0
11084,37,4268.55,15,UPI,Mobile,Ahmedabad,329,15,2,0,0
11085,33,10374.29,3,UPI,Mobile,Pune,111,19,1,0,0
11086,30,5516.83,13,Credit Card,Mobile,Mumbai,6,28,2,0,0
11087,46,2881.95,15,UPI,Desktop,Jaipur,322,22,2,0,0
11088,33,2413.2,19,Debit Card,Mobile,Delhi,178,19,0,1,0
11089,41,4856.24,4,Credit Card,Mobile,Jaipur,936,17,2,0,0
11090,26,1103.25,15,UPI,Desktop,Jaipur,178,22,0,0,0
11091,58,3654.54,12,Credit Card,Desktop,Jaipur,91,13,2,0,0
11092,34,982.69,17,Debit Card,Mobile,Delhi,441,15,0,0,0
11093,22,2970.41,20,UPI,Mobile,Delhi,298,19,2,0,0
11094,45,3425.41,1,UPI,Mobile,Ahmedabad,726,16,1,0,0
11095,47,734.45,1,UPI,Mobile,Ahmedabad,211,23,1,1,0
11096,43,7782.89,2,UPI,Desktop,Pune,353,25,0,0,0
11097,26,6784.3,17,UPI,Mobile,Jaipur,327,17,0,0,0
11098,22,2635.57,19,UPI,Mobile,Pune,556,19,0,0,0
11099,35,9094.6,7,UPI,Mobile,Bengaluru,344,26,0,0,0
11100,19,5127.19,12,Debit Card,Tablet,Mumbai,28,12,0,1,0
11101,36,1327.56,10,UPI,Mobile,Ahmedabad,169,12,0,1,0
11102,27,18394.08,22,UPI,Mobile,Mumbai,621,21,1,0,0
11103,44,2356.54,16,UPI,Mobile,Jaipur,4,21,1,1,0
11104,27,2275.55,21,UPI,Mobile,Ahmedabad,159,17,0,0,0
11105,49,3117.92,13,UPI,Mobile,Bengaluru,412,21,0,0,0
11106,32,1618.71,4,Credit Card,Mobile,Mumbai,25,20,2,0,0
11107,18,1638.93,15,UPI,Tablet,Delhi,226,17,1,0,0
11108,25,4075.27,0,Debit Card,Tablet,Mumbai,258,25,0,0,0
11109,24,2782.02,17,Credit Card,Tablet,Delhi,305,17,0,0,0
11110,35,18198.34,0,UPI,Mobile,Ahmedabad,62,22,1,0,0
11111,26,3408.62,4,Credit Card,Mobile,Delhi,238,20,1,0,0
11112,54,2798.29,9,Debit Card,Mobile,Bengaluru,161,21,0,0,0
11113,47,14093.33,21,UPI,Mobile,Delhi,232,21,0,0,0
11114,20,1645.8,22,UPI,Mobile,Delhi,497,27,2,1,0
11115,24,6202.27,8,UPI,Mobile,Delhi,569,27,1,0,0
11116,42,8535.3,21,UPI,Mobile,Mumbai,71,19,1,0,0
11117,18,1595.66,12,Net Banking,Desktop,Delhi,1471,22,0,0,0
11118,50,3385.41,1,UPI,Mobile,Jaipur,356,15,2,0,0
11119,32,1504.28,20,UPI,Tablet,Ahmedabad,646,21,0,0,0
11120,42,5739.96,17,UPI,Mobile,Bengaluru,714,21,2,0,0
11121,42,6591.91,21,UPI,Mobile,Bengaluru,1239,14,1,0,0
11122,45,1978.52,8,Debit Card,Desktop,Mumbai,274,25,1,0,0
11123,27,1240.76,20,UPI,Mobile,Pune,233,17,1,0,0
11124,42,1220.01,0,Credit Card,Desktop,Bengaluru,218,18,0,1,0
11125,39,2384.7,14,Credit Card,Mobile,Mumbai,164,21,1,1,0
11126,23,23976.18,1,UPI,Mobile,Mumbai,10,27,1,0,1
11127,40,2248.49,9,UPI,Mobile,Bengaluru,103,18,1,0,0
11128,18,2228.37,21,UPI,Mobile,Delhi,370,14,1,1,0
11129,58,2549.02,10,Net Banking,Mobile,Mumbai,123,19,1,0,0
11130,37,2830.05,21,UPI,Desktop,Pune,652,16,0,0,0
11131,38,1355.1,15,UPI,Mobile,Bengaluru,793,17,2,0,0
11132,36,2491.66,3,UPI,Mobile,Ahmedabad,248,22,1,0,0
11133,42,12272.41,19,Credit Card,Mobile,Delhi,223,20,1,0,0
11134,54,3112.67,10,Credit Card,Mobile,Pune,18,14,1,0,0
11135,45,2166.95,6,UPI,Desktop,Pune,62,18,1,0,0
11136,47,1258.07,10,Credit Card,Mobile,Mumbai,47,17,1,0,0
11137,30,1021.2,3,UPI,Mobile,Bengaluru,92,22,0,0,0
11138,57,2216.23,16,UPI,Mobile,Delhi,278,26,1,0,0
11139,38,6832.76,16,Credit Card,Mobile,Pune,615,25,0,0,0
11140,27,4653.17,7,UPI,Mobile,Jaipur,371,19,1,0,0
11141,31,2649.7,11,UPI,Mobile,Bengaluru,286,26,0,0,0
11142,18,2767.83,2,UPI,Mobile,Jaipur,322,17,1,0,0
11143,44,13346.45,23,UPI,Mobile,Jaipur,190,26,0,0,0
11144,46,1293.5,12,UPI,Mobile,Ahmedabad,38,14,0,0,0
11145,18,715.81,16,UPI,Mobile,Delhi,114,19,0,0,0
11146,51,1031.06,14,UPI,Mobile,Mumbai,187,22,2,0,0
11147,35,910.6,14,UPI,Desktop,Mumbai,317,19,0,0,0
11148,42,5182.84,20,UPI,Mobile,Mumbai,224,21,1,0,0
11149,40,13198.68,15,UPI,Tablet,Pune,77,19,1,0,0
11150,38,3162.82,18,UPI,Desktop,Jaipur,838,22,1,0,0
11151,35,4130.88,18,UPI,Tablet,Bengaluru,57,15,0,0,0
11152,18,5515.63,2,UPI,Mobile,Ahmedabad,101,22,1,0,0
11153,28,1190.31,19,UPI,Tablet,Jaipur,457,20,2,0,0
11154,49,1924.02,0,Credit Card,Mobile,Delhi,164,20,1,0,0
11155,18,9088.44,12,Net Banking,Mobile,Delhi,115,18,0,0,0
11156,41,6942.39,4,Debit Card,Mobile,Mumbai,43,18,0,0,0
11157,44,2973.53,23,UPI,Tablet,Delhi,207,16,1,0,0
11158,19,1116.94,2,UPI,Mobile,Pune,109,15,3,0,1
11159,50,3817.07,20,UPI,Tablet,Pune,336,12,2,0,0
11160,45,880.65,16,UPI,Mobile,Ahmedabad,227,23,1,0,0
11161,50,9935.24,23,UPI,Mobile,Delhi,138,30,0,0,0
11162,42,2532.1,20,UPI,Desktop,Bengaluru,1,21,0,1,0
11163,36,1047.66,6,Debit Card,Mobile,Delhi,42,17,1,0,0
11164,29,4078.13,7,UPI,Mobile,Pune,199,20,1,0,0
11165,57,5112.9,15,UPI,Mobile,Delhi,794,16,1,0,0
11166,43,5762.06,23,UPI,Mobile,Delhi,256,11,0,0,0
11167,42,2648.49,21,UPI,Desktop,Bengaluru,277,10,0,1,0
11168,38,1210.27,23,UPI,Mobile,Ahmedabad,63,19,0,0,0
11169,28,1171.75,1,UPI,Mobile,Pune,258,27,0,0,0
11170,22,4201.66,15,Debit Card,Mobile,Jaipur,1084,29,2,1,0
11171,18,3515.04,17,UPI,Mobile,Pune,69,23,0,0,0
11172,26,1450.49,13,UPI,Tablet,Delhi,223,18,1,0,0
11173,34,2636.53,19,UPI,Mobile,Mumbai,146,15,0,0,0
11174,44,4404.71,16,Debit Card,Mobile,Delhi,1075,26,1,0,0
11175,30,1122.77,12,UPI,Mobile,Jaipur,145,24,1,0,0
11176,30,527.5,9,UPI,Desktop,Mumbai,257,18,2,0,0
11177,21,4229.45,15,UPI,Mobile,Ahmedabad,100,17,2,0,0
11178,41,3906.88,19,UPI,Mobile,Pune,105,16,0,0,0
11179,38,858.72,17,Debit Card,Mobile,Jaipur,53,17,0,0,0
11180,21,563.28,2,Credit Card,Mobile,Jaipur,174,28,3,0,0
11181,35,25003.34,9,UPI,Mobile,Mumbai,70,16,1,1,0
11182,39,2058.34,15,Credit Card,Desktop,Bengaluru,180,26,0,0,0
11183,34,907.48,15,Credit Card,Desktop,Ahmedabad,58,21,0,0,0
11184,31,276.32,15,UPI,Mobile,Delhi,345,21,2,0,0
11185,25,4444.36,1,Credit Card,Mobile,Mumbai,13,25,1,1,0
11186,37,34169.64,4,UPI,Mobile,Bengaluru,70,28,1,1,0
11187,25,6608.96,18,UPI,Mobile,Bengaluru,556,28,1,0,0
11188,40,9902.93,0,Credit Card,Mobile,Jaipur,526,20,0,0,1
11189,34,777.41,1,Credit Card,Mobile,Bengaluru,694,21,1,0,0
11190,27,7424.52,12,UPI,Mobile,Mumbai,121,15,0,0,0
11191,18,3165.86,4,UPI,Mobile,Mumbai,75,25,0,1,0
11192,63,1886.69,7,UPI,Mobile,Bengaluru,191,22,1,0,0
11193,30,3436.92,18,UPI,Mobile,Ahmedabad,99,17,2,0,0
11194,21,2190.83,7,UPI,Mobile,Jaipur,10,23,0,0,0
11195,23,3314.06,15,UPI,Mobile,Mumbai,81,18,2,0,0
11196,26,1825.44,0,UPI,Mobile,Mumbai,383,14,1,0,0
11197,39,2727.72,8,UPI,Mobile,Mumbai,57,23,0,0,0
11198,44,23208.38,12,Credit Card,Mobile,Mumbai,89,14,1,0,0
11199,34,2067.03,6,UPI,Mobile,Pune,282,17,2,0,0
11200,44,9883.37,12,UPI,Mobile,Jaipur,330,14,2,0,0
11201,44,5572.16,11,UPI,Mobile,Pune,872,14,0,0,0
11202,35,3920.36,0,Debit Card,Mobile,Bengaluru,21,18,1,0,0
11203,29,11647.17,8,UPI,Mobile,Bengaluru,34,25,0,1,0
11204,27,8805.02,5,Credit Card,Mobile,Ahmedabad,647,14,2,0,0
11205,29,725.59,0,Credit Card,Mobile,Jaipur,279,21,0,0,0
11206,37,10778.91,22,UPI,Mobile,Ahmedabad,381,18,2,0,0
11207,45,756.98,7,UPI,Mobile,Pune,166,25,1,0,0
11208,51,6314.95,20,UPI,Tablet,Mumbai,50,32,0,0,0
11209,18,6355.14,12,UPI,Desktop,Jaipur,41,26,0,0,0
11210,36,3867.75,3,Credit Card,Mobile,Pune,274,18,1,0,0
11211,25,1828.91,22,UPI,Mobile,Bengaluru,287,14,0,0,0
11212,43,3900.42,9,Net Banking,Desktop,Bengaluru,113,18,1,0,0
11213,22,1296.24,17,UPI,Mobile,Bengaluru,141,18,1,0,0
11214,45,2383.43,14,UPI,Mobile,Bengaluru,919,20,3,0,0
11215,49,8057.38,23,Debit Card,Mobile,Delhi,1859,20,2,0,0
11216,18,13705.22,9,UPI,Mobile,Delhi,137,16,0,0,0
11217,50,3999.84,6,Net Banking,Mobile,Mumbai,123,31,3,0,0
11218,32,1028.93,23,UPI,Desktop,Bengaluru,14,31,0,1,1
11219,27,7266.14,0,UPI,Mobile,Delhi,253,22,1,0,0
11220,31,28716.63,6,UPI,Tablet,Delhi,116,24,1,0,0
11221,33,4948.0,22,UPI,Tablet,Delhi,404,19,0,0,0
11222,37,1841.22,18,UPI,Mobile,Mumbai,454,24,0,0,0
11223,42,5519.09,8,UPI,Mobile,Delhi,142,27,1,0,0
11224,35,1398.42,4,Debit Card,Mobile,Mumbai,607,28,1,0,0
11225,31,7991.97,12,Net Banking,Mobile,Delhi,67,14,1,0,0
11226,26,4596.35,19,UPI,Mobile,Jaipur,220,23,2,1,0
11227,43,2611.5,8,UPI,Mobile,Bengaluru,355,30,1,0,0
11228,28,3161.23,21,UPI,Mobile,Delhi,197,19,2,0,0
11229,29,9952.92,19,UPI,Mobile,Jaipur,161,17,0,0,0
11230,31,1241.54,9,UPI,Mobile,Pune,652,26,1,0,0
11231,18,2665.68,17,UPI,Mobile,Mumbai,582,19,1,0,0
11232,56,15231.22,11,UPI,Mobile,Mumbai,285,19,0,0,1
11233,31,8439.69,18,Credit Card,Mobile,Delhi,145,27,0,0,0
11234,32,13026.67,15,UPI,Mobile,Jaipur,859,23,0,0,0
11235,25,939.48,6,UPI,Desktop,Ahmedabad,71,18,0,1,0
11236,29,2312.17,17,Credit Card,Mobile,Jaipur,248,21,1,0,0
11237,36,1817.82,9,UPI,Desktop,Mumbai,202,15,0,0,0
11238,18,25789.76,5,UPI,Mobile,Bengaluru,39,18,2,0,0
11239,29,4245.09,10,Credit Card,Mobile,Mumbai,84,18,1,0,0
11240,23,881.27,23,UPI,Mobile,Jaipur,327,18,1,0,0
11241,44,5999.33,18,UPI,Tablet,Mumbai,176,18,1,1,0
11242,48,2833.01,20,UPI,Mobile,Delhi,677,12,1,0,0
11243,37,760.3,2,Net Banking,Mobile,Delhi,201,25,1,0,0
11244,30,13823.19,11,UPI,Desktop,Delhi,282,20,3,0,0
11245,30,7423.17,15,UPI,Mobile,Delhi,203,27,1,0,0
11246,59,14158.08,21,UPI,Mobile,Jaipur,595,24,0,0,0
11247,47,1862.54,3,UPI,Mobile,Jaipur,1223,15,0,0,0
11248,47,5651.7,0,Debit Card,Mobile,Jaipur,200,14,2,0,0
11249,26,2318.34,14,Credit Card,Mobile,Jaipur,134,27,1,0,0
11250,33,1150.68,17,UPI,Mobile,Mumbai,70,15,0,0,0
11251,33,2766.91,17,Debit Card,Mobile,Pune,134,15,1,0,0
11252,18,1187.8,6,UPI,Mobile,Delhi,120,20,1,1,0
11253,36,2659.35,8,UPI,Desktop,Delhi,46,18,1,0,0
11254,53,4867.94,8,UPI,Mobile,Bengaluru,53,19,1,1,0
11255,41,7341.37,11,UPI,Mobile,Pune,71,20,2,0,0
11256,32,3872.05,9,UPI,Desktop,Bengaluru,361,17,3,0,0
11257,43,5418.96,7,Debit Card,Mobile,Delhi,618,22,2,0,0
11258,54,868.32,11,UPI,Desktop,Delhi,44,17,2,0,0
11259,25,5279.4,22,UPI,Mobile,Bengaluru,218,20,1,1,0
11260,33,2585.66,18,UPI,Desktop,Bengaluru,242,17,0,0,0
11261,18,1892.99,5,UPI,Mobile,Mumbai,106,21,2,0,0
11262,26,6192.56,21,UPI,Mobile,Ahmedabad,269,24,1,0,0
11263,47,2052.4,1,UPI,Mobile,Delhi,209,26,1,0,0
11264,46,8406.69,6,UPI,Mobile,Delhi,63,10,1,0,0
11265,50,1030.65,18,UPI,Desktop,Ahmedabad,593,26,1,0,0
11266,48,4929.99,10,UPI,Desktop,Delhi,242,19,2,1,0
11267,45,1604.1,3,UPI,Mobile,Delhi,345,24,1,0,0
11268,27,4945.22,18,Debit Card,Mobile,Delhi,137,18,3,0,1
11269,18,3367.6,9,Debit Card,Mobile,Delhi,133,24,3,0,0
11270,38,3961.61,20,UPI,Mobile,Delhi,7,20,0,0,0
11271,31,1161.83,2,Credit Card,Mobile,Mumbai,316,14,0,0,0
11272,52,2095.94,7,UPI,Mobile,Ahmedabad,543,15,0,0,0
11273,18,2970.97,20,UPI,Mobile,Ahmedabad,125,19,3,0,0
11274,36,2973.6,8,UPI,Mobile,Delhi,113,26,2,0,0
11275,32,11414.76,3,UPI,Mobile,Mumbai,624,16,0,0,0
11276,28,13739.32,13,Credit Card,Mobile,Delhi,1092,13,2,0,0
11277,18,3220.45,6,UPI,Mobile,Bengaluru,25,23,2,1,0
11278,44,2495.27,16,UPI,Mobile,Pune,262,19,0,0,0
11279,28,3597.15,19,UPI,Mobile,Delhi,611,25,0,0,0
11280,32,6934.43,11,UPI,Mobile,Delhi,38,17,2,0,0
11281,18,3844.51,1,UPI,Mobile,Mumbai,44,7,1,0,0
11282,46,3043.45,11,UPI,Mobile,Pune,333,16,0,0,0
11283,36,11023.45,16,UPI,Mobile,Pune,747,16,0,0,0
11284,38,1303.63,16,Credit Card,Mobile,Mumbai,132,19,0,0,0
11285,26,2155.5,15,Debit Card,Mobile,Mumbai,5,22,1,0,0
11286,34,3098.87,22,Debit Card,Mobile,Jaipur,276,15,2,0,0
11287,32,4624.34,15,UPI,Mobile,Pune,303,20,2,0,0
11288,57,439.98,4,UPI,Mobile,Delhi,14,25,1,0,0
11289,52,7358.8,19,UPI,Mobile,Delhi,254,15,1,1,0
11290,49,1175.24,23,UPI,Mobile,Jaipur,62,21,0,0,0
11291,32,2432.47,6,UPI,Mobile,Jaipur,365,18,1,1,0
11292,33,3895.67,20,UPI,Mobile,Mumbai,287,24,1,0,0
11293,28,2777.95,23,Credit Card,Mobile,Mumbai,482,25,1,0,0
11294,32,7005.63,20,UPI,Mobile,Pune,192,16,0,0,0
11295,40,2069.95,22,Credit Card,Mobile,Bengaluru,696,18,0,0,0
11296,30,8397.78,11,UPI,Mobile,Delhi,742,21,3,1,0
11297,33,929.41,17,UPI,Mobile,Jaipur,276,18,0,0,0
11298,51,8001.16,5,UPI,Mobile,Mumbai,213,19,2,0,0
11299,27,18194.73,17,UPI,Mobile,Mumbai,250,28,0,0,0
11300,25,919.3,14,UPI,Desktop,Delhi,157,21,0,0,0
11301,18,4609.9,2,Credit Card,Mobile,Mumbai,364,22,1,0,1
11302,43,4644.31,21,UPI,Mobile,Mumbai,12,21,2,0,0
11303,51,550.18,20,UPI,Mobile,Pune,101,20,1,0,0
11304,51,2850.33,2,UPI,Mobile,Pune,209,25,2,0,0
11305,36,2017.88,21,UPI,Mobile,Bengaluru,77,18,1,0,0
11306,27,1971.76,22,UPI,Mobile,Jaipur,483,24,1,0,0
11307,55,5289.41,0,Net Banking,Mobile,Jaipur,174,23,1,0,0
11308,32,1104.05,14,UPI,Mobile,Bengaluru,663,16,1,0,0
11309,36,1171.97,16,Debit Card,Mobile,Bengaluru,249,20,0,0,0
11310,20,1451.81,23,UPI,Mobile,Bengaluru,345,18,1,0,0
11311,26,2436.69,20,Credit Card,Tablet,Delhi,407,13,1,1,0
11312,35,14259.08,8,UPI,Mobile,Pune,193,23,1,0,0
11313,25,8955.77,0,UPI,Mobile,Jaipur,431,27,1,0,0
11314,18,3902.63,20,UPI,Mobile,Mumbai,80,23,1,0,0
11315,20,1913.77,6,UPI,Mobile,Bengaluru,262,22,2,0,0
11316,23,1438.23,8,UPI,Mobile,Delhi,124,21,3,0,1
11317,34,8906.2,17,Net Banking,Mobile,Bengaluru,89,20,0,0,0
11318,42,8234.83,6,Credit Card,Mobile,Bengaluru,226,15,1,0,0
11319,36,6638.61,19,UPI,Desktop,Delhi,109,23,1,0,0
11320,40,4685.27,9,Debit Card,Mobile,Mumbai,107,19,1,0,0
11321,38,3153.3,18,Credit Card,Mobile,Delhi,1555,19,2,0,0
11322,31,2002.87,7,UPI,Mobile,Bengaluru,529,13,1,0,0
11323,28,5082.42,13,Debit Card,Mobile,Delhi,99,22,1,0,0
11324,37,10892.72,16,UPI,Mobile,Jaipur,19,17,0,0,1
11325,33,14664.06,10,Credit Card,Mobile,Bengaluru,49,26,0,0,1
11326,26,1159.5,15,Debit Card,Mobile,Ahmedabad,135,21,1,0,0
11327,42,651.85,23,UPI,Mobile,Ahmedabad,575,11,0,0,0
11328,55,380.86,12,UPI,Mobile,Pune,36,18,1,0,0
11329,24,3771.45,8,Debit Card,Mobile,Bengaluru,44,16,0,0,0
11330,39,8773.24,4,UPI,Mobile,Bengaluru,419,17,0,1,0
11331,33,7486.57,9,UPI,Mobile,Pune,36,14,0,0,0
11332,25,3606.82,17,Net Banking,Mobile,Jaipur,705,21,1,0,0
11333,20,1995.08,21,UPI,Mobile,Bengaluru,107,19,1,0,0
11334,45,1046.37,3,UPI,Mobile,Bengaluru,101,23,0,0,0
11335,34,2331.41,7,UPI,Mobile,Pune,151,21,2,1,0
11336,18,5253.77,17,UPI,Mobile,Delhi,420,23,1,1,0
11337,68,3861.41,20,Credit Card,Mobile,Ahmedabad,146,22,2,0,0
11338,20,6073.77,21,UPI,Mobile,Delhi,508,25,1,0,0
11339,36,2473.68,14,Credit Card,Mobile,Mumbai,179,18,1,0,0
11340,21,31073.52,17,UPI,Mobile,Pune,214,25,1,0,0
11341,41,1985.7,17,UPI,Mobile,Mumbai,708,20,2,0,0
11342,37,10677.73,19,UPI,Mobile,Pune,43,26,1,0,0
11343,32,2349.99,20,UPI,Mobile,Jaipur,872,24,1,0,0
11344,41,593.6,8,Debit Card,Mobile,Bengaluru,88,28,1,0,0
11345,36,5137.96,19,UPI,Mobile,Delhi,67,25,0,0,0
11346,35,5410.36,5,UPI,Mobile,Mumbai,729,29,1,0,0
11347,32,2153.74,3,UPI,Mobile,Mumbai,231,20,0,1,0
11348,35,3540.66,15,UPI,Mobile,Bengaluru,416,15,2,0,0
11349,40,405.98,5,UPI,Desktop,Mumbai,116,20,0,0,0
11350,64,2796.61,0,UPI,Mobile,Delhi,226,19,1,0,0
11351,35,5205.74,13,UPI,Mobile,Delhi,19,21,1,1,1
11352,32,16646.87,17,UPI,Mobile,Delhi,185,13,1,1,0
11353,48,10031.49,7,UPI,Mobile,Mumbai,801,20,1,0,0
11354,42,2628.35,2,UPI,Mobile,Ahmedabad,42,28,0,0,0
11355,36,3092.02,2,Debit Card,Mobile,Bengaluru,903,24,0,0,0
11356,34,5422.86,3,Net Banking,Mobile,Pune,574,17,0,0,0
11357,39,3854.82,17,UPI,Mobile,Mumbai,859,15,0,0,0
11358,29,7168.03,16,UPI,Mobile,Bengaluru,41,20,1,0,0
11359,25,2805.0,23,Debit Card,Mobile,Ahmedabad,66,29,1,0,0
11360,29,1411.78,23,Credit Card,Mobile,Delhi,521,27,1,0,0
11361,26,13268.65,21,UPI,Mobile,Pune,574,21,3,0,0
11362,22,3910.11,3,UPI,Mobile,Mumbai,171,21,2,0,1
11363,38,9750.55,21,UPI,Mobile,Delhi,126,29,1,0,0
11364,22,1150.54,20,UPI,Mobile,Mumbai,126,18,2,1,0
11365,23,868.89,12,Credit Card,Mobile,Mumbai,95,15,2,0,0
11366,26,10216.28,21,UPI,Mobile,Pune,154,17,1,0,0
11367,54,8493.74,8,Credit Card,Mobile,Bengaluru,144,21,2,0,0
11368,35,3778.7,12,UPI,Mobile,Pune,155,17,0,0,0
11369,23,7506.27,22,UPI,Mobile,Mumbai,388,13,1,0,0
11370,31,9774.6,11,UPI,Desktop,Delhi,394,15,0,0,0
11371,26,2389.98,3,UPI,Mobile,Delhi,198,18,4,0,0
11372,36,1232.71,3,UPI,Mobile,Delhi,592,16,1,0,0
11373,26,1638.11,15,Credit Card,Mobile,Mumbai,167,21,0,0,0
11374,34,4363.14,9,Credit Card,Mobile,Pune,787,29,1,0,0
11375,45,1174.18,12,UPI,Desktop,Pune,248,28,0,0,0
11376,54,2006.71,19,Credit Card,Mobile,Mumbai,61,15,1,0,0
11377,36,20088.45,15,UPI,Mobile,Delhi,423,18,1,0,0
11378,51,5611.96,15,UPI,Desktop,Bengaluru,334,27,1,0,0
11379,18,6513.62,17,UPI,Desktop,Ahmedabad,23,17,0,0,0
11380,44,2941.84,5,UPI,Mobile,Jaipur,229,16,2,0,0
11381,27,1155.36,9,UPI,Mobile,Jaipur,280,19,1,0,0
11382,39,1249.73,21,UPI,Desktop,Bengaluru,163,15,0,0,0
11383,43,10291.44,22,UPI,Mobile,Pune,416,12,0,0,0
11384,25,4219.4,1,Credit Card,Mobile,Jaipur,194,22,0,0,0
11385,40,4213.39,17,UPI,Mobile,Mumbai,1,21,1,0,0
11386,32,875.14,9,UPI,Desktop,Pune,265,21,0,0,0
11387,18,16301.14,22,UPI,Desktop,Delhi,373,23,0,0,0
11388,29,882.56,16,UPI,Mobile,Delhi,549,17,1,1,1
11389,25,2716.4,3,Net Banking,Mobile,Mumbai,247,25,2,0,0
11390,18,7290.47,4,Credit Card,Mobile,Mumbai,101,22,0,0,0
11391,29,4111.26,1,Net Banking,Mobile,Delhi,70,17,2,0,0
11392,29,2243.46,8,UPI,Desktop,Mumbai,31,24,2,0,0
11393,28,3427.1,10,Credit Card,Mobile,Mumbai,803,15,1,0,0
11394,44,1931.56,22,UPI,Mobile,Pune,191,16,1,0,0
11395,46,3979.71,17,UPI,Mobile,Ahmedabad,106,16,1,0,0
11396,31,4533.0,22,UPI,Mobile,Pune,41,20,1,0,0
11397,38,1466.19,6,Debit Card,Mobile,Delhi,146,22,0,0,0
11398,36,6081.44,4,UPI,Mobile,Delhi,117,21,1,0,0
11399,51,2011.86,16,UPI,Mobile,Delhi,148,15,2,0,0
11400,34,648.33,0,Net Banking,Mobile,Mumbai,357,19,0,0,0
11401,33,1975.03,16,Debit Card,Desktop,Mumbai,131,17,0,0,0
11402,30,1345.71,23,Credit Card,Desktop,Pune,28,21,2,0,0
11403,47,4169.21,3,Credit Card,Mobile,Pune,334,21,1,0,1
11404,21,668.66,11,UPI,Desktop,Pune,482,15,0,0,0
11405,26,1953.72,3,UPI,Desktop,Mumbai,268,22,1,0,0
11406,23,3020.24,2,Net Banking,Mobile,Delhi,636,26,3,1,0
11407,48,1057.46,6,UPI,Mobile,Pune,5,15,2,1,0
11408,54,4691.76,10,UPI,Mobile,Ahmedabad,120,14,1,0,0
11409,40,2669.17,20,UPI,Desktop,Jaipur,115,19,1,0,0
11410,28,4245.39,6,UPI,Mobile,Delhi,221,16,0,1,0
11411,39,950.33,17,UPI,Mobile,Mumbai,1090,14,1,0,0
11412,20,1539.54,16,UPI,Desktop,Mumbai,78,23,2,0,0
11413,42,3751.78,19,Net Banking,Mobile,Mumbai,69,21,1,0,0
11414,58,599.41,3,UPI,Mobile,Delhi,633,30,0,0,0
11415,39,8448.9,9,UPI,Mobile,Ahmedabad,277,18,1,0,0
11416,37,1025.17,10,UPI,Mobile,Bengaluru,542,25,2,0,0
11417,19,3119.49,3,Debit Card,Mobile,Delhi,128,19,0,0,0
11418,47,2507.26,22,Credit Card,Mobile,Jaipur,1337,27,1,0,0
11419,40,8592.05,7,UPI,Mobile,Ahmedabad,129,27,1,0,0
11420,36,5534.92,20,Debit Card,Mobile,Jaipur,60,24,0,1,0
11421,24,4199.58,4,UPI,Desktop,Delhi,826,19,3,0,0
11422,37,2593.67,19,UPI,Mobile,Ahmedabad,7,24,1,0,0
11423,18,11664.66,15,UPI,Mobile,Pune,1472,27,1,0,0
11424,47,1859.36,13,Credit Card,Mobile,Pune,1,24,2,0,0
11425,36,8075.7,13,Net Banking,Mobile,Pune,357,20,0,0,0
11426,31,4151.9,17,UPI,Mobile,Pune,779,14,1,0,0
11427,31,1753.91,12,UPI,Mobile,Delhi,697,23,0,0,0
11428,37,7827.69,20,UPI,Mobile,Delhi,636,23,1,1,0
11429,18,11248.67,13,Net Banking,Tablet,Bengaluru,1164,33,2,0,0
11430,38,5838.03,0,UPI,Mobile,Pune,93,17,1,0,0
11431,18,2714.26,8,Credit Card,Mobile,Bengaluru,1079,19,0,0,0
11432,35,2904.79,15,UPI,Mobile,Delhi,109,19,0,0,0
11433,36,6981.28,19,Debit Card,Mobile,Delhi,513,14,0,0,0
11434,24,3806.03,17,UPI,Mobile,Mumbai,266,22,0,0,0
11435,32,3110.1,10,UPI,Mobile,Pune,193,13,1,0,0
11436,23,2103.87,22,UPI,Mobile,Bengaluru,12,25,0,1,0
11437,43,337.32,9,UPI,Mobile,Bengaluru,187,22,1,0,0
11438,30,1152.41,14,UPI,Desktop,Ahmedabad,2,17,2,0,0
11439,19,6328.53,2,UPI,Mobile,Jaipur,130,25,1,0,0
11440,25,1654.79,18,UPI,Mobile,Bengaluru,782,18,1,0,0
11441,31,4544.67,18,Debit Card,Desktop,Bengaluru,1022,21,0,0,0
11442,34,1682.75,12,UPI,Desktop,Ahmedabad,613,12,1,0,0
11443,34,5282.05,2,Debit Card,Mobile,Delhi,243,11,3,0,0
11444,44,613.42,2,Debit Card,Mobile,Jaipur,96,16,0,0,0
11445,56,2281.2,14,UPI,Mobile,Delhi,308,23,1,0,0
11446,34,1464.98,21,UPI,Mobile,Pune,315,15,0,0,0
11447,26,3334.62,11,UPI,Tablet,Pune,158,17,2,0,0
11448,52,7763.53,12,UPI,Mobile,Jaipur,527,19,0,0,0
11449,52,8213.42,1,Debit Card,Desktop,Bengaluru,263,14,0,0,1
11450,24,12342.09,23,UPI,Mobile,Delhi,52,16,0,0,0
11451,59,5273.69,10,Debit Card,Mobile,Delhi,231,22,0,0,1
11452,30,929.07,19,Credit Card,Mobile,Jaipur,534,11,0,0,1
11453,43,2055.92,14,UPI,Mobile,Mumbai,1,25,1,0,0
11454,18,18070.05,3,UPI,Mobile,Bengaluru,214,18,2,0,0
11455,30,6432.25,6,UPI,Mobile,Delhi,310,25,0,0,0
11456,46,1867.53,5,UPI,Mobile,Bengaluru,614,18,1,0,0
11457,18,5582.43,7,UPI,Mobile,Mumbai,33,29,0,0,0
11458,26,2557.29,18,UPI,Desktop,Bengaluru,180,24,1,0,0
11459,44,975.2,23,UPI,Desktop,Delhi,173,16,0,1,0
11460,35,3006.26,17,UPI,Mobile,Delhi,193,17,2,0,0
11461,33,2932.64,14,UPI,Mobile,Bengaluru,536,16,0,0,0
11462,29,192.58,8,UPI,Desktop,Bengaluru,268,19,0,0,0
11463,32,2070.09,5,UPI,Desktop,Ahmedabad,1240,23,1,0,0
11464,52,975.88,3,UPI,Mobile,Delhi,31,15,4,0,0
11465,32,14896.75,3,Credit Card,Desktop,Delhi,654,16,1,0,0
11466,37,2142.88,0,Net Banking,Mobile,Bengaluru,182,21,0,0,0
11467,42,17790.06,11,Credit Card,Mobile,Bengaluru,88,24,0,0,0
11468,47,796.12,14,UPI,Mobile,Jaipur,33,25,0,0,0
11469,24,630.37,2,Debit Card,Desktop,Delhi,349,12,0,0,0
11470,33,7975.85,20,UPI,Mobile,Pune,551,9,1,0,0
11471,18,536.59,17,UPI,Mobile,Bengaluru,99,20,1,0,0
11472,42,6678.65,20,Credit Card,Mobile,Bengaluru,86,18,1,0,0
11473,18,5367.3,3,Credit Card,Mobile,Bengaluru,398,30,2,0,0
11474,18,1246.25,15,UPI,Desktop,Mumbai,304,26,3,0,1
11475,29,1166.75,20,Debit Card,Mobile,Ahmedabad,53,23,1,0,0
11476,35,4044.46,6,Credit Card,Mobile,Bengaluru,311,19,2,0,0
11477,29,1395.57,14,Credit Card,Mobile,Delhi,200,25,0,0,0
11478,35,7432.07,5,Net Banking,Mobile,Bengaluru,33,22,0,1,0
11479,36,4481.07,18,Net Banking,Mobile,Mumbai,1,27,2,0,0
11480,18,3107.01,0,Debit Card,Tablet,Delhi,40,24,2,1,0
11481,48,676.22,1,UPI,Mobile,Delhi,464,20,1,0,0
11482,39,4944.42,11,UPI,Mobile,Delhi,161,19,0,1,0
11483,39,6698.7,19,Credit Card,Mobile,Pune,842,23,0,1,0
11484,44,13216.01,16,UPI,Mobile,Delhi,128,19,0,0,0
11485,50,452.39,21,UPI,Mobile,Jaipur,327,26,1,0,0
11486,18,1372.5,20,UPI,Mobile,Delhi,1,19,1,0,0
11487,32,7052.27,12,UPI,Mobile,Bengaluru,247,16,2,0,0
11488,30,7451.93,20,Credit Card,Mobile,Ahmedabad,79,22,1,0,0
11489,23,3322.21,1,UPI,Mobile,Bengaluru,331,19,2,0,0
11490,49,3571.83,19,UPI,Mobile,Mumbai,161,17,0,0,0
11491,63,18054.89,23,UPI,Mobile,Delhi,40,25,0,1,1
11492,41,5472.84,13,Debit Card,Mobile,Bengaluru,8,20,1,0,0
11493,30,471.81,19,UPI,Mobile,Ahmedabad,629,10,0,0,0
11494,35,1240.28,22,Credit Card,Mobile,Bengaluru,246,14,1,0,0
11495,43,6353.42,11,Credit Card,Mobile,Ahmedabad,74,15,0,0,0
11496,35,4300.02,14,UPI,Mobile,Mumbai,130,23,0,0,0
11497,18,5101.83,16,UPI,Desktop,Pune,484,19,1,0,0
11498,40,3568.39,13,UPI,Mobile,Bengaluru,417,14,1,1,0
11499,32,10815.21,22,UPI,Mobile,Pune,420,16,2,0,0
11500,46,854.98,5,UPI,Mobile,Delhi,679,23,0,0,0
11501,46,3748.4,13,UPI,Mobile,Delhi,112,17,0,0,0
11502,26,2873.26,9,Credit Card,Mobile,Mumbai,146,20,0,0,0
11503,54,1656.38,0,Debit Card,Mobile,Mumbai,460,26,1,0,0
11504,20,797.49,8,UPI,Tablet,Bengaluru,910,21,1,0,0
11505,30,6510.44,6,UPI,Mobile,Bengaluru,653,13,1,0,0
11506,18,3420.07,19,UPI,Mobile,Bengaluru,245,20,1,0,0
11507,18,1567.76,13,UPI,Mobile,Bengaluru,252,24,1,0,0
11508,34,2852.29,11,UPI,Desktop,Delhi,655,16,1,0,0
11509,51,3574.81,14,Net Banking,Mobile,Pune,21,24,0,0,0
11510,18,1668.55,10,Credit Card,Mobile,Pune,42,24,1,0,0
11511,32,2934.49,20,UPI,Mobile,Pune,132,27,1,0,0
11512,43,7430.31,10,Credit Card,Mobile,Delhi,360,29,0,0,0
11513,18,2000.85,14,UPI,Mobile,Delhi,105,17,1,0,0
11514,19,2550.97,11,Debit Card,Tablet,Ahmedabad,85,16,2,0,0
11515,45,829.53,6,UPI,Mobile,Pune,62,19,0,1,1
11516,28,1192.49,19,UPI,Mobile,Delhi,239,18,2,0,0
11517,28,1343.49,17,UPI,Mobile,Delhi,562,20,3,1,0
11518,22,2918.28,16,Credit Card,Mobile,Pune,770,20,0,0,0
11519,33,3502.46,14,Net Banking,Mobile,Delhi,124,22,2,0,0
11520,34,10693.42,6,UPI,Mobile,Delhi,984,25,1,0,0
11521,27,1842.08,20,UPI,Mobile,Pune,118,20,0,0,0
11522,50,1334.24,5,UPI,Mobile,Bengaluru,66,27,1,0,0
11523,32,4034.51,3,UPI,Mobile,Mumbai,186,18,1,0,0
11524,25,7292.94,5,UPI,Mobile,Delhi,397,20,2,0,0
11525,45,2087.71,16,Credit Card,Tablet,Mumbai,230,15,0,0,0
11526,35,1873.79,22,Debit Card,Mobile,Jaipur,81,16,2,0,0
11527,38,21260.21,23,UPI,Mobile,Pune,530,15,0,0,0
11528,29,8601.87,3,Credit Card,Mobile,Pune,288,28,0,0,0
11529,36,14896.85,12,Debit Card,Mobile,Pune,157,13,0,0,0
11530,42,4313.98,18,UPI,Mobile,Delhi,699,18,2,0,0
11531,18,13138.92,13,Credit Card,Mobile,Pune,536,20,1,1,0
11532,32,4469.42,6,UPI,Mobile,Jaipur,223,24,0,0,0
11533,26,438.53,18,UPI,Desktop,Bengaluru,62,23,1,0,0
11534,18,326.71,1,Credit Card,Desktop,Bengaluru,793,20,1,1,0
11535,52,621.43,16,UPI,Desktop,Delhi,146,19,0,0,0
11536,32,7601.64,16,UPI,Mobile,Mumbai,23,18,0,0,0
11537,50,429.41,17,Credit Card,Mobile,Pune,72,20,5,0,0
11538,28,1446.94,20,UPI,Mobile,Bengaluru,33,16,1,0,0
11539,42,10278.24,14,UPI,Mobile,Ahmedabad,415,31,0,0,0
11540,30,5290.04,7,UPI,Mobile,Jaipur,407,30,1,0,0
11541,28,2840.45,16,UPI,Mobile,Pune,263,21,1,0,0
11542,18,1213.13,20,UPI,Mobile,Delhi,94,15,3,0,0
11543,39,8939.13,12,UPI,Mobile,Pune,368,25,2,0,0
11544,38,16619.75,4,UPI,Mobile,Ahmedabad,445,21,0,0,0
11545,27,911.18,14,Credit Card,Mobile,Mumbai,536,17,2,0,0
11546,33,3997.8,0,UPI,Mobile,Mumbai,77,12,1,0,0
11547,45,1698.55,19,UPI,Mobile,Mumbai,1,30,0,0,0
11548,33,670.64,13,UPI,Tablet,Bengaluru,1164,17,1,0,0
11549,44,6793.06,7,UPI,Tablet,Ahmedabad,85,26,1,0,0
11550,18,3502.16,7,UPI,Desktop,Bengaluru,490,11,1,0,0
11551,33,736.52,23,UPI,Mobile,Delhi,1278,18,1,0,0
11552,33,9037.15,17,UPI,Mobile,Delhi,346,20,1,0,0
11553,30,3620.26,3,UPI,Mobile,Ahmedabad,69,15,0,0,0
11554,36,10302.66,20,Debit Card,Desktop,Pune,124,17,0,0,0
11555,27,5031.85,7,Credit Card,Mobile,Jaipur,617,23,1,0,0
11556,35,2683.05,1,UPI,Mobile,Delhi,84,19,3,0,0
11557,37,7175.93,18,UPI,Desktop,Mumbai,235,20,1,0,0
11558,42,2301.9,3,Debit Card,Desktop,Delhi,835,9,2,0,0
11559,51,916.25,5,UPI,Mobile,Delhi,36,17,3,0,0
11560,26,1971.55,1,Debit Card,Mobile,Bengaluru,794,24,2,0,0
11561,49,1788.61,20,Net Banking,Desktop,Mumbai,50,18,0,1,0
11562,18,2043.2,9,Net Banking,Mobile,Bengaluru,797,23,3,1,0
11563,23,2959.18,10,UPI,Desktop,Pune,308,17,0,0,0
11564,41,6708.18,21,UPI,Mobile,Mumbai,69,21,0,0,0
11565,58,2345.26,0,UPI,Mobile,Bengaluru,96,16,2,0,0
11566,29,2910.07,5,UPI,Mobile,Pune,37,17,2,0,0
11567,30,4169.7,9,Credit Card,Desktop,Bengaluru,121,21,0,1,0
11568,38,293.09,18,UPI,Mobile,Bengaluru,60,27,1,0,0
11569,39,672.97,16,Debit Card,Mobile,Bengaluru,103,23,1,0,0
11570,31,1581.59,13,UPI,Desktop,Jaipur,1362,18,1,0,0
11571,31,1408.89,13,UPI,Mobile,Pune,3,17,2,0,1
11572,20,2790.17,2,UPI,Mobile,Pune,84,17,0,0,0
11573,40,1688.62,9,UPI,Mobile,Bengaluru,126,28,0,0,0
11574,37,2365.18,21,Debit Card,Mobile,Ahmedabad,219,22,1,0,0
11575,20,2555.45,5,Credit Card,Mobile,Jaipur,289,24,1,1,1
11576,32,7432.5,19,UPI,Mobile,Bengaluru,161,22,3,0,0
11577,46,3108.94,18,UPI,Mobile,Jaipur,427,16,1,1,0
11578,49,1275.97,0,UPI,Mobile,Pune,175,16,3,0,0
11579,50,3449.03,0,Credit Card,Mobile,Jaipur,164,25,0,0,0
11580,40,5511.32,20,UPI,Mobile,Bengaluru,29,18,0,0,1
11581,44,2471.59,0,UPI,Mobile,Bengaluru,287,27,2,0,0
11582,34,5912.55,5,Credit Card,Mobile,Jaipur,185,24,0,0,0
11583,25,764.58,16,UPI,Mobile,Pune,925,19,1,1,0
11584,44,706.81,16,Credit Card,Desktop,Bengaluru,11,17,0,1,0
11585,18,2461.99,15,UPI,Mobile,Jaipur,339,18,0,0,0
11586,33,8519.38,13,Credit Card,Mobile,Delhi,12,19,1,0,1
11587,35,2356.7,2,UPI,Mobile,Ahmedabad,57,15,0,1,0
11588,37,10416.06,10,UPI,Mobile,Mumbai,714,28,0,0,0
11589,27,2004.0,4,UPI,Mobile,Bengaluru,12,20,1,0,1
11590,33,2010.26,3,UPI,Mobile,Bengaluru,34,22,0,0,0
11591,50,3943.75,9,UPI,Mobile,Jaipur,61,16,3,0,0
11592,49,1425.02,23,Credit Card,Mobile,Ahmedabad,60,21,1,0,0
11593,43,1799.72,17,Net Banking,Desktop,Pune,271,17,0,0,0
11594,29,20404.61,21,UPI,Mobile,Mumbai,58,21,0,0,0
11595,43,2989.63,17,UPI,Mobile,Jaipur,382,27,2,0,0
11596,40,4131.71,20,Credit Card,Mobile,Bengaluru,266,21,1,0,0
11597,47,13029.51,20,UPI,Mobile,Pune,232,16,2,0,0
11598,18,8472.46,0,UPI,Mobile,Pune,66,21,1,0,1
11599,23,1245.39,20,UPI,Mobile,Delhi,239,19,1,0,0
11600,39,17999.89,19,UPI,Mobile,Bengaluru,179,26,1,0,0
11601,29,1741.91,11,UPI,Mobile,Pune,49,20,2,0,0
11602,19,554.13,5,Credit Card,Desktop,Mumbai,1507,17,1,0,0
11603,42,2195.46,19,UPI,Mobile,Bengaluru,141,15,1,0,0
11604,38,1171.71,16,UPI,Desktop,Delhi,147,22,0,0,0
11605,18,6019.14,12,Debit Card,Mobile,Delhi,14,12,1,0,0
11606,44,56335.72,11,UPI,Mobile,Mumbai,197,15,0,0,0
11607,41,775.58,1,Debit Card,Mobile,Delhi,41,14,3,0,0
11608,31,4058.93,3,UPI,Mobile,Mumbai,118,25,0,0,1
11609,33,1158.95,23,UPI,Mobile,Bengaluru,156,19,1,1,0
11610,48,1434.68,13,UPI,Desktop,Delhi,116,20,2,0,0
11611,28,5699.16,2,UPI,Mobile,Ahmedabad,73,12,1,0,0
11612,34,1037.62,4,Debit Card,Mobile,Ahmedabad,819,23,1,0,0
11613,43,3096.26,23,UPI,Mobile,Pune,78,25,0,0,0
11614,39,7473.08,20,UPI,Desktop,Mumbai,395,23,0,0,0
11615,43,601.0,3,UPI,Mobile,Delhi,193,23,0,0,0
11616,49,806.43,0,UPI,Mobile,Delhi,31,16,1,0,0
11617,27,2731.56,21,UPI,Desktop,Jaipur,483,22,1,0,0
11618,42,3028.67,0,UPI,Desktop,Mumbai,69,21,0,0,0
11619,37,1563.0,12,UPI,Tablet,Jaipur,606,22,0,0,0
11620,42,3331.53,18,UPI,Mobile,Pune,244,14,1,0,0
11621,43,2208.79,15,UPI,Mobile,Jaipur,478,24,0,0,0
11622,20,1937.7,20,Debit Card,Mobile,Ahmedabad,12,31,1,0,0
11623,21,21016.44,4,UPI,Desktop,Pune,115,28,0,1,0
11624,48,1398.7,20,Debit Card,Mobile,Mumbai,174,27,5,0,1
11625,35,8164.09,16,UPI,Desktop,Bengaluru,115,25,1,0,0
11626,35,1198.61,20,UPI,Mobile,Delhi,60,16,0,0,0
11627,33,843.34,7,UPI,Mobile,Delhi,384,17,1,0,0
11628,42,1660.97,8,UPI,Mobile,Ahmedabad,850,22,1,1,0
11629,37,4121.87,0,UPI,Desktop,Ahmedabad,344,25,0,0,0
11630,30,10103.28,8,Net Banking,Tablet,Delhi,39,31,0,1,0
11631,61,315.73,8,UPI,Mobile,Delhi,91,28,1,1,0
11632,29,3493.01,1,UPI,Desktop,Ahmedabad,537,26,2,1,0
11633,46,4930.61,17,UPI,Desktop,Delhi,149,20,1,0,0
11634,37,2788.17,17,UPI,Mobile,Bengaluru,162,17,1,0,0
11635,36,13216.65,20,UPI,Mobile,Mumbai,201,20,1,0,0
11636,48,575.16,8,Debit Card,Mobile,Mumbai,91,16,0,0,0
11637,29,2247.48,14,Debit Card,Mobile,Delhi,157,20,0,0,0
11638,42,248.84,0,Debit Card,Mobile,Bengaluru,1136,16,0,0,1
11639,50,2797.73,18,UPI,Mobile,Delhi,132,9,1,1,0
11640,33,1122.25,22,UPI,Mobile,Jaipur,903,17,2,0,0
11641,21,17351.48,19,UPI,Mobile,Delhi,507,23,2,0,0
11642,29,3832.48,13,Debit Card,Mobile,Ahmedabad,9,23,3,0,0
11643,37,715.51,1,UPI,Desktop,Mumbai,13,24,0,0,0
11644,31,27171.84,6,UPI,Mobile,Delhi,604,28,1,0,0
11645,41,11303.83,10,UPI,Mobile,Jaipur,16,17,0,0,1
11646,18,31091.9,15,UPI,Mobile,Ahmedabad,144,27,2,0,0
11647,18,6420.61,0,UPI,Mobile,Delhi,441,25,1,0,0
11648,23,780.89,14,Credit Card,Mobile,Ahmedabad,9,21,1,0,0
11649,38,1378.73,15,UPI,Mobile,Mumbai,45,18,1,0,0
11650,35,1423.06,10,UPI,Mobile,Mumbai,401,19,4,0,0
11651,32,1821.98,4,UPI,Mobile,Mumbai,388,19,3,0,0
11652,22,930.58,12,Debit Card,Desktop,Bengaluru,668,23,2,0,0
11653,26,9842.69,12,Net Banking,Tablet,Jaipur,529,19,0,0,0
11654,37,6695.85,12,UPI,Desktop,Delhi,213,19,0,0,0
11655,39,4650.33,12,Debit Card,Mobile,Delhi,991,19,0,0,0
11656,34,3184.79,17,Debit Card,Desktop,Delhi,295,28,0,0,0
11657,40,4442.82,10,UPI,Desktop,Pune,37,14,1,0,0
11658,18,386.22,15,Debit Card,Mobile,Bengaluru,33,26,2,0,0
11659,41,2863.62,19,UPI,Mobile,Ahmedabad,184,21,0,0,0
11660,21,3061.57,16,Debit Card,Mobile,Ahmedabad,238,20,3,0,0
11661,35,1997.9,18,UPI,Mobile,Pune,1,13,3,0,1
11662,18,3448.77,22,UPI,Tablet,Bengaluru,149,20,1,0,0
11663,40,3454.39,18,UPI,Mobile,Ahmedabad,891,15,1,0,0
11664,20,1710.85,9,UPI,Mobile,Mumbai,301,28,1,0,0
11665,48,5611.51,0,UPI,Mobile,Delhi,136,19,1,0,0
11666,29,1445.18,16,UPI,Mobile,Bengaluru,252,31,1,0,0
11667,46,9241.24,12,Debit Card,Mobile,Bengaluru,58,22,1,0,0
11668,48,12659.95,11,UPI,Mobile,Jaipur,50,26,2,0,0
11669,18,5859.35,15,UPI,Mobile,Bengaluru,449,12,0,0,0
11670,42,1938.14,18,Net Banking,Mobile,Jaipur,839,15,1,0,0
11671,21,1000.28,4,UPI,Mobile,Bengaluru,1350,21,1,0,0
11672,31,3768.77,1,UPI,Mobile,Mumbai,490,24,0,0,0
11673,18,7011.22,20,Credit Card,Mobile,Pune,171,21,3,0,0
11674,48,9574.88,5,Credit Card,Mobile,Delhi,673,17,1,0,0
11675,56,2246.97,13,UPI,Mobile,Ahmedabad,393,21,0,0,0
11676,42,4639.88,12,UPI,Desktop,Delhi,285,16,0,0,0
11677,31,10585.76,23,UPI,Mobile,Delhi,518,26,3,0,1
11678,34,2060.52,6,UPI,Mobile,Bengaluru,202,20,2,0,0
11679,30,1322.93,7,UPI,Desktop,Delhi,205,21,1,0,0
11680,18,6077.33,0,Net Banking,Mobile,Delhi,180,26,0,0,0
11681,27,3358.26,4,Credit Card,Mobile,Bengaluru,352,31,0,0,0
11682,44,3938.15,11,Debit Card,Mobile,Bengaluru,215,20,0,0,0
11683,30,1790.22,21,UPI,Mobile,Bengaluru,454,20,1,0,0
11684,30,3033.97,12,Net Banking,Mobile,Delhi,840,16,1,0,0
11685,18,2262.09,2,Credit Card,Mobile,Bengaluru,389,14,0,0,0
11686,37,3592.69,16,UPI,Mobile,Mumbai,139,26,1,0,0
11687,40,10944.53,16,UPI,Mobile,Bengaluru,160,17,1,0,0
11688,18,8879.97,21,UPI,Mobile,Pune,1261,19,0,0,0
11689,37,21809.08,21,Debit Card,Mobile,Delhi,81,18,1,0,0
11690,33,5718.19,16,UPI,Mobile,Delhi,55,23,0,0,0
11691,34,3272.89,22,Debit Card,Mobile,Delhi,1315,23,2,1,0
11692,28,1725.23,1,Debit Card,Desktop,Mumbai,15,21,1,0,0
11693,29,623.34,20,UPI,Mobile,Pune,197,19,2,0,0
11694,26,5734.97,17,UPI,Mobile,Mumbai,360,25,0,0,0
11695,24,12408.23,18,Credit Card,Mobile,Mumbai,42,24,0,0,0
11696,34,12681.23,0,UPI,Mobile,Delhi,421,20,1,0,0
11697,19,4057.31,2,UPI,Mobile,Jaipur,645,11,1,0,0
11698,25,2061.02,0,UPI,Mobile,Mumbai,284,26,1,0,0
11699,47,1698.06,22,Credit Card,Mobile,Delhi,135,15,0,0,0
11700,34,2347.21,17,UPI,Mobile,Delhi,44,22,3,0,0
11701,29,8797.67,12,UPI,Desktop,Ahmedabad,271,18,2,1,0
11702,53,1429.93,1,UPI,Mobile,Pune,52,22,1,0,0
11703,34,534.05,18,UPI,Mobile,Delhi,202,20,1,0,0
11704,23,1116.58,22,Net Banking,Mobile,Mumbai,729,18,1,0,0
11705,32,1841.92,19,Credit Card,Mobile,Bengaluru,435,23,0,0,0
11706,37,1483.18,14,UPI,Mobile,Bengaluru,493,16,0,0,0
11707,33,3811.85,15,UPI,Mobile,Ahmedabad,533,20,0,0,0
11708,35,6192.05,7,UPI,Mobile,Delhi,100,8,2,0,0
11709,25,5502.82,3,UPI,Mobile,Mumbai,64,24,1,0,0
11710,43,2440.8,20,UPI,Mobile,Bengaluru,194,14,0,0,0
11711,18,5922.18,9,Net Banking,Desktop,Ahmedabad,207,23,0,0,0
11712,27,2481.41,5,UPI,Desktop,Jaipur,498,17,1,0,0
11713,24,2229.27,1,UPI,Mobile,Pune,582,26,0,0,0
11714,40,747.65,20,UPI,Desktop,Jaipur,50,18,0,0,0
11715,48,2504.17,16,UPI,Mobile,Ahmedabad,284,19,1,0,0
11716,46,6179.19,20,Credit Card,Mobile,Delhi,248,22,1,0,0
11717,32,2689.85,9,UPI,Mobile,Pune,685,18,0,1,0
11718,50,8617.16,0,UPI,Mobile,Delhi,129,21,0,0,0
11719,32,7273.39,15,UPI,Mobile,Mumbai,530,18,0,0,0
11720,30,5092.99,11,UPI,Mobile,Pune,56,18,2,0,0
11721,36,654.5,3,Credit Card,Mobile,Bengaluru,718,25,2,0,0
11722,42,1344.82,22,UPI,Mobile,Mumbai,232,15,2,0,0
11723,26,3798.9,6,UPI,Mobile,Jaipur,530,11,1,1,0
11724,41,2512.21,1,UPI,Mobile,Jaipur,137,24,1,0,0
11725,27,4683.4,21,Credit Card,Mobile,Jaipur,17,12,1,0,0
11726,26,6237.32,5,UPI,Mobile,Mumbai,1057,21,0,0,0
11727,34,10481.39,3,UPI,Mobile,Bengaluru,282,17,4,0,1
11728,18,6744.66,10,UPI,Mobile,Delhi,131,16,2,1,1
11729,18,6065.82,19,UPI,Desktop,Bengaluru,109,21,0,0,0
11730,18,6568.34,8,Net Banking,Mobile,Bengaluru,22,22,1,1,0
11731,18,2274.42,9,UPI,Tablet,Ahmedabad,104,13,2,0,0
11732,47,1310.53,13,UPI,Mobile,Jaipur,506,14,0,1,0
11733,42,15420.55,7,UPI,Mobile,Bengaluru,187,16,0,0,0
11734,39,2204.62,5,UPI,Desktop,Bengaluru,625,24,4,0,0
11735,33,2076.05,9,Credit Card,Mobile,Bengaluru,45,17,0,1,0
11736,38,100.0,1,Credit Card,Mobile,Bengaluru,290,22,1,0,1
11737,39,4788.4,20,UPI,Mobile,Mumbai,172,19,0,0,0
11738,24,4602.07,10,Credit Card,Mobile,Delhi,118,13,3,0,0
11739,36,6828.08,14,Credit Card,Mobile,Delhi,12,18,0,0,0
11740,18,7181.73,7,Debit Card,Mobile,Jaipur,95,22,1,0,0
11741,47,2390.07,6,Credit Card,Mobile,Mumbai,57,12,0,0,0
11742,34,1674.63,3,UPI,Mobile,Mumbai,153,21,0,0,0
11743,30,1124.54,4,Debit Card,Mobile,Mumbai,209,25,0,0,0
11744,26,6100.05,23,UPI,Mobile,Pune,348,23,5,0,0
11745,18,3508.21,15,UPI,Mobile,Mumbai,389,16,2,1,0
11746,28,855.36,10,UPI,Mobile,Delhi,151,18,1,0,0
11747,40,4609.37,14,UPI,Mobile,Bengaluru,123,31,0,0,0
11748,37,19919.12,20,UPI,Desktop,Bengaluru,406,28,1,0,0
11749,18,2347.43,15,UPI,Mobile,Bengaluru,1,19,0,0,0
11750,38,7362.81,21,UPI,Tablet,Mumbai,283,19,1,0,0
11751,49,5436.59,14,UPI,Mobile,Mumbai,812,27,0,1,1
11752,43,1883.47,22,UPI,Mobile,Mumbai,701,17,2,0,0
11753,48,1129.57,19,UPI,Mobile,Bengaluru,386,21,0,0,0
11754,41,1100.45,4,UPI,Mobile,Pune,113,21,1,0,0
11755,44,3140.54,18,UPI,Mobile,Mumbai,105,21,2,0,0
11756,20,9904.58,4,UPI,Mobile,Mumbai,88,22,2,0,0
11757,26,812.48,20,Credit Card,Mobile,Mumbai,333,27,1,0,0
11758,18,1102.98,13,Net Banking,Mobile,Pune,364,19,1,0,0
11759,43,2940.99,17,UPI,Desktop,Jaipur,372,11,0,0,0
11760,37,3641.57,9,Debit Card,Mobile,Delhi,367,26,0,1,0
11761,37,1108.88,22,Net Banking,Mobile,Bengaluru,692,12,0,0,0
11762,28,5626.14,16,Net Banking,Mobile,Mumbai,73,16,1,0,0
11763,38,504.35,19,Credit Card,Mobile,Mumbai,2,22,1,1,0
11764,23,5592.81,1,UPI,Mobile,Ahmedabad,542,26,0,0,0
11765,28,3936.87,12,Credit Card,Mobile,Pune,35,26,3,0,0
11766,18,1179.83,0,Credit Card,Desktop,Delhi,3,16,0,0,1
11767,31,4376.65,23,UPI,Desktop,Pune,152,14,0,0,0
11768,22,3403.97,17,UPI,Mobile,Delhi,155,19,2,0,0
11769,37,4361.02,9,UPI,Mobile,Jaipur,57,24,0,0,0
11770,47,2542.59,17,Credit Card,Desktop,Pune,58,24,2,0,0
11771,18,6705.63,5,UPI,Mobile,Mumbai,27,18,0,0,0
11772,25,1142.9,7,UPI,Mobile,Delhi,1,27,0,0,0
11773,36,3575.67,16,UPI,Mobile,Bengaluru,1246,16,1,1,1
11774,27,2397.43,23,UPI,Desktop,Bengaluru,65,13,1,0,0
11775,37,1127.5,6,UPI,Mobile,Mumbai,134,18,1,0,0
11776,34,4999.3,5,UPI,Mobile,Ahmedabad,76,25,0,0,0
11777,21,11993.23,2,Credit Card,Mobile,Jaipur,766,16,1,0,0
11778,40,4228.35,3,UPI,Mobile,Pune,761,16,0,0,0
11779,19,2476.36,18,UPI,Mobile,Bengaluru,1026,19,0,0,0
11780,63,2407.28,8,UPI,Desktop,Ahmedabad,55,19,0,0,0
11781,38,3119.34,14,UPI,Desktop,Mumbai,68,21,1,0,0
11782,34,2601.89,10,Credit Card,Mobile,Ahmedabad,15,20,1,0,0
11783,30,4088.57,5,Net Banking,Mobile,Delhi,18,22,0,0,0
11784,37,3842.88,20,Credit Card,Mobile,Mumbai,305,21,0,0,0
11785,42,4104.9,4,Debit Card,Mobile,Jaipur,466,18,2,0,0
11786,38,6457.61,17,Credit Card,Mobile,Delhi,104,15,1,0,0
11787,18,949.02,21,Net Banking,Mobile,Delhi,443,21,1,0,0
11788,21,3585.92,21,Debit Card,Mobile,Delhi,102,24,1,0,0
11789,34,2182.32,12,Debit Card,Mobile,Mumbai,947,20,1,0,0
11790,32,5117.37,22,Credit Card,Mobile,Delhi,348,17,0,0,0
11791,35,9097.98,0,Credit Card,Mobile,Delhi,71,23,1,0,0
11792,20,547.01,23,UPI,Desktop,Delhi,100,20,0,0,0
11793,18,1427.3,20,Credit Card,Mobile,Bengaluru,19,28,0,0,0
11794,39,2881.03,9,Credit Card,Mobile,Bengaluru,135,17,3,0,0
11795,43,4244.08,15,UPI,Mobile,Delhi,128,20,2,0,0
11796,18,3736.41,8,UPI,Mobile,Bengaluru,323,21,1,1,0
11797,44,5694.01,15,UPI,Mobile,Bengaluru,602,15,3,0,0
11798,41,6930.16,0,UPI,Desktop,Delhi,345,23,0,0,0
11799,33,3227.32,21,Credit Card,Mobile,Bengaluru,31,16,1,1,0
11800,38,4208.03,3,UPI,Mobile,Ahmedabad,110,18,0,0,1
11801,24,1332.02,6,Debit Card,Mobile,Mumbai,128,14,1,0,0
11802,33,2440.24,12,Debit Card,Mobile,Delhi,845,23,1,0,0
11803,29,6380.58,9,Credit Card,Mobile,Ahmedabad,599,21,1,0,0
11804,18,3661.66,16,Credit Card,Mobile,Delhi,12,18,2,0,0
11805,19,1133.43,13,Debit Card,Mobile,Bengaluru,275,15,1,0,0
11806,31,6659.89,2,Debit Card,Mobile,Jaipur,406,16,1,0,0
11807,37,531.14,23,UPI,Mobile,Mumbai,535,27,1,1,0
11808,41,2402.05,5,UPI,Mobile,Ahmedabad,178,23,1,0,0
11809,30,5324.39,18,Credit Card,Mobile,Bengaluru,1101,16,1,0,0
11810,33,5503.59,18,UPI,Mobile,Bengaluru,9,22,3,0,0
11811,18,17527.87,2,UPI,Mobile,Ahmedabad,276,19,1,0,0
11812,24,10760.29,13,Credit Card,Mobile,Pune,947,20,1,0,0
11813,18,1540.52,18,UPI,Mobile,Bengaluru,100,22,0,1,0
11814,54,4061.58,23,UPI,Mobile,Pune,848,22,0,0,0
11815,18,4866.67,7,UPI,Mobile,Jaipur,265,16,0,0,0
11816,28,1062.07,18,UPI,Mobile,Bengaluru,145,20,1,0,0
11817,41,2812.12,14,UPI,Tablet,Ahmedabad,474,25,2,0,0
11818,47,2069.52,5,Debit Card,Mobile,Mumbai,1383,20,1,0,0
11819,18,1907.88,18,UPI,Mobile,Delhi,278,19,0,0,0
11820,27,3514.1,17,Debit Card,Mobile,Delhi,145,23,3,0,0
11821,31,2016.41,9,UPI,Mobile,Pune,395,18,2,0,0
11822,36,3356.58,23,Debit Card,Mobile,Delhi,463,21,0,0,0
11823,24,5145.75,7,UPI,Mobile,Mumbai,337,14,1,0,0
11824,29,14942.11,7,UPI,Mobile,Bengaluru,180,14,0,0,0
11825,35,16679.69,5,Credit Card,Mobile,Jaipur,256,16,1,0,1
11826,18,587.78,0,UPI,Mobile,Ahmedabad,110,26,1,0,0
11827,53,1267.5,14,UPI,Mobile,Mumbai,338,21,1,0,0
11828,46,565.95,17,UPI,Mobile,Delhi,226,23,3,0,0
11829,18,4536.58,10,UPI,Mobile,Jaipur,237,21,0,1,0
11830,29,1702.44,4,Debit Card,Desktop,Ahmedabad,378,18,0,0,0
11831,27,5752.32,9,UPI,Mobile,Delhi,259,22,0,1,0
11832,52,4136.45,20,UPI,Mobile,Delhi,168,24,1,0,0
11833,41,2654.17,22,UPI,Mobile,Pune,550,24,0,0,0
11834,30,2717.36,16,Credit Card,Mobile,Delhi,605,19,1,0,0
11835,34,5852.91,23,Credit Card,Mobile,Mumbai,34,17,2,0,0
11836,31,2193.29,13,UPI,Mobile,Jaipur,119,13,0,0,0
11837,33,3368.48,9,UPI,Mobile,Mumbai,103,29,2,1,0
11838,44,6857.36,5,UPI,Mobile,Pune,200,15,1,1,0
11839,43,2874.89,4,Credit Card,Mobile,Delhi,288,18,1,0,0
11840,18,1290.95,12,UPI,Desktop,Delhi,63,18,1,0,0
11841,42,1142.54,20,Debit Card,Mobile,Pune,181,18,1,0,0
11842,19,7004.11,23,UPI,Mobile,Pune,53,24,2,0,0
11843,37,4358.37,2,Credit Card,Mobile,Pune,241,18,0,0,0
11844,18,1262.79,6,Net Banking,Mobile,Ahmedabad,76,19,1,0,0
11845,25,7992.7,2,UPI,Mobile,Delhi,74,17,3,0,1
11846,47,16900.44,6,UPI,Mobile,Jaipur,552,23,1,0,0
11847,28,1585.04,12,UPI,Mobile,Pune,367,19,2,0,0
11848,41,24758.76,6,UPI,Mobile,Ahmedabad,9,12,1,0,1
11849,37,2137.0,6,UPI,Desktop,Ahmedabad,488,18,2,1,0
11850,23,4030.17,0,Credit Card,Desktop,Pune,76,23,4,1,1
11851,18,2087.83,7,UPI,Mobile,Bengaluru,85,13,1,0,0
11852,35,2290.0,11,Credit Card,Mobile,Pune,813,21,2,0,0
11853,39,2472.58,10,UPI,Mobile,Delhi,185,17,1,0,0
11854,32,3874.48,18,Debit Card,Mobile,Delhi,160,19,2,0,0
11855,34,10367.72,10,Debit Card,Mobile,Pune,769,21,0,0,0
11856,26,2756.46,0,UPI,Mobile,Mumbai,225,20,0,0,0
11857,37,1906.83,6,UPI,Mobile,Delhi,91,18,1,0,0
11858,18,14952.09,8,UPI,Mobile,Bengaluru,16,26,3,0,0
11859,42,1346.36,20,UPI,Mobile,Mumbai,208,28,0,0,0
11860,43,1870.23,0,UPI,Mobile,Delhi,1147,20,2,0,0
11861,33,5325.34,16,UPI,Mobile,Jaipur,54,19,1,0,0
11862,30,1758.85,22,Credit Card,Desktop,Jaipur,366,17,0,0,0
11863,23,1903.69,22,UPI,Mobile,Delhi,255,30,0,0,0
11864,25,2439.11,4,UPI,Mobile,Mumbai,15,31,2,0,0
11865,27,6512.99,13,Debit Card,Tablet,Bengaluru,342,21,0,0,0
11866,35,6437.23,18,Credit Card,Mobile,Pune,523,21,2,0,0
11867,36,2419.45,0,UPI,Mobile,Delhi,234,23,1,0,0
11868,45,4127.08,1,UPI,Mobile,Mumbai,471,18,0,0,0
11869,18,2482.71,6,UPI,Mobile,Delhi,321,21,0,0,0
11870,25,6921.28,1,Credit Card,Mobile,Mumbai,359,20,1,0,0
11871,37,1619.87,9,UPI,Mobile,Delhi,244,28,1,1,0
11872,19,720.4,0,Debit Card,Mobile,Pune,503,27,3,1,0
11873,40,941.91,4,Credit Card,Desktop,Pune,226,25,0,0,0
11874,38,2276.67,7,Debit Card,Mobile,Bengaluru,158,23,0,0,0
11875,18,1428.34,15,Debit Card,Mobile,Bengaluru,553,21,1,0,0
11876,44,969.01,12,UPI,Mobile,Delhi,196,20,1,0,0
11877,46,1221.22,23,Debit Card,Mobile,Delhi,243,10,1,0,0
11878,40,1047.56,1,UPI,Mobile,Bengaluru,13,20,1,0,0
11879,18,5938.35,9,UPI,Mobile,Pune,43,20,1,0,0
11880,32,1125.37,16,UPI,Mobile,Ahmedabad,74,8,0,0,0
11881,47,5005.75,17,UPI,Desktop,Delhi,216,29,1,0,0
11882,40,691.68,7,UPI,Mobile,Ahmedabad,182,31,0,0,0
11883,23,4450.92,9,UPI,Mobile,Pune,70,23,3,0,0
11884,30,6300.66,11,UPI,Mobile,Mumbai,206,17,0,0,0
11885,39,5960.51,4,Credit Card,Mobile,Jaipur,360,24,1,0,1
11886,62,6460.15,20,Credit Card,Tablet,Delhi,20,14,1,0,1
11887,37,2384.09,8,UPI,Mobile,Mumbai,587,12,2,0,0
11888,27,1621.21,20,UPI,Mobile,Pune,331,17,0,0,0
11889,22,1944.02,19,Net Banking,Mobile,Delhi,427,24,0,0,0
11890,43,3201.31,19,UPI,Mobile,Delhi,1097,14,1,0,0
11891,44,2432.29,8,UPI,Mobile,Delhi,197,23,2,0,0
11892,26,5640.19,17,Debit Card,Mobile,Jaipur,304,23,0,0,0
11893,44,3320.26,1,UPI,Mobile,Mumbai,171,21,0,1,0
11894,38,6798.56,12,Debit Card,Mobile,Delhi,37,22,0,0,0
11895,53,2569.61,9,UPI,Mobile,Ahmedabad,896,28,0,0,0
11896,37,2202.27,12,UPI,Tablet,Delhi,19,20,0,0,0
11897,43,11201.98,10,UPI,Mobile,Mumbai,138,10,0,1,0
11898,20,8179.2,0,Credit Card,Mobile,Mumbai,23,26,0,0,0
11899,33,3320.02,11,Credit Card,Tablet,Delhi,585,20,1,1,0
11900,25,2685.69,6,UPI,Mobile,Mumbai,241,22,1,0,0
11901,32,5652.23,19,UPI,Mobile,Bengaluru,570,16,1,1,1
11902,36,1884.86,19,UPI,Mobile,Bengaluru,175,21,0,0,0
11903,36,2428.19,17,UPI,Mobile,Jaipur,452,17,0,0,0
11904,48,3383.9,2,UPI,Mobile,Jaipur,97,19,1,0,0
11905,31,804.08,5,UPI,Mobile,Mumbai,53,24,1,0,0
11906,35,11038.94,18,UPI,Tablet,Delhi,83,17,0,1,0
11907,30,2190.08,18,UPI,Mobile,Pune,39,18,3,0,0
11908,28,1633.26,8,UPI,Mobile,Ahmedabad,286,17,4,0,0
11909,50,1576.71,3,Net Banking,Mobile,Bengaluru,23,17,0,0,0
11910,27,4128.85,15,Credit Card,Mobile,Delhi,320,26,2,0,0
11911,18,3945.84,3,Net Banking,Mobile,Mumbai,752,21,0,0,1
11912,18,3409.64,23,UPI,Mobile,Jaipur,74,20,2,0,0
11913,47,5239.29,13,Credit Card,Mobile,Bengaluru,100,21,0,0,0
11914,54,10519.27,17,Credit Card,Mobile,Bengaluru,96,11,0,0,0
11915,40,1607.57,5,UPI,Mobile,Pune,40,11,0,0,0
11916,56,1162.36,14,UPI,Mobile,Mumbai,55,21,1,0,0
11917,34,1069.43,6,UPI,Mobile,Bengaluru,526,13,1,0,0
11918,26,893.74,20,UPI,Mobile,Ahmedabad,906,10,0,0,0
11919,31,3805.66,18,UPI,Mobile,Mumbai,39,28,1,0,0
11920,37,4071.14,8,UPI,Mobile,Pune,151,15,1,0,0
11921,54,4415.68,1,UPI,Mobile,Jaipur,296,20,1,0,0
11922,51,4319.93,4,UPI,Mobile,Bengaluru,730,17,0,0,0
11923,28,7821.69,17,UPI,Mobile,Ahmedabad,419,23,1,1,0
11924,30,2558.02,7,Credit Card,Desktop,Bengaluru,60,20,0,1,0
11925,32,3379.76,10,UPI,Mobile,Jaipur,1,19,1,1,0
11926,33,30164.11,18,UPI,Mobile,Bengaluru,12,22,2,0,0
11927,34,1148.95,11,UPI,Tablet,Mumbai,53,23,0,0,0
11928,25,2417.38,13,Net Banking,Mobile,Bengaluru,144,25,2,1,0
11929,31,14394.6,8,Credit Card,Mobile,Delhi,1006,18,0,0,0
11930,44,2280.89,22,UPI,Mobile,Delhi,318,16,0,0,0
11931,23,6339.26,12,Debit Card,Mobile,Jaipur,355,24,1,0,0
11932,35,15745.62,1,Net Banking,Mobile,Mumbai,986,18,1,1,0
11933,25,1092.18,10,UPI,Mobile,Delhi,310,17,0,0,0
11934,18,1204.35,17,UPI,Mobile,Ahmedabad,269,23,1,0,0
11935,30,2243.64,7,UPI,Mobile,Delhi,571,19,2,0,0
11936,62,7094.75,4,UPI,Mobile,Pune,45,20,2,0,0
11937,29,5933.92,6,UPI,Mobile,Bengaluru,300,20,0,0,0
11938,34,2599.38,4,Credit Card,Desktop,Delhi,69,17,1,0,0
11939,33,2802.67,13,UPI,Mobile,Bengaluru,335,13,1,0,0
11940,40,2288.76,1,UPI,Mobile,Pune,26,14,0,0,0
11941,18,3036.34,7,UPI,Mobile,Delhi,302,19,0,0,0
11942,41,2479.67,13,UPI,Desktop,Mumbai,761,18,3,0,0
11943,38,3577.13,20,Debit Card,Mobile,Mumbai,197,21,0,0,0
11944,32,1608.5,16,UPI,Mobile,Bengaluru,45,25,1,0,0
11945,42,9955.34,3,UPI,Mobile,Delhi,511,24,1,1,0
11946,30,1590.35,17,UPI,Mobile,Jaipur,309,14,2,0,0
11947,25,721.21,3,UPI,Desktop,Delhi,63,31,0,1,0
11948,25,625.63,2,Credit Card,Mobile,Bengaluru,34,23,1,0,1
11949,24,560.08,12,UPI,Desktop,Delhi,510,28,1,0,0
11950,41,11698.3,1,Credit Card,Mobile,Delhi,8,22,2,0,1
11951,49,1155.86,2,UPI,Tablet,Jaipur,146,18,0,0,0
11952,22,909.87,19,UPI,Mobile,Delhi,109,23,0,0,0
11953,27,6465.23,21,UPI,Mobile,Jaipur,12,12,0,0,0
11954,30,3278.63,4,Credit Card,Mobile,Pune,1176,20,0,0,0
11955,61,1465.35,10,UPI,Mobile,Mumbai,19,10,3,0,1
11956,39,11666.83,1,UPI,Mobile,Jaipur,120,24,2,0,0
11957,41,14516.72,18,UPI,Mobile,Bengaluru,777,16,1,0,0
11958,25,4587.85,1,UPI,Tablet,Mumbai,75,27,0,0,0
11959,43,1318.02,2,Credit Card,Mobile,Delhi,576,28,2,0,0
11960,25,6493.81,10,UPI,Mobile,Bengaluru,400,23,1,0,0
11961,25,1688.36,5,Credit Card,Mobile,Bengaluru,342,16,0,0,0
11962,18,2372.78,21,UPI,Mobile,Bengaluru,11,15,0,0,0
11963,48,5870.64,7,UPI,Tablet,Bengaluru,837,19,1,0,0
11964,42,2537.36,12,Credit Card,Mobile,Ahmedabad,50,19,0,0,0
11965,38,2718.9,22,UPI,Mobile,Mumbai,132,21,1,1,0
11966,48,2086.9,20,UPI,Mobile,Mumbai,373,17,0,0,0
11967,23,1808.83,14,UPI,Mobile,Jaipur,450,20,2,1,0
11968,42,2585.39,2,UPI,Mobile,Mumbai,160,18,1,0,0
11969,29,7253.07,12,Net Banking,Mobile,Bengaluru,274,16,3,0,0
11970,46,5558.29,23,UPI,Mobile,Bengaluru,101,15,1,0,0
11971,51,2593.01,3,UPI,Mobile,Delhi,62,17,1,0,0
11972,29,963.64,21,Credit Card,Mobile,Bengaluru,72,8,0,0,0
11973,29,10717.73,10,Credit Card,Mobile,Mumbai,159,15,1,1,0
11974,34,2384.84,18,Net Banking,Mobile,Jaipur,94,23,1,0,0
11975,38,1057.52,2,UPI,Mobile,Ahmedabad,220,22,0,0,0
11976,38,1779.19,23,UPI,Mobile,Bengaluru,27,19,0,0,0
11977,33,1110.77,9,UPI,Mobile,Mumbai,33,29,0,0,0
11978,37,2307.89,18,Credit Card,Desktop,Delhi,32,13,1,0,0
11979,62,2731.23,13,Debit Card,Mobile,Delhi,614,16,0,0,0
11980,33,2908.06,13,UPI,Mobile,Bengaluru,276,21,0,0,0
11981,29,7707.61,8,UPI,Mobile,Delhi,6,12,0,1,0
11982,38,3168.96,17,Credit Card,Mobile,Jaipur,222,19,1,0,0
11983,36,2026.02,5,UPI,Mobile,Pune,224,15,2,0,0
11984,24,3734.93,10,UPI,Mobile,Delhi,713,20,3,0,0
11985,32,1367.31,4,UPI,Mobile,Mumbai,641,21,0,0,0
11986,37,5510.13,10,UPI,Desktop,Delhi,531,26,1,1,0
11987,40,6303.5,3,Credit Card,Mobile,Delhi,179,13,1,0,0
11988,35,2901.29,13,Credit Card,Mobile,Delhi,157,18,1,0,0
11989,37,15651.27,15,Debit Card,Mobile,Delhi,17,19,0,0,0
11990,32,2266.21,9,UPI,Tablet,Pune,91,18,2,0,0
11991,32,1095.3,23,UPI,Mobile,Mumbai,425,17,0,1,0
11992,34,4868.34,9,UPI,Mobile,Mumbai,57,17,0,0,0
11993,23,2534.93,3,UPI,Mobile,Bengaluru,102,29,1,0,0
11994,18,912.85,18,UPI,Mobile,Pune,431,23,0,0,0
11995,20,3515.01,14,UPI,Mobile,Mumbai,27,24,1,0,0
11996,21,1370.72,13,UPI,Desktop,Jaipur,308,19,3,1,1
11997,48,734.24,12,Debit Card,Mobile,Pune,393,26,2,0,0
11998,30,3712.98,5,UPI,Desktop,Delhi,39,19,2,0,0
11999,34,2540.6,22,Net Banking,Mobile,Ahmedabad,466,16,1,0,0
12000,39,2305.95,12,UPI,Mobile,Pune,427,28,0,0,1
12001,50,1985.38,11,UPI,Mobile,Ahmedabad,360,25,0,1,0
12002,55,1605.25,8,Net Banking,Mobile,Ahmedabad,6,14,0,0,0
12003,41,723.57,20,Debit Card,Mobile,Jaipur,131,20,2,1,0
12004,30,1171.88,5,UPI,Mobile,Mumbai,80,19,5,0,1
12005,18,2571.36,15,UPI,Mobile,Mumbai,494,24,2,0,0
12006,43,9632.57,17,UPI,Mobile,Delhi,103,19,0,0,0
12007,36,1908.87,10,Credit Card,Desktop,Bengaluru,54,22,1,0,0
12008,21,1527.77,23,UPI,Mobile,Jaipur,74,19,1,0,0
12009,27,855.67,20,Credit Card,Mobile,Mumbai,299,29,0,0,0
12010,18,3399.65,8,Debit Card,Mobile,Pune,309,21,0,0,0
12011,25,873.44,22,UPI,Mobile,Delhi,75,13,1,0,0
12012,49,6414.24,5,UPI,Mobile,Bengaluru,40,16,0,0,0
12013,47,5409.65,10,UPI,Mobile,Jaipur,329,19,1,1,0
12014,37,6493.08,13,Net Banking,Mobile,Mumbai,271,22,1,1,0
12015,29,1436.33,8,UPI,Mobile,Mumbai,284,18,1,0,0
12016,36,10852.09,21,UPI,Desktop,Jaipur,53,21,0,0,0
12017,38,5328.73,19,Net Banking,Mobile,Bengaluru,207,17,1,0,0
12018,20,1568.22,5,UPI,Mobile,Jaipur,120,21,1,0,0
12019,28,533.38,15,UPI,Mobile,Ahmedabad,61,20,3,1,1
12020,53,1486.91,2,Credit Card,Mobile,Jaipur,940,21,2,0,0
12021,22,4240.94,16,UPI,Mobile,Ahmedabad,137,17,1,0,0
12022,23,844.19,9,UPI,Mobile,Jaipur,114,14,0,0,0
12023,36,625.5,21,UPI,Mobile,Bengaluru,276,24,1,0,0
12024,35,684.49,18,Debit Card,Tablet,Pune,769,18,3,1,0
12025,37,2219.01,21,UPI,Mobile,Mumbai,71,24,1,0,0
12026,56,14766.8,10,UPI,Desktop,Jaipur,90,18,1,0,0
12027,19,22222.68,4,UPI,Mobile,Jaipur,263,17,1,0,0
12028,21,4357.03,16,UPI,Mobile,Ahmedabad,502,27,1,0,0
12029,18,3270.56,6,UPI,Mobile,Mumbai,88,18,1,0,0
12030,39,16536.5,6,UPI,Mobile,Jaipur,698,16,0,1,0
12031,57,7632.85,20,Credit Card,Mobile,Delhi,43,24,0,0,0
12032,31,4825.7,13,UPI,Mobile,Bengaluru,915,17,0,0,0
12033,34,2704.36,1,UPI,Mobile,Jaipur,47,22,2,0,0
12034,22,2010.82,15,Credit Card,Mobile,Delhi,477,10,2,0,0
12035,38,1096.12,11,UPI,Mobile,Mumbai,81,22,1,0,0
12036,36,8364.84,7,UPI,Mobile,Mumbai,42,26,0,0,0
12037,39,3368.86,2,UPI,Mobile,Delhi,1121,20,0,0,0
12038,61,3143.24,17,UPI,Mobile,Delhi,82,16,1,0,0
12039,18,2622.46,6,UPI,Mobile,Jaipur,441,23,1,0,0
12040,41,6051.69,16,Credit Card,Mobile,Pune,96,12,1,0,0
12041,40,10788.66,8,UPI,Mobile,Ahmedabad,1,19,2,0,0
12042,20,2245.21,15,UPI,Mobile,Jaipur,148,27,2,0,0
12043,39,1677.51,6,UPI,Mobile,Mumbai,69,17,1,0,0
12044,29,3160.6,10,Credit Card,Mobile,Delhi,21,19,2,0,0
12045,33,2627.45,9,UPI,Mobile,Mumbai,229,17,0,0,0
12046,36,2606.42,12,UPI,Tablet,Pune,215,22,0,0,0
12047,29,1863.33,17,UPI,Mobile,Bengaluru,237,25,0,0,0
12048,18,4862.83,3,UPI,Desktop,Ahmedabad,195,22,1,0,1
12049,35,1753.11,19,UPI,Mobile,Jaipur,572,18,0,0,0
12050,47,3234.84,22,UPI,Mobile,Ahmedabad,90,18,1,0,0
12051,43,3088.67,13,UPI,Mobile,Delhi,177,16,1,0,0
12052,34,9910.34,11,UPI,Desktop,Delhi,507,20,2,0,0
12053,32,523.57,22,UPI,Mobile,Mumbai,1,20,1,0,0
12054,35,558.75,3,UPI,Mobile,Mumbai,158,17,0,1,0
12055,46,2530.37,14,UPI,Mobile,Bengaluru,41,23,1,0,0
12056,18,4980.43,6,UPI,Desktop,Jaipur,1606,20,1,0,0
12057,50,2942.16,1,UPI,Mobile,Bengaluru,1422,17,1,0,0
12058,26,2828.26,7,UPI,Desktop,Bengaluru,199,18,2,1,0
12059,18,2411.86,9,Net Banking,Mobile,Ahmedabad,174,22,0,0,0
12060,47,4357.52,5,Credit Card,Mobile,Bengaluru,245,18,0,0,0
12061,50,1916.86,4,UPI,Mobile,Mumbai,342,21,0,0,0
12062,18,1209.88,22,Credit Card,Desktop,Delhi,558,23,1,0,0
12063,27,1685.41,0,UPI,Desktop,Bengaluru,112,22,1,1,0
12064,34,996.61,11,UPI,Mobile,Jaipur,199,25,0,0,0
12065,35,6276.27,0,UPI,Desktop,Bengaluru,161,21,0,0,0
12066,28,5487.98,12,UPI,Mobile,Pune,401,18,1,0,0
12067,35,856.11,11,UPI,Desktop,Mumbai,68,19,0,0,0
12068,35,3050.2,17,UPI,Mobile,Bengaluru,69,23,0,0,0
12069,42,3666.43,23,UPI,Mobile,Bengaluru,155,21,1,0,0
12070,46,5168.93,0,UPI,Desktop,Delhi,518,19,0,0,0
12071,20,2011.63,3,UPI,Tablet,Delhi,126,19,0,0,0
12072,48,1322.22,18,Debit Card,Mobile,Mumbai,569,26,1,0,0
12073,38,3013.48,9,Credit Card,Tablet,Delhi,143,29,1,0,0
12074,18,4888.62,8,UPI,Mobile,Delhi,1317,21,1,0,0
12075,39,2396.73,21,Credit Card,Mobile,Pune,273,20,2,0,0
12076,42,2433.54,4,UPI,Mobile,Bengaluru,194,27,0,0,0
12077,18,2907.97,23,UPI,Mobile,Mumbai,369,21,0,0,0
12078,22,1748.77,15,UPI,Mobile,Bengaluru,131,23,0,0,0
12079,41,2145.7,10,UPI,Mobile,Delhi,60,25,1,1,0
12080,33,3994.05,8,UPI,Mobile,Ahmedabad,463,14,2,0,0
12081,41,8379.54,6,Credit Card,Mobile,Ahmedabad,40,19,0,0,0
12082,32,4029.54,19,UPI,Mobile,Ahmedabad,296,20,0,0,0
12083,37,3436.16,3,UPI,Mobile,Bengaluru,46,19,0,0,0
12084,45,2271.1,13,UPI,Mobile,Ahmedabad,121,20,0,0,0
12085,36,2163.27,23,Debit Card,Mobile,Bengaluru,649,15,0,0,0
12086,35,2408.1,15,Debit Card,Mobile,Jaipur,197,16,0,0,0
12087,50,4945.02,13,Credit Card,Mobile,Ahmedabad,47,17,0,0,0
12088,48,2517.05,6,UPI,Desktop,Delhi,39,24,4,0,1
12089,35,8619.7,9,UPI,Mobile,Bengaluru,21,22,0,0,0
12090,52,4604.8,5,Credit Card,Mobile,Pune,16,22,1,1,0
12091,44,5859.6,17,UPI,Mobile,Mumbai,155,20,1,0,0
12092,18,212.22,15,UPI,Mobile,Bengaluru,104,9,0,0,0
12093,34,1104.44,10,UPI,Mobile,Mumbai,275,20,3,0,0
12094,30,2751.69,1,UPI,Mobile,Mumbai,421,18,0,0,0
12095,52,2096.87,23,UPI,Mobile,Pune,183,24,1,1,0
12096,47,247.29,5,UPI,Mobile,Mumbai,72,28,0,0,0
12097,23,4542.28,19,UPI,Mobile,Delhi,69,18,1,1,0
12098,38,2596.33,3,Credit Card,Mobile,Mumbai,155,20,0,0,1
12099,39,5311.83,10,Credit Card,Mobile,Bengaluru,15,22,0,0,1
12100,18,4891.66,10,UPI,Mobile,Mumbai,444,14,2,0,0
12101,31,6976.76,2,UPI,Mobile,Ahmedabad,193,18,0,0,0
12102,26,628.2,18,Credit Card,Mobile,Delhi,178,31,1,0,0
12103,18,17572.72,8,UPI,Mobile,Delhi,235,26,4,0,0
12104,20,2907.01,11,Net Banking,Mobile,Delhi,201,18,0,1,0
12105,50,3141.26,5,Debit Card,Mobile,Pune,483,19,1,0,0
12106,42,8964.74,21,UPI,Mobile,Pune,462,13,0,1,0
12107,49,2450.98,1,UPI,Desktop,Ahmedabad,315,25,0,0,0
12108,28,1267.18,15,Debit Card,Mobile,Mumbai,570,16,0,0,0
12109,52,5752.98,8,UPI,Mobile,Delhi,296,19,0,0,0
12110,21,1898.62,16,Net Banking,Mobile,Delhi,421,15,0,1,0
12111,49,1729.48,19,UPI,Mobile,Delhi,522,25,1,0,0
12112,43,1801.52,23,UPI,Mobile,Jaipur,32,24,4,0,0
12113,34,1329.23,3,UPI,Mobile,Bengaluru,4,18,1,0,1
12114,21,3366.68,7,UPI,Mobile,Pune,586,18,0,0,1
12115,39,2779.08,16,UPI,Mobile,Mumbai,27,19,1,1,0
12116,31,2455.66,23,UPI,Desktop,Mumbai,314,17,1,0,0
12117,28,4319.36,1,Net Banking,Mobile,Jaipur,34,26,2,0,1
12118,22,7318.85,0,UPI,Mobile,Delhi,410,21,2,0,0
12119,42,1299.79,15,Credit Card,Mobile,Bengaluru,278,21,2,0,0
12120,26,2285.05,2,UPI,Mobile,Pune,737,24,1,0,0
12121,58,3531.25,2,UPI,Mobile,Pune,84,18,0,0,0
12122,34,4165.89,0,Credit Card,Mobile,Bengaluru,129,23,1,0,0
12123,33,6960.65,17,UPI,Mobile,Delhi,1690,14,1,0,0
12124,32,12114.39,9,Net Banking,Mobile,Jaipur,127,24,0,0,0
12125,55,9424.19,15,UPI,Mobile,Bengaluru,1362,15,0,0,0
12126,45,1576.51,20,Credit Card,Mobile,Bengaluru,164,22,1,0,0
12127,23,556.23,5,Credit Card,Mobile,Pune,336,20,0,1,0
12128,57,2176.77,15,Credit Card,Desktop,Jaipur,63,20,1,0,0
12129,44,7816.76,1,Credit Card,Mobile,Ahmedabad,350,26,0,0,0
12130,22,3487.68,8,Debit Card,Mobile,Mumbai,146,27,0,0,0
12131,26,9958.26,8,Net Banking,Desktop,Delhi,954,26,1,1,0
12132,38,3271.09,16,UPI,Mobile,Delhi,66,23,2,0,0
12133,29,13513.83,6,UPI,Mobile,Mumbai,6,22,1,1,0
12134,56,7777.71,13,Credit Card,Mobile,Bengaluru,31,25,1,0,0
12135,30,3236.54,19,Credit Card,Mobile,Mumbai,136,20,0,0,0
12136,45,5505.55,21,UPI,Mobile,Delhi,211,16,0,0,0
12137,20,3034.13,23,UPI,Mobile,Mumbai,260,23,0,0,0
12138,31,340.73,19,UPI,Mobile,Bengaluru,216,23,0,1,0
12139,46,8612.34,10,Debit Card,Mobile,Jaipur,456,21,2,1,0
12140,24,1121.78,1,UPI,Desktop,Delhi,183,23,0,0,0
12141,35,2117.31,14,UPI,Mobile,Mumbai,23,23,0,0,0
12142,39,983.34,23,UPI,Mobile,Mumbai,622,23,3,0,1
12143,30,1060.09,15,Credit Card,Desktop,Jaipur,573,17,1,0,0
12144,33,4256.95,8,UPI,Desktop,Delhi,761,21,1,0,0
12145,28,1070.28,20,UPI,Mobile,Jaipur,443,16,0,1,0
12146,23,1338.05,5,UPI,Mobile,Jaipur,19,20,1,0,0
12147,28,3033.7,8,UPI,Mobile,Mumbai,386,22,1,0,0
12148,33,5366.58,2,UPI,Desktop,Mumbai,78,16,1,0,0
12149,36,3042.34,21,UPI,Mobile,Bengaluru,490,18,1,0,0
12150,29,11940.51,23,Credit Card,Mobile,Jaipur,327,21,1,0,1
12151,41,7343.45,18,Credit Card,Mobile,Mumbai,196,23,1,0,0
12152,59,1711.32,11,UPI,Mobile,Ahmedabad,844,30,0,0,0
12153,33,726.41,6,UPI,Desktop,Bengaluru,149,22,0,0,0
12154,18,1725.48,3,UPI,Mobile,Ahmedabad,129,18,2,0,0
12155,20,1974.0,8,UPI,Desktop,Delhi,163,17,0,0,0
12156,47,921.39,7,UPI,Desktop,Delhi,541,10,1,0,0
12157,49,552.76,7,UPI,Mobile,Jaipur,76,21,0,0,0
12158,43,7901.15,15,Net Banking,Mobile,Pune,791,17,1,1,0
12159,35,3043.39,8,UPI,Mobile,Ahmedabad,446,17,2,0,0
12160,32,4384.77,23,UPI,Desktop,Mumbai,157,25,2,0,0
12161,32,1869.68,0,Credit Card,Mobile,Ahmedabad,536,26,0,0,0
12162,62,3538.99,0,UPI,Mobile,Mumbai,276,16,0,0,0
12163,24,15194.15,2,Credit Card,Mobile,Mumbai,608,13,1,1,1
12164,27,3766.73,15,UPI,Mobile,Bengaluru,487,22,1,0,0
12165,41,2057.42,15,UPI,Tablet,Ahmedabad,336,23,0,0,0
12166,46,9641.19,9,Credit Card,Desktop,Mumbai,1092,21,2,0,0
12167,33,887.56,20,UPI,Mobile,Bengaluru,1934,25,0,0,0
12168,28,4924.23,9,Debit Card,Mobile,Ahmedabad,129,14,0,0,0
12169,32,2493.85,14,UPI,Mobile,Pune,99,20,1,0,0
12170,22,12143.66,16,UPI,Mobile,Delhi,414,19,0,0,0
12171,44,5885.82,22,UPI,Mobile,Mumbai,673,19,0,1,0
12172,31,2700.54,9,UPI,Mobile,Mumbai,14,18,1,1,1
12173,37,714.93,9,UPI,Desktop,Delhi,791,25,2,0,0
12174,30,4218.08,11,Credit Card,Mobile,Jaipur,819,18,0,0,0
12175,39,1301.54,21,Credit Card,Mobile,Delhi,97,24,0,0,0
12176,28,1929.54,8,UPI,Mobile,Jaipur,783,15,1,0,0
12177,31,5564.39,15,UPI,Mobile,Bengaluru,543,18,1,0,0
12178,26,1377.01,10,UPI,Mobile,Jaipur,270,24,0,1,0
12179,39,10252.47,0,Credit Card,Mobile,Ahmedabad,100,17,2,0,1
12180,47,2286.65,4,UPI,Mobile,Delhi,87,22,1,0,0
12181,36,2704.92,12,UPI,Desktop,Bengaluru,1124,21,1,0,0
12182,33,7907.88,20,UPI,Mobile,Mumbai,66,23,0,0,0
12183,27,2679.35,14,UPI,Mobile,Jaipur,1211,19,0,0,0
12184,19,2044.82,22,UPI,Desktop,Jaipur,182,20,0,0,0
12185,18,448.14,17,UPI,Mobile,Bengaluru,263,24,0,0,0
12186,32,1739.97,11,UPI,Mobile,Bengaluru,8,12,0,0,1
12187,28,2180.81,2,UPI,Mobile,Delhi,308,20,2,0,0
12188,18,1055.21,22,UPI,Mobile,Pune,373,18,1,0,0
12189,34,3748.88,23,Credit Card,Mobile,Bengaluru,27,20,0,0,0
12190,22,2577.45,1,UPI,Mobile,Pune,457,21,0,0,0
12191,48,3696.86,17,UPI,Mobile,Delhi,382,25,0,0,1
12192,40,2169.31,4,UPI,Mobile,Ahmedabad,172,13,0,0,0
12193,37,6498.18,8,Credit Card,Mobile,Mumbai,310,21,4,0,0
12194,19,4199.43,9,Credit Card,Mobile,Bengaluru,266,22,4,0,0
12195,30,3970.59,1,Debit Card,Mobile,Delhi,74,25,0,0,0
12196,26,1230.85,23,UPI,Mobile,Pune,113,13,0,0,0
12197,33,2067.31,5,Debit Card,Mobile,Jaipur,514,18,0,1,1
12198,26,11495.23,16,UPI,Desktop,Delhi,81,19,3,0,0
12199,19,4089.98,4,UPI,Mobile,Pune,1,19,0,0,1
12200,19,6123.52,1,UPI,Desktop,Bengaluru,182,19,0,0,0
12201,32,1806.28,15,Debit Card,Mobile,Delhi,52,22,0,0,0
12202,18,3317.11,4,UPI,Mobile,Ahmedabad,1135,21,0,0,0
12203,45,1558.73,16,Debit Card,Mobile,Bengaluru,33,20,1,0,0
12204,21,5182.2,17,Debit Card,Desktop,Bengaluru,60,17,0,0,0
12205,34,4411.52,6,UPI,Mobile,Bengaluru,361,15,1,0,0
12206,33,2201.86,3,UPI,Mobile,Mumbai,60,21,0,0,0
12207,38,1421.22,7,Credit Card,Mobile,Delhi,301,21,0,1,0
12208,41,5873.49,3,Credit Card,Mobile,Pune,647,19,0,0,0
12209,18,2321.08,2,UPI,Mobile,Delhi,75,16,1,0,0
12210,42,4306.63,6,Net Banking,Desktop,Jaipur,359,23,5,0,0
12211,18,3461.43,8,Credit Card,Desktop,Delhi,14,25,1,0,0
12212,39,833.67,20,Debit Card,Mobile,Pune,254,19,1,0,0
12213,42,2529.27,5,UPI,Mobile,Ahmedabad,133,23,1,0,0
12214,18,2936.69,11,UPI,Desktop,Pune,38,16,0,1,0
12215,32,6674.11,5,UPI,Mobile,Jaipur,4,13,1,0,1
12216,43,992.2,9,UPI,Mobile,Ahmedabad,35,21,2,0,0
12217,31,2731.62,7,Debit Card,Mobile,Bengaluru,313,23,3,0,0
12218,37,6232.47,3,UPI,Mobile,Mumbai,361,22,0,0,0
12219,59,4737.63,2,Credit Card,Mobile,Bengaluru,1302,20,0,0,0
12220,18,613.14,12,UPI,Mobile,Delhi,321,19,2,0,0
12221,26,1106.83,22,UPI,Mobile,Mumbai,326,15,3,0,0
12222,51,11591.52,13,Credit Card,Mobile,Delhi,756,19,0,1,0
12223,18,2800.53,8,Net Banking,Mobile,Pune,486,20,0,0,0
12224,39,2522.13,16,Credit Card,Mobile,Pune,132,24,6,0,0
12225,39,1204.84,17,UPI,Mobile,Ahmedabad,110,16,0,0,0
12226,58,4815.06,18,UPI,Mobile,Delhi,154,24,1,1,0
12227,33,15236.71,23,UPI,Mobile,Delhi,100,13,0,0,0
12228,42,4840.66,23,UPI,Mobile,Delhi,12,24,0,0,0
12229,49,569.93,20,Debit Card,Mobile,Bengaluru,411,15,1,0,0
12230,18,2260.22,21,Credit Card,Mobile,Bengaluru,45,11,3,1,1
12231,40,3360.03,14,Debit Card,Mobile,Pune,680,24,3,0,0
12232,46,897.32,10,UPI,Mobile,Ahmedabad,312,11,0,0,0
12233,36,8068.1,22,Debit Card,Tablet,Mumbai,381,23,1,0,0
12234,24,859.85,7,Net Banking,Mobile,Jaipur,221,23,1,0,0
12235,47,2884.77,12,UPI,Desktop,Mumbai,63,18,1,0,0
12236,33,5579.11,20,UPI,Mobile,Bengaluru,58,21,4,0,1
12237,37,6827.02,15,Credit Card,Mobile,Bengaluru,320,25,3,0,0
12238,24,1613.0,22,Credit Card,Mobile,Mumbai,38,14,0,1,0
12239,18,5561.95,18,Credit Card,Mobile,Mumbai,205,13,2,1,0
12240,38,8779.58,9,Net Banking,Mobile,Pune,113,15,2,1,0
12241,48,2145.99,13,UPI,Tablet,Mumbai,873,23,0,0,0
12242,18,1636.92,2,Credit Card,Mobile,Jaipur,38,15,0,0,0
12243,26,13899.91,4,UPI,Desktop,Jaipur,37,19,1,0,0
12244,28,4095.02,11,UPI,Mobile,Delhi,889,17,0,0,0
12245,18,11877.41,9,UPI,Mobile,Mumbai,355,29,0,0,0
12246,32,1370.95,0,Credit Card,Mobile,Ahmedabad,150,33,2,0,0
12247,51,1415.56,9,UPI,Mobile,Ahmedabad,511,23,2,1,0
12248,34,3598.24,23,UPI,Mobile,Jaipur,233,11,2,0,0
12249,20,2552.65,23,UPI,Mobile,Delhi,500,26,0,0,0
12250,39,632.46,23,UPI,Mobile,Pune,428,22,1,0,0
12251,36,3309.11,0,UPI,Mobile,Bengaluru,190,16,0,0,1
12252,36,8586.55,0,UPI,Mobile,Bengaluru,805,20,0,0,0
12253,33,1787.52,5,Credit Card,Desktop,Jaipur,1,20,0,0,0
12254,25,8305.26,14,UPI,Mobile,Ahmedabad,573,13,0,0,0
12255,23,1552.97,12,UPI,Mobile,Delhi,524,15,0,0,0
12256,47,1592.56,6,UPI,Desktop,Jaipur,650,25,0,0,0
12257,42,1129.81,23,UPI,Mobile,Pune,45,24,1,0,0
12258,24,4875.92,9,Debit Card,Desktop,Mumbai,434,24,0,0,0
12259,30,8402.21,16,UPI,Mobile,Delhi,3,26,0,0,0
12260,18,4173.98,20,UPI,Mobile,Bengaluru,152,15,1,0,0
12261,33,3835.9,11,Credit Card,Mobile,Delhi,114,19,0,0,0
12262,40,11213.08,10,UPI,Mobile,Pune,135,19,1,0,0
12263,30,2487.51,3,UPI,Mobile,Mumbai,32,25,1,0,0
12264,49,11950.16,6,UPI,Mobile,Ahmedabad,395,27,0,0,0
12265,18,6848.3,13,UPI,Mobile,Delhi,81,18,1,0,0
12266,34,649.71,7,UPI,Desktop,Delhi,276,14,0,0,0
12267,18,9960.16,11,Credit Card,Mobile,Ahmedabad,354,13,1,0,0
12268,42,2790.62,19,Credit Card,Mobile,Delhi,485,12,1,0,0
12269,22,254.68,23,UPI,Mobile,Mumbai,86,20,1,0,0
12270,39,5062.32,23,UPI,Mobile,Delhi,53,21,0,0,0
12271,23,3074.0,9,UPI,Desktop,Jaipur,11,23,2,0,0
12272,18,9411.14,5,UPI,Desktop,Mumbai,72,15,2,1,0
12273,40,2269.21,4,Credit Card,Mobile,Mumbai,118,20,1,0,0
12274,32,249.4,4,Debit Card,Mobile,Bengaluru,6,18,2,0,0
12275,30,1189.08,5,UPI,Mobile,Bengaluru,524,21,0,0,0
12276,45,7684.73,3,Net Banking,Mobile,Delhi,883,13,1,1,0
12277,32,7686.28,13,UPI,Mobile,Mumbai,131,17,3,0,0
12278,40,5586.08,16,UPI,Desktop,Pune,289,30,0,0,0
12279,18,6680.17,8,Credit Card,Mobile,Delhi,196,23,2,0,0
12280,38,4169.43,7,UPI,Mobile,Delhi,266,19,1,0,0
12281,32,1087.38,17,UPI,Mobile,Mumbai,250,18,0,0,0
12282,27,714.09,19,UPI,Desktop,Delhi,485,17,0,0,0
12283,24,1457.01,6,UPI,Mobile,Jaipur,709,28,1,0,0
12284,18,4063.76,11,UPI,Mobile,Pune,197,21,1,0,0
12285,51,1075.38,20,UPI,Mobile,Jaipur,1523,14,0,0,0
12286,39,7427.07,19,UPI,Desktop,Bengaluru,331,20,0,1,0
12287,22,11031.98,21,UPI,Mobile,Bengaluru,35,18,4,0,1
12288,39,3499.2,6,UPI,Mobile,Bengaluru,175,25,0,0,0
12289,18,6049.13,12,UPI,Mobile,Delhi,303,29,1,0,0
12290,36,13966.37,15,Debit Card,Mobile,Mumbai,603,22,1,0,0
12291,39,10256.65,14,UPI,Mobile,Bengaluru,74,21,1,0,0
12292,31,5011.0,23,Credit Card,Mobile,Delhi,11,19,0,1,1
12293,31,7229.19,12,UPI,Mobile,Delhi,421,24,2,0,0
12294,29,2185.37,0,UPI,Mobile,Delhi,159,20,0,0,0
12295,45,2139.3,22,Credit Card,Mobile,Delhi,88,21,1,0,0
12296,21,2398.16,10,Debit Card,Mobile,Mumbai,339,21,0,0,0
12297,39,1565.82,1,UPI,Mobile,Delhi,565,22,0,0,0
12298,30,2630.71,5,Credit Card,Mobile,Bengaluru,46,20,1,1,0
12299,51,6059.38,14,UPI,Mobile,Mumbai,420,17,0,0,0
12300,23,2972.9,4,Debit Card,Mobile,Delhi,184,28,0,0,0
12301,33,1413.79,19,UPI,Mobile,Ahmedabad,220,20,1,0,0
12302,40,6022.23,1,UPI,Mobile,Bengaluru,49,22,2,0,0
12303,36,6715.66,8,UPI,Desktop,Ahmedabad,34,17,1,0,0
12304,28,605.27,1,UPI,Mobile,Bengaluru,1351,27,0,0,0
12305,43,4466.97,7,UPI,Mobile,Mumbai,716,20,2,0,0
12306,22,7478.99,23,Debit Card,Tablet,Delhi,242,15,1,0,0
12307,45,632.23,20,Net Banking,Mobile,Pune,4,21,0,0,0
12308,47,5536.89,22,Debit Card,Desktop,Bengaluru,83,19,0,0,0
12309,43,4620.23,5,Debit Card,Mobile,Mumbai,506,19,1,0,0
12310,19,3573.57,20,UPI,Mobile,Delhi,86,14,1,0,0
12311,29,2347.07,22,UPI,Mobile,Delhi,143,26,0,0,0
12312,28,514.1,10,Credit Card,Tablet,Mumbai,164,22,0,0,0
12313,37,11257.16,18,UPI,Mobile,Delhi,46,21,3,0,0
12314,31,12028.23,11,UPI,Mobile,Mumbai,72,24,1,1,0
12315,30,1620.19,6,UPI,Mobile,Pune,228,17,0,0,0
12316,38,656.45,5,UPI,Mobile,Delhi,149,17,1,0,0
12317,40,8640.71,2,UPI,Tablet,Mumbai,53,11,1,1,1
12318,45,2650.67,17,UPI,Mobile,Mumbai,25,22,0,0,0
12319,25,1972.65,12,Debit Card,Mobile,Mumbai,237,17,1,0,0
12320,30,6503.68,6,UPI,Mobile,Mumbai,426,17,2,0,0
12321,38,1696.12,21,UPI,Mobile,Bengaluru,12,14,1,1,0
12322,50,711.86,7,UPI,Mobile,Bengaluru,402,16,0,1,0
12323,40,1721.33,5,UPI,Desktop,Pune,40,19,1,1,0
12324,29,689.92,13,UPI,Mobile,Bengaluru,240,27,4,0,0
12325,22,5156.09,19,UPI,Mobile,Mumbai,82,23,1,0,0
12326,47,2057.22,1,UPI,Mobile,Delhi,30,18,0,1,1
12327,33,6249.36,11,UPI,Mobile,Jaipur,64,25,2,0,0
12328,37,3565.04,7,UPI,Mobile,Bengaluru,52,12,1,0,0
12329,49,3892.03,12,UPI,Mobile,Mumbai,56,15,0,0,0
12330,32,19776.7,15,Debit Card,Mobile,Jaipur,101,15,1,0,0
12331,29,4511.92,6,UPI,Mobile,Pune,35,15,1,0,0
12332,28,5857.75,6,Credit Card,Mobile,Bengaluru,45,24,2,0,0
12333,41,1872.47,20,UPI,Desktop,Bengaluru,397,24,3,0,0
12334,46,1494.97,21,Debit Card,Mobile,Bengaluru,2081,16,1,0,0
12335,22,1125.02,21,UPI,Desktop,Delhi,35,23,0,0,0
12336,34,5215.54,23,UPI,Desktop,Jaipur,570,23,0,0,0
12337,24,1039.25,22,Debit Card,Mobile,Jaipur,12,23,1,0,0
12338,21,1813.16,11,Credit Card,Mobile,Delhi,368,17,0,0,0
12339,37,4092.22,9,Debit Card,Mobile,Mumbai,35,22,0,0,0
12340,42,1954.39,6,UPI,Mobile,Bengaluru,313,24,1,0,0
12341,51,2167.77,7,Credit Card,Mobile,Bengaluru,43,20,1,0,0
12342,42,26664.3,13,UPI,Mobile,Delhi,268,14,0,0,0
12343,41,1336.84,4,Credit Card,Mobile,Bengaluru,163,24,1,0,0
12344,39,1511.5,5,UPI,Mobile,Bengaluru,249,25,0,0,0
12345,32,2914.5,21,UPI,Mobile,Jaipur,238,15,0,0,0
12346,33,4996.15,1,Net Banking,Mobile,Jaipur,67,15,2,0,0
12347,30,825.08,21,UPI,Mobile,Delhi,23,22,3,0,0
12348,41,2820.83,22,UPI,Mobile,Mumbai,159,17,1,1,0
12349,23,1656.44,18,UPI,Tablet,Ahmedabad,192,25,0,0,0
12350,45,4165.61,23,Debit Card,Mobile,Mumbai,140,14,1,0,0
12351,37,2432.06,5,Credit Card,Mobile,Mumbai,82,21,0,0,0
12352,26,2863.73,9,Credit Card,Mobile,Pune,101,22,1,0,0
12353,31,2754.81,0,UPI,Mobile,Pune,9,19,1,0,0
12354,33,10687.37,6,Credit Card,Mobile,Mumbai,405,25,0,1,1
12355,42,9837.84,21,Credit Card,Tablet,Pune,140,21,1,0,0
12356,18,3468.43,18,UPI,Mobile,Ahmedabad,37,24,1,0,0
12357,29,4518.88,10,UPI,Tablet,Delhi,493,25,1,1,0
12358,37,2163.54,3,Credit Card,Mobile,Bengaluru,7,25,1,0,0
12359,32,7835.15,5,UPI,Mobile,Mumbai,259,25,0,0,0
12360,37,2173.38,15,UPI,Mobile,Delhi,677,28,0,0,0
12361,35,1904.52,18,UPI,Desktop,Ahmedabad,108,14,1,0,0
12362,40,2559.74,12,UPI,Mobile,Bengaluru,189,17,1,1,0
12363,33,8997.69,22,Credit Card,Mobile,Mumbai,308,14,2,0,0
12364,21,4432.6,15,UPI,Mobile,Delhi,525,25,1,1,0
12365,18,2322.91,23,UPI,Mobile,Bengaluru,215,15,0,0,0
12366,20,2350.87,7,UPI,Mobile,Jaipur,68,15,3,1,0
12367,21,2196.01,5,UPI,Mobile,Jaipur,428,15,1,0,0
12368,28,1845.93,16,UPI,Mobile,Delhi,805,27,0,0,0
12369,32,2994.72,9,Debit Card,Mobile,Delhi,436,20,2,0,0
12370,29,6937.64,6,Credit Card,Mobile,Mumbai,536,29,0,1,0
12371,22,1758.07,23,UPI,Desktop,Ahmedabad,195,23,0,0,0
12372,37,2350.63,8,UPI,Mobile,Jaipur,88,22,1,0,0
12373,42,4471.22,13,UPI,Mobile,Bengaluru,226,17,3,1,0
12374,34,1187.91,16,UPI,Mobile,Mumbai,204,18,1,1,0
12375,34,602.96,13,UPI,Mobile,Pune,77,23,2,0,0
12376,26,3315.54,8,UPI,Mobile,Bengaluru,538,23,2,0,0
12377,19,2095.21,3,Credit Card,Mobile,Delhi,164,10,1,1,0
12378,48,7635.15,22,UPI,Desktop,Bengaluru,928,22,0,0,0
12379,18,3667.06,11,Credit Card,Desktop,Bengaluru,413,20,1,0,0
12380,47,7984.8,17,UPI,Mobile,Pune,224,19,0,0,0
12381,35,2747.25,14,Credit Card,Mobile,Mumbai,195,14,1,0,0
12382,29,5520.11,20,Credit Card,Mobile,Ahmedabad,65,21,0,0,0
12383,39,1044.29,5,UPI,Mobile,Pune,961,17,0,0,0
12384,18,7911.33,7,UPI,Mobile,Delhi,669,21,2,0,0
12385,51,9640.07,11,Credit Card,Desktop,Mumbai,60,24,1,0,0
12386,18,2160.0,2,UPI,Mobile,Bengaluru,114,17,0,0,0
12387,18,975.08,15,UPI,Mobile,Jaipur,143,22,3,0,0
12388,47,2221.49,21,UPI,Mobile,Pune,174,19,2,0,0
12389,51,9853.47,22,UPI,Mobile,Delhi,13,20,0,0,0
12390,38,784.1,13,UPI,Mobile,Delhi,400,20,2,0,0
12391,23,3736.16,18,UPI,Mobile,Ahmedabad,1065,20,1,0,0
12392,46,1839.5,10,UPI,Mobile,Mumbai,174,15,1,0,0
12393,37,5594.88,4,UPI,Mobile,Ahmedabad,877,24,0,1,1
12394,44,6028.46,20,Credit Card,Desktop,Mumbai,368,21,0,0,0
12395,25,2248.89,11,UPI,Mobile,Delhi,113,23,1,0,0
12396,40,10113.31,1,UPI,Mobile,Pune,632,21,0,0,0
12397,22,5776.02,1,UPI,Desktop,Mumbai,396,16,0,0,0
12398,42,3498.42,4,UPI,Mobile,Mumbai,109,22,0,0,0
12399,37,3804.23,21,UPI,Mobile,Delhi,164,27,0,0,0
12400,32,669.13,17,UPI,Mobile,Bengaluru,79,19,1,0,0
12401,37,5349.54,3,UPI,Mobile,Ahmedabad,209,17,0,0,0
12402,50,66848.17,17,UPI,Mobile,Delhi,88,20,2,0,0
12403,34,7488.87,9,UPI,Mobile,Mumbai,120,25,0,0,0
12404,26,1513.25,7,UPI,Tablet,Jaipur,369,22,2,1,0
12405,18,1702.46,22,Credit Card,Desktop,Bengaluru,72,10,1,0,0
12406,18,17998.59,0,Credit Card,Mobile,Mumbai,196,16,3,0,0
12407,23,5342.6,19,Net Banking,Mobile,Mumbai,82,27,0,0,0
12408,25,5095.15,7,Debit Card,Mobile,Pune,41,33,0,0,0
12409,36,1573.42,9,UPI,Mobile,Mumbai,407,20,3,0,1
12410,36,5251.62,2,Debit Card,Desktop,Mumbai,793,22,2,0,0
12411,31,6400.0,18,Credit Card,Desktop,Bengaluru,120,19,0,0,0
12412,49,661.02,17,UPI,Mobile,Bengaluru,436,23,1,0,0
12413,18,977.45,2,UPI,Mobile,Delhi,972,20,2,1,0
12414,50,5523.88,15,Net Banking,Mobile,Mumbai,7,20,1,0,0
12415,47,3220.51,23,UPI,Mobile,Bengaluru,5,11,1,0,0
12416,31,1813.77,9,UPI,Mobile,Bengaluru,403,19,0,0,0
12417,25,3115.32,3,UPI,Mobile,Mumbai,614,18,3,0,0
12418,40,2608.42,19,UPI,Mobile,Jaipur,993,27,0,0,0
12419,42,2516.74,10,UPI,Mobile,Bengaluru,117,26,0,0,0
12420,40,4871.57,12,UPI,Mobile,Mumbai,92,25,0,0,0
12421,71,4490.05,9,UPI,Mobile,Delhi,78,10,0,0,0
12422,34,814.69,2,UPI,Mobile,Mumbai,364,24,1,0,0
12423,38,924.1,7,UPI,Mobile,Mumbai,163,14,0,0,0
12424,31,1755.83,3,UPI,Mobile,Jaipur,219,23,1,0,0
12425,31,890.25,20,Credit Card,Mobile,Pune,293,16,0,0,0
12426,34,1778.77,5,Credit Card,Mobile,Bengaluru,374,20,4,0,0
12427,32,10996.31,15,UPI,Tablet,Bengaluru,287,24,0,0,0
12428,38,2763.82,21,UPI,Mobile,Jaipur,381,20,0,0,0
12429,25,3206.83,22,Credit Card,Mobile,Bengaluru,298,21,1,0,0
12430,48,15706.29,13,UPI,Mobile,Ahmedabad,163,22,0,0,0
12431,28,7067.7,8,UPI,Mobile,Bengaluru,188,14,1,0,0
12432,23,1248.99,12,UPI,Mobile,Bengaluru,419,22,2,0,1
12433,31,1733.59,2,UPI,Desktop,Ahmedabad,187,22,0,0,0
12434,26,1260.12,11,UPI,Mobile,Mumbai,223,13,0,0,0
12435,44,1021.11,3,UPI,Desktop,Delhi,33,23,1,0,0
12436,46,9195.79,6,UPI,Mobile,Ahmedabad,340,16,0,0,0
12437,40,690.67,21,UPI,Mobile,Pune,394,21,0,0,0
12438,21,2680.87,1,UPI,Mobile,Delhi,14,19,1,0,0
12439,49,3637.26,21,UPI,Mobile,Delhi,49,18,3,1,0
12440,23,6963.47,3,UPI,Mobile,Bengaluru,57,24,1,0,0
12441,46,1635.69,5,UPI,Mobile,Pune,217,12,1,0,0
12442,51,4619.58,19,UPI,Desktop,Bengaluru,252,16,4,0,0
12443,26,1906.65,8,Credit Card,Mobile,Bengaluru,73,16,0,0,0
12444,27,8411.52,9,Debit Card,Desktop,Pune,242,27,1,0,0
12445,56,13442.56,14,Debit Card,Mobile,Mumbai,241,24,0,0,0
12446,26,838.71,20,Credit Card,Mobile,Mumbai,109,24,1,0,0
12447,31,771.15,4,Net Banking,Mobile,Mumbai,496,22,1,1,1
12448,34,4780.07,15,UPI,Mobile,Bengaluru,346,14,0,0,0
12449,38,1306.28,0,UPI,Desktop,Mumbai,270,24,0,0,0
12450,31,13465.09,21,UPI,Mobile,Pune,1427,22,0,0,0
12451,26,6153.07,10,Credit Card,Mobile,Bengaluru,66,21,2,1,0
12452,70,3007.12,16,Debit Card,Mobile,Jaipur,238,22,1,0,0
12453,35,1104.49,14,UPI,Mobile,Mumbai,554,15,2,0,0
12454,53,706.06,5,UPI,Mobile,Ahmedabad,1045,23,1,0,0
12455,33,13984.74,13,UPI,Mobile,Bengaluru,415,16,1,0,0
12456,28,4364.9,10,UPI,Mobile,Mumbai,121,19,0,0,0
12457,20,11928.7,19,UPI,Mobile,Delhi,1,22,2,0,0
12458,45,454.75,13,UPI,Mobile,Ahmedabad,115,15,1,0,0
12459,37,1834.61,0,UPI,Mobile,Ahmedabad,1568,17,3,0,0
12460,18,2866.95,19,UPI,Mobile,Bengaluru,491,22,1,1,0
12461,42,3876.37,2,UPI,Mobile,Mumbai,142,26,0,0,0
12462,23,3752.22,17,UPI,Mobile,Bengaluru,119,25,0,0,0
12463,28,1612.96,17,UPI,Mobile,Jaipur,78,21,0,0,0
12464,31,1398.33,10,Credit Card,Mobile,Mumbai,22,19,1,0,1
12465,44,2763.11,4,UPI,Mobile,Bengaluru,33,20,1,0,0
12466,43,15408.61,19,Debit Card,Mobile,Delhi,1048,21,1,0,0
12467,26,3832.3,5,UPI,Mobile,Ahmedabad,1,23,1,0,0
12468,35,5755.03,11,UPI,Mobile,Bengaluru,331,23,0,0,0
12469,25,4125.25,6,UPI,Mobile,Bengaluru,142,12,0,0,0
12470,35,1045.52,18,Credit Card,Desktop,Jaipur,52,21,2,0,0
12471,30,2046.91,11,UPI,Tablet,Delhi,35,21,1,0,0
12472,31,6242.57,16,UPI,Desktop,Delhi,197,14,0,1,1
12473,35,7209.75,4,Net Banking,Mobile,Pune,364,20,1,0,0
12474,51,2829.84,7,Credit Card,Mobile,Mumbai,209,23,1,0,0
12475,32,4208.17,17,Credit Card,Mobile,Jaipur,110,22,2,0,0
12476,31,1830.22,6,Net Banking,Mobile,Delhi,491,22,0,0,0
12477,43,3045.61,8,UPI,Desktop,Bengaluru,82,25,0,1,1
12478,40,4721.31,23,UPI,Mobile,Delhi,57,15,1,0,0
12479,44,1172.68,19,UPI,Mobile,Mumbai,393,9,0,0,0
12480,28,3950.81,3,UPI,Mobile,Ahmedabad,444,17,0,0,0
12481,45,830.76,14,UPI,Desktop,Delhi,8,14,0,0,0
12482,43,5099.45,17,UPI,Mobile,Bengaluru,1,15,0,0,0
12483,42,1851.56,13,Credit Card,Mobile,Bengaluru,34,20,1,0,0
12484,39,1706.82,19,Credit Card,Mobile,Ahmedabad,55,20,0,0,0
12485,48,1823.13,12,UPI,Mobile,Jaipur,838,21,0,0,0
12486,29,2930.81,15,UPI,Desktop,Ahmedabad,80,29,2,0,0
12487,29,2247.89,15,UPI,Mobile,Ahmedabad,199,21,0,0,0
12488,27,2324.68,1,UPI,Mobile,Bengaluru,165,17,1,0,0
12489,30,4494.13,8,UPI,Mobile,Jaipur,100,18,1,0,0
12490,45,14344.67,11,UPI,Tablet,Pune,429,24,0,1,0
12491,46,2473.57,14,Credit Card,Mobile,Mumbai,462,12,0,0,0
12492,21,4352.38,11,UPI,Mobile,Bengaluru,36,21,1,0,0
12493,28,998.34,2,UPI,Desktop,Delhi,389,13,0,0,0
12494,22,8240.03,16,UPI,Mobile,Bengaluru,70,33,2,0,0
12495,49,7643.94,4,UPI,Desktop,Delhi,950,22,0,0,0
12496,32,2516.42,11,UPI,Mobile,Bengaluru,110,15,0,0,0
12497,32,2573.95,18,UPI,Desktop,Mumbai,417,13,1,0,0
12498,40,3962.08,4,UPI,Mobile,Pune,172,25,4,1,0
12499,28,2108.72,23,Net Banking,Mobile,Delhi,14,16,0,0,0
12500,22,1774.4,4,UPI,Mobile,Bengaluru,429,27,0,0,0
12501,32,1713.58,14,UPI,Mobile,Jaipur,219,12,2,1,0
12502,49,3354.44,7,UPI,Mobile,Bengaluru,61,14,1,1,0
12503,43,5378.61,21,Debit Card,Mobile,Bengaluru,189,16,2,0,0
12504,32,1297.99,14,UPI,Mobile,Mumbai,24,18,2,1,1
12505,39,6304.55,7,Debit Card,Desktop,Pune,1145,17,0,0,0
12506,34,6253.09,9,UPI,Desktop,Delhi,119,21,0,0,0
12507,41,1515.05,21,UPI,Mobile,Mumbai,278,19,2,0,0
12508,29,3231.38,9,Credit Card,Mobile,Delhi,28,23,0,0,0
12509,40,5969.92,20,UPI,Mobile,Jaipur,880,14,2,0,0
12510,36,4796.09,6,UPI,Mobile,Pune,702,18,1,0,0
12511,26,923.39,22,Credit Card,Mobile,Pune,138,25,0,0,0
12512,43,4002.23,21,UPI,Tablet,Bengaluru,184,15,0,0,0
12513,34,2027.75,3,Debit Card,Desktop,Bengaluru,366,23,1,0,0
12514,31,7790.47,3,Credit Card,Desktop,Mumbai,24,22,1,0,1
12515,47,4270.63,17,UPI,Mobile,Delhi,27,24,0,0,0
12516,33,3714.5,11,UPI,Mobile,Bengaluru,404,20,0,1,0
12517,24,1149.2,12,UPI,Desktop,Ahmedabad,7,26,0,0,0
12518,29,4331.21,10,UPI,Mobile,Pune,328,20,1,0,0
12519,40,1392.85,9,UPI,Desktop,Bengaluru,290,24,3,0,0
12520,23,1874.0,19,UPI,Mobile,Bengaluru,313,22,3,0,0
12521,30,1023.03,16,Credit Card,Mobile,Mumbai,207,17,2,1,0
12522,31,6469.39,13,UPI,Mobile,Mumbai,688,19,0,0,0
12523,47,1100.01,2,UPI,Mobile,Ahmedabad,324,20,2,0,1
12524,22,6621.9,17,UPI,Mobile,Ahmedabad,284,18,0,0,0
12525,35,4579.31,17,UPI,Mobile,Delhi,340,25,0,0,0
12526,37,3960.08,14,Credit Card,Mobile,Mumbai,1,18,0,0,0
12527,26,1138.66,6,UPI,Mobile,Ahmedabad,239,14,1,1,1
12528,51,4682.23,20,UPI,Mobile,Ahmedabad,165,21,0,0,0
12529,33,3478.02,19,UPI,Mobile,Pune,19,21,3,0,1
12530,49,1848.59,5,UPI,Tablet,Bengaluru,380,13,1,0,0
12531,38,6529.12,6,Credit Card,Tablet,Mumbai,268,17,0,1,1
12532,25,2824.78,7,UPI,Mobile,Delhi,339,22,3,0,0
12533,31,2939.78,16,UPI,Desktop,Mumbai,177,19,0,0,0
12534,42,4660.79,22,UPI,Mobile,Mumbai,144,25,1,0,0
12535,23,2031.01,18,UPI,Mobile,Mumbai,87,29,1,0,0
12536,28,4202.23,1,UPI,Mobile,Delhi,16,16,1,0,0
12537,32,12968.06,8,Debit Card,Tablet,Pune,293,14,1,0,0
12538,22,8781.23,7,UPI,Mobile,Ahmedabad,1009,18,2,0,0
12539,65,1667.09,1,UPI,Mobile,Mumbai,140,20,0,0,0
12540,53,1382.42,16,UPI,Mobile,Mumbai,27,19,1,0,0
12541,60,2697.91,6,Credit Card,Desktop,Mumbai,248,17,1,0,0
12542,39,17851.54,19,Debit Card,Desktop,Pune,113,23,3,1,0
12543,29,21859.59,6,UPI,Mobile,Delhi,3000,20,0,0,0
12544,35,8336.07,13,UPI,Mobile,Bengaluru,174,22,1,0,0
12545,38,26158.08,5,UPI,Mobile,Delhi,115,21,0,0,1
12546,18,1697.18,20,Net Banking,Mobile,Delhi,315,15,0,0,0
12547,29,8015.13,1,Credit Card,Mobile,Mumbai,130,28,1,0,1
12548,55,4047.92,20,UPI,Mobile,Delhi,261,20,1,0,0
12549,43,7514.12,16,UPI,Mobile,Bengaluru,131,23,1,1,1
12550,29,2522.14,4,UPI,Mobile,Pune,160,24,1,0,0
12551,25,4367.65,17,Credit Card,Mobile,Mumbai,73,20,0,0,0
12552,18,3317.0,1,Debit Card,Mobile,Delhi,1743,20,0,0,1
12553,25,1661.97,19,UPI,Desktop,Bengaluru,1037,23,0,0,0
12554,21,3232.47,22,UPI,Mobile,Delhi,21,19,1,0,0
12555,41,3270.79,11,Debit Card,Mobile,Bengaluru,781,18,1,0,0
12556,32,1358.43,13,UPI,Mobile,Delhi,310,23,1,1,0
12557,46,5297.58,2,UPI,Mobile,Delhi,166,31,0,0,0
12558,28,1905.77,0,UPI,Mobile,Pune,232,21,0,0,0
12559,21,6478.1,1,UPI,Mobile,Pune,351,17,1,0,0
12560,24,2352.65,17,UPI,Mobile,Ahmedabad,318,14,0,0,0
12561,45,1298.17,4,UPI,Mobile,Ahmedabad,789,17,0,0,0
12562,38,12203.25,9,Credit Card,Desktop,Mumbai,38,24,1,0,0
12563,25,928.33,7,UPI,Desktop,Mumbai,92,17,1,0,0
12564,37,3719.49,5,UPI,Desktop,Ahmedabad,120,19,1,0,0
12565,29,2888.35,19,UPI,Mobile,Bengaluru,188,16,0,0,0
12566,38,2605.22,17,Credit Card,Mobile,Bengaluru,657,17,3,0,0
12567,32,2194.66,8,UPI,Mobile,Mumbai,612,20,0,0,0
12568,28,14770.31,13,Net Banking,Mobile,Pune,312,21,1,1,0
12569,41,3600.87,4,Credit Card,Tablet,Bengaluru,377,24,1,0,0
12570,21,1437.35,21,Credit Card,Mobile,Delhi,512,19,0,1,1
12571,46,5130.82,5,Debit Card,Mobile,Jaipur,111,23,2,1,0
12572,46,1367.95,23,Credit Card,Mobile,Jaipur,165,23,0,0,0
12573,51,4572.14,11,Credit Card,Mobile,Pune,1,19,1,0,0
12574,34,2501.91,10,UPI,Mobile,Bengaluru,230,15,2,1,0
12575,44,2571.27,13,UPI,Mobile,Bengaluru,76,17,0,0,0
12576,46,6150.89,6,UPI,Mobile,Delhi,41,26,2,0,0
12577,46,3009.36,11,UPI,Mobile,Delhi,115,21,1,0,0
12578,31,6641.16,11,UPI,Mobile,Mumbai,16,17,0,0,0
12579,18,3265.43,13,Credit Card,Mobile,Bengaluru,111,20,0,0,0
12580,32,1749.39,10,UPI,Mobile,Bengaluru,24,25,2,0,0
12581,32,1555.2,10,UPI,Mobile,Pune,213,15,4,0,0
12582,59,1652.07,10,UPI,Mobile,Pune,309,21,2,0,0
12583,19,468.63,2,UPI,Mobile,Bengaluru,830,20,2,0,0
12584,18,677.03,9,Debit Card,Mobile,Jaipur,124,17,2,0,0
12585,27,627.12,20,UPI,Mobile,Delhi,297,21,2,0,0
12586,54,6263.6,11,UPI,Mobile,Bengaluru,156,27,0,0,0
12587,51,1665.51,21,UPI,Mobile,Pune,262,23,1,0,0
12588,43,2502.52,7,UPI,Mobile,Jaipur,168,28,2,0,0
12589,38,6180.22,9,UPI,Tablet,Ahmedabad,554,21,0,0,0
12590,39,2434.09,2,UPI,Mobile,Delhi,142,21,0,0,0
12591,51,4545.68,7,UPI,Mobile,Jaipur,613,19,1,0,0
12592,37,12590.06,7,UPI,Mobile,Pune,262,21,1,0,0
12593,36,2992.3,13,UPI,Mobile,Delhi,3,15,0,0,0
12594,19,2083.1,4,UPI,Mobile,Delhi,42,13,1,0,0
12595,27,2859.93,15,UPI,Mobile,Ahmedabad,249,16,2,1,0
12596,47,7595.02,2,Net Banking,Mobile,Mumbai,308,20,2,0,0
12597,37,1879.56,18,Net Banking,Mobile,Ahmedabad,141,21,1,1,0
12598,29,1237.83,16,UPI,Desktop,Bengaluru,787,16,0,0,0
12599,34,4794.37,22,UPI,Mobile,Bengaluru,436,18,2,0,0
12600,19,1521.76,23,Debit Card,Mobile,Bengaluru,113,16,0,0,0
12601,35,3050.84,23,UPI,Mobile,Pune,19,25,0,0,0
12602,18,18692.94,15,Credit Card,Desktop,Jaipur,71,22,1,0,0
12603,45,4913.12,21,Debit Card,Mobile,Pune,785,22,1,0,0
12604,48,702.11,20,Credit Card,Mobile,Mumbai,1177,25,0,0,0
12605,47,4668.05,6,Credit Card,Mobile,Jaipur,91,26,0,0,0
12606,32,2197.25,14,UPI,Desktop,Mumbai,262,20,1,1,0
12607,18,2517.21,10,UPI,Mobile,Delhi,678,24,2,0,0
12608,40,8267.97,0,UPI,Mobile,Pune,326,23,0,0,0
12609,56,6610.05,5,UPI,Mobile,Mumbai,85,31,1,0,0
12610,30,5243.99,19,UPI,Mobile,Pune,195,20,2,0,0
12611,29,1302.5,17,UPI,Mobile,Jaipur,120,12,0,0,0
12612,34,4870.34,20,Credit Card,Mobile,Mumbai,147,25,1,0,0
12613,51,1341.74,11,Credit Card,Mobile,Delhi,916,21,0,0,0
12614,21,2822.53,10,Credit Card,Mobile,Bengaluru,178,14,1,0,0
12615,23,2838.2,0,UPI,Mobile,Bengaluru,410,20,2,0,0
12616,26,10517.06,10,Net Banking,Mobile,Delhi,430,21,1,0,0
12617,49,6416.51,7,Net Banking,Mobile,Bengaluru,889,16,2,0,0
12618,31,1331.37,9,Net Banking,Mobile,Jaipur,649,23,3,0,0
12619,26,745.63,1,UPI,Desktop,Bengaluru,369,14,0,0,1
12620,34,1922.05,12,Debit Card,Mobile,Jaipur,454,30,1,0,0
12621,39,4205.48,2,UPI,Mobile,Delhi,53,19,0,1,0
12622,18,9888.93,1,Credit Card,Mobile,Delhi,379,21,1,0,0
12623,21,4366.64,21,Credit Card,Mobile,Delhi,504,25,0,0,0
12624,65,2156.56,4,Net Banking,Mobile,Bengaluru,116,19,0,0,0
12625,36,2400.08,10,UPI,Mobile,Mumbai,274,17,0,0,0
12626,55,1566.85,10,UPI,Tablet,Bengaluru,493,16,0,0,0
12627,18,17882.14,15,Debit Card,Mobile,Bengaluru,400,30,2,0,0
12628,45,5286.29,6,UPI,Mobile,Mumbai,82,14,2,0,0
12629,40,6366.3,8,UPI,Mobile,Mumbai,22,21,0,1,0
12630,25,3261.37,22,UPI,Mobile,Bengaluru,646,19,0,0,0
12631,44,4563.59,13,Credit Card,Mobile,Ahmedabad,83,23,0,0,0
12632,26,3179.64,3,UPI,Mobile,Delhi,154,24,0,0,0
12633,18,8976.64,16,UPI,Desktop,Jaipur,1140,16,2,1,0
12634,24,730.89,21,UPI,Mobile,Bengaluru,351,18,1,0,0
12635,33,1364.58,19,Credit Card,Mobile,Ahmedabad,166,15,1,0,0
12636,45,8548.58,12,UPI,Mobile,Pune,217,11,1,0,0
12637,23,3338.19,11,UPI,Mobile,Delhi,193,15,1,0,0
12638,31,9905.25,19,UPI,Mobile,Bengaluru,132,19,1,1,0
12639,21,574.39,14,UPI,Desktop,Bengaluru,89,18,0,0,0
12640,41,1175.65,11,UPI,Desktop,Mumbai,91,25,2,0,0
12641,40,1253.11,14,UPI,Desktop,Bengaluru,41,26,0,0,0
12642,31,3623.5,9,Credit Card,Mobile,Jaipur,215,27,1,0,0
12643,35,4471.31,1,Net Banking,Desktop,Mumbai,1892,26,0,0,0
12644,34,3521.79,11,UPI,Mobile,Pune,62,18,0,0,0
12645,54,2032.86,21,UPI,Mobile,Pune,88,17,2,0,0
12646,49,9691.65,15,UPI,Desktop,Mumbai,789,20,0,0,0
12647,56,6386.2,8,UPI,Mobile,Pune,216,13,0,0,0
12648,23,2567.48,14,UPI,Mobile,Jaipur,147,14,2,0,0
12649,37,300.77,22,UPI,Tablet,Pune,8,17,2,0,0
12650,40,3191.45,14,Credit Card,Mobile,Pune,133,16,1,0,0
12651,48,2314.64,10,UPI,Mobile,Delhi,715,17,0,1,0
12652,26,890.91,14,UPI,Mobile,Delhi,326,19,1,0,0
12653,32,2564.06,19,UPI,Mobile,Pune,324,15,0,1,0
12654,18,1514.33,4,Debit Card,Mobile,Delhi,667,22,3,0,0
12655,26,13054.66,23,UPI,Mobile,Pune,381,20,3,0,0
12656,44,1557.19,5,UPI,Mobile,Delhi,267,30,1,0,0
12657,45,9017.07,10,UPI,Desktop,Delhi,139,22,3,1,1
12658,24,5661.55,0,UPI,Mobile,Ahmedabad,233,20,2,0,0
12659,20,3427.34,8,Credit Card,Desktop,Mumbai,158,14,1,1,1
12660,31,3823.63,16,Debit Card,Desktop,Pune,473,15,0,0,0
12661,27,11321.29,21,UPI,Mobile,Ahmedabad,142,14,0,0,0
12662,53,6042.09,3,UPI,Mobile,Mumbai,208,14,0,0,0
12663,28,5131.7,23,UPI,Mobile,Delhi,827,31,0,0,0
12664,43,40063.36,20,UPI,Tablet,Delhi,77,21,2,0,0
12665,44,5423.04,14,UPI,Mobile,Delhi,10,27,0,0,0
12666,42,6553.24,12,UPI,Mobile,Ahmedabad,3,20,2,0,1
12667,26,1327.32,5,Debit Card,Mobile,Pune,107,13,1,0,0
12668,24,904.6,21,UPI,Mobile,Mumbai,7,19,1,0,0
12669,29,3150.65,23,Debit Card,Mobile,Bengaluru,706,21,2,0,0
12670,34,1475.08,7,UPI,Mobile,Mumbai,288,23,0,0,0
12671,26,2951.43,4,Debit Card,Mobile,Ahmedabad,57,13,1,0,0
12672,41,1144.88,7,Credit Card,Desktop,Mumbai,41,24,1,0,0
12673,37,2244.06,2,UPI,Mobile,Mumbai,651,22,1,0,0
12674,47,655.41,21,UPI,Tablet,Pune,63,15,1,0,0
12675,31,2557.93,3,UPI,Mobile,Delhi,209,16,0,0,0
12676,48,2668.13,23,Net Banking,Mobile,Ahmedabad,242,23,2,0,0
12677,37,12077.45,8,UPI,Mobile,Ahmedabad,99,17,0,1,0
12678,25,4915.76,5,UPI,Mobile,Mumbai,102,19,1,0,0
12679,51,9484.4,16,UPI,Tablet,Jaipur,610,20,2,0,0
12680,32,2060.56,11,Credit Card,Mobile,Ahmedabad,239,19,0,0,0
12681,36,9610.64,20,UPI,Mobile,Mumbai,137,14,0,0,0
12682,53,6801.16,12,UPI,Mobile,Pune,418,21,0,0,0
12683,28,894.96,11,UPI,Mobile,Bengaluru,284,22,2,0,0
12684,39,1104.53,9,Net Banking,Desktop,Mumbai,666,18,0,0,0
12685,28,2280.76,9,UPI,Mobile,Delhi,349,22,1,0,0
12686,48,2358.2,10,Credit Card,Desktop,Bengaluru,108,13,0,0,0
12687,21,10440.77,13,UPI,Mobile,Delhi,365,11,0,0,0
12688,32,3255.79,12,UPI,Desktop,Delhi,1068,20,1,0,0
12689,45,2664.32,10,UPI,Mobile,Delhi,257,20,1,0,0
12690,48,15875.66,22,UPI,Mobile,Mumbai,106,18,2,0,0
12691,40,3026.08,10,Debit Card,Mobile,Mumbai,74,31,3,0,0
12692,18,8981.21,20,Credit Card,Mobile,Mumbai,314,12,0,1,0
12693,50,9689.38,4,UPI,Mobile,Pune,978,25,2,0,0
12694,34,1622.39,12,UPI,Mobile,Jaipur,353,21,1,0,0
12695,31,2707.29,11,UPI,Mobile,Jaipur,102,24,0,0,0
12696,37,4636.71,16,UPI,Desktop,Jaipur,156,18,2,0,0
12697,42,721.4,16,Credit Card,Mobile,Jaipur,168,16,3,0,0
12698,23,4604.52,10,UPI,Mobile,Jaipur,958,15,3,0,0
12699,40,8618.22,11,Net Banking,Mobile,Delhi,207,23,3,1,0
12700,28,3831.58,16,UPI,Mobile,Mumbai,239,30,1,0,0
12701,55,4299.4,9,Debit Card,Desktop,Mumbai,120,14,0,1,0
12702,47,2075.22,22,UPI,Mobile,Jaipur,556,20,0,0,0
12703,35,5849.56,15,Debit Card,Mobile,Delhi,142,27,0,0,0
12704,56,4615.21,23,UPI,Tablet,Bengaluru,8,17,1,0,0
12705,34,6991.62,6,Net Banking,Mobile,Ahmedabad,393,13,0,0,0
12706,18,2233.04,18,UPI,Mobile,Delhi,451,15,2,0,0
12707,41,3213.49,12,UPI,Mobile,Bengaluru,466,15,1,0,0
12708,42,972.2,6,Net Banking,Mobile,Ahmedabad,287,14,0,0,0
12709,32,13025.52,22,UPI,Mobile,Jaipur,60,26,1,0,0
12710,40,455.05,17,UPI,Mobile,Delhi,9,21,0,1,0
12711,44,5225.52,13,Credit Card,Mobile,Bengaluru,517,13,2,1,0
12712,32,2906.27,3,UPI,Mobile,Jaipur,458,17,1,0,1
12713,33,3745.95,16,Credit Card,Tablet,Mumbai,1105,22,1,0,0
12714,34,1845.07,7,UPI,Mobile,Mumbai,260,10,1,1,1
12715,32,1638.91,16,Credit Card,Mobile,Ahmedabad,338,19,1,0,0
12716,32,730.63,6,UPI,Mobile,Delhi,288,13,1,1,1
12717,48,2113.97,0,UPI,Mobile,Delhi,385,18,2,0,0
12718,40,1482.5,14,UPI,Mobile,Delhi,217,21,3,0,1
12719,39,4304.67,18,UPI,Mobile,Pune,65,25,0,0,0
12720,23,1650.34,13,UPI,Mobile,Mumbai,364,21,0,0,0
12721,34,4869.67,6,UPI,Mobile,Pune,359,20,1,0,0
12722,36,651.47,20,UPI,Mobile,Bengaluru,378,19,1,1,0
12723,32,2087.42,12,UPI,Mobile,Mumbai,198,17,0,0,0
12724,44,5315.91,8,UPI,Mobile,Mumbai,8,20,1,0,0
12725,21,3451.98,2,UPI,Mobile,Mumbai,236,16,1,0,0
12726,27,824.42,11,UPI,Mobile,Bengaluru,175,22,0,0,0
12727,18,1934.03,9,UPI,Mobile,Delhi,155,16,0,0,0
12728,25,2588.24,4,UPI,Desktop,Bengaluru,8,17,1,0,0
12729,51,10596.3,18,UPI,Mobile,Pune,44,26,2,0,0
12730,22,4589.65,16,UPI,Mobile,Mumbai,254,21,1,0,0
12731,28,3369.87,11,UPI,Mobile,Jaipur,1435,27,1,0,0
12732,50,756.26,13,UPI,Mobile,Delhi,335,29,1,0,0
12733,21,2828.21,7,UPI,Mobile,Jaipur,429,17,1,1,0
12734,18,2189.62,13,Credit Card,Mobile,Jaipur,700,20,2,0,0
12735,41,7010.27,14,UPI,Mobile,Jaipur,93,19,1,0,0
12736,47,1839.37,15,Credit Card,Mobile,Pune,167,21,2,0,0
12737,39,4471.4,16,Net Banking,Mobile,Ahmedabad,634,23,1,0,0
12738,18,2435.0,23,UPI,Mobile,Mumbai,48,26,1,0,0
12739,36,10452.66,0,UPI,Desktop,Mumbai,907,13,0,0,0
12740,31,1378.86,9,Debit Card,Mobile,Delhi,221,16,1,0,0
12741,35,3059.0,17,UPI,Mobile,Pune,562,15,1,0,0
12742,32,2717.92,2,Credit Card,Mobile,Bengaluru,518,26,5,1,0
12743,28,15406.53,19,UPI,Mobile,Delhi,240,25,0,0,0
12744,39,2516.52,19,UPI,Mobile,Mumbai,570,18,1,0,0
12745,23,1020.35,2,UPI,Desktop,Delhi,208,24,3,1,1
12746,28,1386.46,22,Net Banking,Mobile,Pune,292,28,0,1,0
12747,37,2914.56,2,UPI,Mobile,Bengaluru,609,22,0,0,0
12748,37,3162.71,21,Debit Card,Desktop,Bengaluru,367,15,1,0,0
12749,30,5603.29,3,UPI,Mobile,Delhi,27,17,2,0,0
12750,46,858.36,22,Net Banking,Mobile,Mumbai,665,19,0,0,0
12751,62,1374.17,6,UPI,Mobile,Pune,189,16,2,0,0
12752,18,2257.24,7,UPI,Desktop,Delhi,210,23,0,0,0
12753,28,7275.51,10,Credit Card,Mobile,Ahmedabad,27,21,1,0,0
12754,36,1132.59,12,UPI,Mobile,Bengaluru,597,19,1,0,0
12755,43,2176.74,23,UPI,Mobile,Mumbai,307,10,0,1,0
12756,27,5889.99,19,UPI,Mobile,Pune,100,21,0,0,0
12757,18,3419.08,23,UPI,Mobile,Pune,14,18,1,1,0
12758,43,5410.58,23,Debit Card,Mobile,Delhi,302,25,0,0,0
12759,33,10914.16,11,UPI,Mobile,Bengaluru,26,18,1,0,1
12760,31,4507.4,18,Credit Card,Mobile,Jaipur,200,12,2,1,0
12761,40,228.32,9,UPI,Mobile,Ahmedabad,150,19,0,1,0
12762,18,1254.7,16,UPI,Mobile,Delhi,298,24,1,1,0
12763,32,3228.36,13,UPI,Tablet,Ahmedabad,188,15,1,1,0
12764,28,746.81,15,UPI,Mobile,Bengaluru,153,21,0,0,0
12765,38,1217.04,6,Credit Card,Mobile,Mumbai,481,18,1,0,0
12766,44,2755.27,4,UPI,Mobile,Mumbai,515,21,0,0,0
12767,34,6358.92,23,UPI,Mobile,Delhi,2,19,0,1,0
12768,39,1659.58,1,UPI,Mobile,Delhi,91,17,0,0,0
12769,42,9269.17,22,UPI,Desktop,Mumbai,535,18,3,0,0
12770,27,5791.03,20,UPI,Mobile,Mumbai,42,25,0,0,0
12771,37,3129.4,2,UPI,Mobile,Bengaluru,10,19,2,0,1
12772,27,5104.09,3,UPI,Mobile,Ahmedabad,116,28,0,0,0
12773,31,2191.91,22,Debit Card,Mobile,Mumbai,243,24,1,0,0
12774,41,2374.9,22,UPI,Mobile,Delhi,2,18,1,0,0
12775,38,4805.97,5,Credit Card,Mobile,Pune,237,22,0,1,0
12776,18,4312.65,0,Debit Card,Mobile,Bengaluru,437,14,1,1,0
12777,36,3864.87,3,UPI,Mobile,Bengaluru,267,22,2,1,0
12778,48,15209.85,6,UPI,Mobile,Jaipur,655,30,1,0,0
12779,41,3174.53,17,UPI,Mobile,Ahmedabad,765,34,0,0,0
12780,47,2973.88,19,UPI,Mobile,Bengaluru,53,15,0,0,0
12781,39,2731.43,9,UPI,Mobile,Jaipur,374,14,2,0,0
12782,30,1346.85,6,UPI,Mobile,Mumbai,62,20,0,1,0
12783,24,1614.2,5,UPI,Mobile,Pune,103,19,3,0,1
12784,38,6897.02,6,Debit Card,Mobile,Delhi,59,31,0,1,1
12785,18,8199.7,18,UPI,Mobile,Jaipur,463,22,0,1,1
12786,46,2510.33,16,UPI,Mobile,Bengaluru,132,22,0,0,0
12787,40,695.41,8,Net Banking,Mobile,Pune,152,27,4,0,0
12788,40,2240.24,0,UPI,Desktop,Delhi,51,18,1,0,0
12789,37,2438.66,15,UPI,Mobile,Delhi,376,21,1,0,0
12790,44,4121.63,8,UPI,Mobile,Bengaluru,48,20,0,1,1
12791,39,15131.64,1,Net Banking,Mobile,Pune,205,19,1,0,0
12792,40,22351.34,23,Credit Card,Mobile,Delhi,45,18,2,0,1
12793,34,5529.99,6,UPI,Mobile,Delhi,54,20,0,0,0
12794,18,2156.27,21,Debit Card,Mobile,Pune,36,27,2,0,0
12795,18,700.74,19,UPI,Mobile,Delhi,108,19,2,0,0
12796,57,2976.52,5,UPI,Mobile,Mumbai,23,20,0,0,0
12797,25,1769.75,9,UPI,Mobile,Mumbai,35,20,1,1,0
12798,26,8675.22,23,UPI,Desktop,Bengaluru,948,20,1,0,0
12799,34,2252.54,13,UPI,Mobile,Jaipur,62,19,0,0,0
12800,43,1761.64,3,UPI,Mobile,Delhi,59,17,1,0,0
12801,33,2338.36,17,UPI,Mobile,Bengaluru,303,21,0,0,0
12802,29,508.05,21,UPI,Mobile,Bengaluru,274,24,0,0,0
12803,25,5192.23,17,Credit Card,Desktop,Delhi,1030,15,3,1,1
12804,29,1654.64,2,UPI,Mobile,Bengaluru,103,16,2,0,0
12805,29,2207.93,15,UPI,Mobile,Delhi,46,21,0,0,0
12806,41,4430.41,9,Debit Card,Mobile,Bengaluru,194,27,1,0,0
12807,41,1865.53,19,UPI,Mobile,Bengaluru,60,24,2,0,0
12808,19,895.89,3,UPI,Mobile,Delhi,359,20,1,0,0
12809,39,2126.3,18,UPI,Mobile,Bengaluru,570,14,1,0,0
12810,38,3025.02,10,UPI,Mobile,Bengaluru,117,25,1,0,0
12811,35,2950.5,7,UPI,Mobile,Mumbai,23,18,1,0,0
12812,34,4092.71,14,UPI,Desktop,Delhi,206,20,2,0,0
12813,25,807.53,4,UPI,Mobile,Bengaluru,801,26,2,0,0
12814,45,5673.75,0,Debit Card,Mobile,Mumbai,401,12,0,0,1
12815,18,3792.51,14,UPI,Mobile,Pune,174,16,1,0,0
12816,36,2304.32,15,UPI,Mobile,Mumbai,17,14,2,0,0
12817,29,897.85,13,UPI,Mobile,Delhi,432,15,0,0,0
12818,64,18215.53,7,Credit Card,Desktop,Mumbai,332,22,1,0,0
12819,32,3705.99,17,UPI,Mobile,Bengaluru,24,18,2,0,0
12820,30,3257.8,16,UPI,Mobile,Mumbai,85,25,0,1,0
12821,18,2515.56,5,UPI,Mobile,Pune,1048,27,1,0,0
12822,45,3068.12,18,UPI,Mobile,Mumbai,25,17,2,0,0
12823,42,2766.4,2,Credit Card,Mobile,Bengaluru,21,15,2,0,0
12824,51,7088.12,0,Credit Card,Mobile,Mumbai,540,17,1,0,0
12825,35,1657.17,20,UPI,Desktop,Pune,516,20,0,0,0
12826,40,2487.74,21,Credit Card,Desktop,Delhi,128,13,1,1,0
12827,18,23944.14,16,UPI,Mobile,Mumbai,740,18,1,0,0
12828,39,481.97,1,Debit Card,Mobile,Jaipur,34,18,0,0,0
12829,38,5092.24,6,UPI,Mobile,Ahmedabad,115,17,1,0,0
12830,27,3037.6,10,Debit Card,Mobile,Jaipur,87,11,2,0,0
12831,33,1870.82,6,UPI,Mobile,Bengaluru,101,21,0,1,0
12832,52,5127.57,16,UPI,Mobile,Mumbai,919,20,0,0,0
12833,26,14254.95,10,UPI,Desktop,Bengaluru,138,22,0,1,0
12834,28,10223.94,3,Credit Card,Desktop,Bengaluru,138,26,0,0,1
12835,37,1787.78,3,UPI,Mobile,Delhi,1248,18,4,0,0
12836,39,2105.63,15,Credit Card,Mobile,Mumbai,1120,19,0,0,0
12837,41,4491.96,19,Credit Card,Mobile,Pune,214,14,0,0,0
12838,43,12298.09,1,UPI,Mobile,Delhi,660,15,0,0,0
12839,44,3848.33,4,UPI,Mobile,Pune,62,14,1,0,0
12840,42,6163.09,17,Credit Card,Mobile,Ahmedabad,124,24,0,0,0
12841,26,1733.02,12,UPI,Mobile,Bengaluru,362,28,0,0,0
12842,26,2744.76,15,UPI,Mobile,Delhi,302,17,1,0,0
12843,45,5072.33,7,UPI,Mobile,Bengaluru,13,18,0,0,0
12844,48,2088.0,8,Debit Card,Mobile,Ahmedabad,727,18,0,0,0
12845,61,1506.39,1,UPI,Mobile,Bengaluru,136,28,1,0,0
12846,56,2343.38,15,Credit Card,Mobile,Mumbai,1,19,2,0,0
12847,40,2121.73,16,UPI,Mobile,Ahmedabad,677,21,0,0,0
12848,42,1349.25,23,UPI,Mobile,Delhi,280,20,1,0,0
12849,38,2039.41,3,Debit Card,Mobile,Bengaluru,99,20,1,0,0
12850,47,1600.52,17,UPI,Mobile,Jaipur,240,21,1,1,0
12851,18,7095.05,20,Net Banking,Mobile,Pune,18,20,1,0,0
12852,55,3063.18,2,Credit Card,Mobile,Pune,349,25,2,0,0
12853,30,9511.76,6,UPI,Mobile,Jaipur,1270,27,4,0,0
12854,19,1052.2,19,Debit Card,Mobile,Delhi,36,25,2,0,0
12855,45,16940.45,3,UPI,Mobile,Bengaluru,82,21,0,0,0
12856,39,4406.52,23,UPI,Mobile,Bengaluru,100,21,1,0,0
12857,29,995.22,3,UPI,Mobile,Mumbai,93,25,2,0,0
12858,25,3692.87,16,UPI,Mobile,Mumbai,211,13,3,0,0
12859,28,1614.04,22,UPI,Mobile,Pune,792,17,0,0,0
12860,32,3079.53,19,UPI,Mobile,Bengaluru,221,31,1,0,0
12861,40,1146.33,1,Net Banking,Mobile,Delhi,842,18,1,0,0
12862,33,22382.02,22,Credit Card,Mobile,Jaipur,792,20,3,0,1
12863,68,1711.89,22,UPI,Desktop,Jaipur,313,16,0,0,0
12864,50,8845.41,15,Credit Card,Desktop,Pune,28,17,3,0,0
12865,27,5729.93,8,Credit Card,Mobile,Mumbai,211,13,1,0,0
12866,30,1353.92,12,UPI,Mobile,Delhi,80,27,1,0,0
12867,27,2973.0,0,UPI,Mobile,Jaipur,120,16,0,0,0
12868,40,4798.77,4,Credit Card,Mobile,Bengaluru,252,21,0,0,0
12869,27,10731.46,18,UPI,Mobile,Bengaluru,23,12,0,0,0
12870,51,6227.82,22,UPI,Mobile,Ahmedabad,122,26,2,0,0
12871,18,582.65,13,UPI,Mobile,Delhi,7,18,0,0,0
12872,36,2941.57,7,UPI,Mobile,Mumbai,787,21,1,0,0
12873,35,1559.31,13,UPI,Mobile,Ahmedabad,2,22,1,0,0
12874,29,3634.41,10,UPI,Mobile,Delhi,482,20,3,0,0
12875,27,500.39,14,UPI,Mobile,Jaipur,22,29,1,0,0
12876,18,6489.24,10,Net Banking,Desktop,Pune,47,23,0,0,0
12877,40,7858.0,18,Credit Card,Mobile,Mumbai,314,17,1,1,0
12878,26,1135.66,14,Debit Card,Mobile,Mumbai,189,20,0,0,0
12879,38,1047.36,20,UPI,Mobile,Jaipur,312,27,1,0,0
12880,44,535.15,12,Debit Card,Tablet,Ahmedabad,65,22,0,0,0
12881,25,2658.39,19,Credit Card,Mobile,Delhi,164,16,3,0,1
12882,36,339.01,17,UPI,Mobile,Jaipur,1048,23,2,0,0
12883,33,6486.85,17,Credit Card,Tablet,Mumbai,227,18,0,0,0
12884,48,603.72,18,UPI,Mobile,Bengaluru,250,20,0,0,0
12885,23,2397.11,23,UPI,Desktop,Jaipur,159,24,2,0,0
12886,18,929.89,0,UPI,Desktop,Jaipur,12,31,1,0,0
12887,35,845.18,21,UPI,Mobile,Delhi,421,10,1,0,0
12888,47,1077.81,14,UPI,Mobile,Mumbai,717,34,1,0,0
12889,45,6264.28,0,UPI,Mobile,Jaipur,306,17,1,0,0
12890,35,610.38,7,Debit Card,Desktop,Jaipur,553,18,2,1,1
12891,52,5846.39,17,UPI,Tablet,Pune,246,24,0,0,0
12892,40,6896.77,17,Credit Card,Mobile,Mumbai,648,21,0,0,0
12893,32,1939.44,19,UPI,Mobile,Bengaluru,908,27,0,0,0
12894,20,3415.23,3,UPI,Mobile,Jaipur,441,20,1,0,0
12895,23,3017.19,13,Net Banking,Mobile,Ahmedabad,181,22,1,0,0
12896,36,4888.59,17,UPI,Mobile,Ahmedabad,911,15,1,0,0
12897,46,2753.05,9,UPI,Mobile,Mumbai,116,19,1,0,0
12898,32,5510.22,20,UPI,Desktop,Ahmedabad,129,14,3,0,1
12899,24,2609.79,16,Net Banking,Mobile,Pune,28,11,1,1,0
12900,18,12727.54,16,UPI,Mobile,Mumbai,67,25,0,0,0
12901,33,7623.59,5,Credit Card,Desktop,Delhi,89,23,0,0,0
12902,29,399.38,16,UPI,Mobile,Pune,127,20,0,0,0
12903,49,6649.32,2,Net Banking,Mobile,Bengaluru,465,21,0,0,1
12904,29,3584.77,3,Credit Card,Desktop,Mumbai,151,10,1,0,0
12905,37,1770.88,18,UPI,Mobile,Delhi,242,19,1,0,0
12906,42,1318.49,7,UPI,Mobile,Bengaluru,42,17,0,0,0
12907,31,649.47,14,UPI,Tablet,Mumbai,358,18,0,1,0
12908,22,5415.75,4,Credit Card,Mobile,Mumbai,151,20,0,0,0
12909,57,3079.89,0,UPI,Mobile,Pune,9,14,0,0,0
12910,27,23788.26,2,UPI,Mobile,Mumbai,298,24,1,0,0
12911,40,4496.23,16,Credit Card,Tablet,Mumbai,62,16,1,0,0
12912,53,1275.1,11,UPI,Mobile,Mumbai,164,28,2,0,0
12913,43,4339.66,2,UPI,Mobile,Mumbai,203,19,1,0,0
12914,41,10796.7,5,UPI,Mobile,Jaipur,356,16,0,0,0
12915,36,1770.06,3,UPI,Mobile,Ahmedabad,220,22,0,0,0
12916,48,2888.58,23,Net Banking,Mobile,Bengaluru,18,18,1,0,0
12917,21,3423.51,9,Credit Card,Mobile,Delhi,41,24,0,0,0
12918,31,7774.48,16,Credit Card,Mobile,Mumbai,554,14,0,0,0
12919,39,10523.13,0,Credit Card,Mobile,Pune,194,21,0,0,0
12920,33,4643.66,16,Net Banking,Desktop,Bengaluru,128,19,0,0,0
12921,51,16120.96,3,Credit Card,Mobile,Delhi,97,24,0,0,0
12922,20,4336.72,9,UPI,Mobile,Jaipur,177,12,3,0,0
12923,51,1468.22,1,UPI,Mobile,Ahmedabad,137,13,0,0,0
12924,49,3323.01,12,UPI,Mobile,Pune,713,17,0,0,0
12925,19,4967.81,21,Credit Card,Desktop,Pune,65,21,2,0,0
12926,41,493.09,2,Credit Card,Mobile,Bengaluru,42,15,1,0,0
12927,26,6906.95,7,UPI,Mobile,Bengaluru,7,22,0,0,0
12928,32,2473.31,8,Credit Card,Mobile,Mumbai,1266,19,0,0,0
12929,36,2148.37,22,UPI,Mobile,Bengaluru,197,16,2,0,0
12930,19,4465.37,0,Net Banking,Mobile,Mumbai,218,25,0,0,0
12931,35,9896.82,10,UPI,Mobile,Bengaluru,125,17,0,0,0
12932,31,821.48,21,UPI,Mobile,Delhi,190,13,4,0,0
12933,46,4483.61,6,UPI,Mobile,Pune,292,21,2,0,0
12934,48,4279.66,17,UPI,Mobile,Pune,97,15,0,1,0
12935,19,1426.9,13,Debit Card,Mobile,Ahmedabad,98,12,0,0,0
12936,43,1910.94,8,UPI,Desktop,Mumbai,473,19,0,0,0
12937,23,1369.52,6,UPI,Tablet,Mumbai,188,24,1,0,0
12938,33,1156.12,22,UPI,Desktop,Bengaluru,17,11,0,0,0
12939,24,3919.53,20,UPI,Mobile,Ahmedabad,49,26,1,0,0
12940,58,1230.71,11,Credit Card,Mobile,Delhi,70,23,1,0,0
12941,31,5040.49,12,Credit Card,Mobile,Jaipur,913,14,0,0,0
12942,18,3546.17,20,UPI,Mobile,Jaipur,105,21,1,0,0
12943,28,9495.35,3,Credit Card,Mobile,Mumbai,21,22,0,0,0
12944,29,536.56,12,UPI,Mobile,Ahmedabad,111,21,0,0,0
12945,18,5167.73,9,Debit Card,Mobile,Pune,512,20,2,1,0
12946,50,402.14,8,UPI,Mobile,Delhi,37,13,1,0,0
12947,38,7698.79,13,UPI,Mobile,Mumbai,283,20,0,0,0
12948,32,9323.45,11,Credit Card,Mobile,Delhi,241,20,0,0,0
12949,36,10734.65,16,UPI,Mobile,Bengaluru,709,18,0,0,0
12950,27,3777.49,18,Debit Card,Mobile,Delhi,1,22,2,0,0
12951,37,1657.37,0,UPI,Desktop,Mumbai,259,22,2,0,0
12952,37,1717.27,10,UPI,Mobile,Pune,30,24,0,0,0
12953,18,3363.0,8,UPI,Desktop,Pune,8,22,2,1,0
12954,41,2935.06,3,Credit Card,Mobile,Pune,7,19,1,0,0
12955,25,1731.64,22,UPI,Mobile,Pune,53,17,1,0,0
12956,39,2501.4,19,UPI,Mobile,Jaipur,203,17,0,0,0
12957,33,6154.44,0,UPI,Desktop,Delhi,24,19,2,0,0
12958,34,5119.11,14,UPI,Mobile,Ahmedabad,515,17,1,0,0
12959,41,1682.67,21,UPI,Desktop,Jaipur,768,23,1,1,0
12960,56,4127.56,5,Credit Card,Mobile,Mumbai,328,15,2,0,0
12961,38,1899.89,18,UPI,Mobile,Bengaluru,122,18,0,1,0
12962,33,743.7,18,Debit Card,Mobile,Mumbai,2,15,2,0,0
12963,18,619.61,20,UPI,Mobile,Ahmedabad,12,18,0,0,0
12964,32,1588.8,19,UPI,Mobile,Jaipur,291,23,0,0,0
12965,26,8547.16,23,UPI,Mobile,Jaipur,90,19,0,1,0
12966,50,3917.84,22,UPI,Desktop,Jaipur,138,17,1,0,0
12967,37,1862.24,3,UPI,Mobile,Jaipur,195,25,0,0,0
12968,52,930.48,23,Credit Card,Mobile,Mumbai,289,19,0,0,0
12969,29,1247.27,23,UPI,Mobile,Ahmedabad,39,15,2,0,0
12970,26,19606.17,0,UPI,Mobile,Mumbai,1066,20,0,0,0
12971,50,2728.69,9,UPI,Mobile,Mumbai,22,20,2,0,0
12972,23,1251.03,14,Credit Card,Mobile,Mumbai,7,16,3,0,1
12973,47,3906.03,1,UPI,Mobile,Mumbai,826,15,0,0,0
12974,38,4728.79,16,Debit Card,Mobile,Bengaluru,110,18,1,0,0
12975,26,705.83,0,Debit Card,Mobile,Delhi,135,19,0,0,0
12976,42,1022.42,1,UPI,Mobile,Delhi,259,20,1,1,1
12977,23,3294.78,23,Debit Card,Mobile,Jaipur,29,17,1,0,0
12978,31,2747.24,14,UPI,Mobile,Delhi,138,21,2,0,0
12979,27,1019.27,14,UPI,Tablet,Mumbai,692,17,0,0,0
12980,44,6107.1,22,UPI,Desktop,Delhi,718,25,1,0,1
12981,24,608.79,7,UPI,Mobile,Pune,455,24,2,1,0
12982,48,4543.78,16,Debit Card,Mobile,Mumbai,158,14,0,0,0
12983,32,5286.95,19,Debit Card,Desktop,Jaipur,1,16,0,0,0
12984,47,1748.25,0,Net Banking,Mobile,Pune,853,18,0,0,0
12985,37,4554.92,11,UPI,Mobile,Jaipur,608,18,1,0,0
12986,18,2037.34,5,Debit Card,Mobile,Pune,1581,22,0,0,0
12987,55,6291.33,4,UPI,Mobile,Delhi,98,18,0,0,1
12988,41,4124.04,2,Credit Card,Mobile,Mumbai,13,16,2,0,0
12989,51,15695.36,0,UPI,Tablet,Pune,67,28,0,0,0
12990,18,639.0,5,UPI,Mobile,Delhi,594,30,2,1,0
12991,18,2097.87,1,UPI,Mobile,Mumbai,99,14,1,0,0
12992,51,2920.86,18,UPI,Mobile,Bengaluru,339,18,2,0,0
12993,32,6898.26,9,UPI,Desktop,Mumbai,13,28,1,0,0
12994,36,800.92,13,UPI,Mobile,Jaipur,203,18,1,0,0
12995,26,2336.17,7,UPI,Mobile,Mumbai,114,20,1,0,0
12996,26,337.01,21,Credit Card,Mobile,Delhi,871,22,1,0,1
12997,32,814.09,0,UPI,Mobile,Pune,184,25,0,0,0
12998,39,8355.06,23,Debit Card,Mobile,Pune,67,25,3,1,1
12999,26,1042.96,6,UPI,Mobile,Mumbai,467,21,0,0,0
13000,22,2022.21,15,UPI,Mobile,Bengaluru,81,23,0,0,0
13001,33,4340.24,22,UPI,Mobile,Delhi,236,20,0,0,1
13002,45,875.97,10,Debit Card,Mobile,Jaipur,93,17,0,0,0
13003,32,5146.46,20,UPI,Desktop,Mumbai,109,22,1,0,0
13004,26,9659.71,5,UPI,Desktop,Bengaluru,339,21,0,0,0
13005,42,3458.09,0,Net Banking,Mobile,Bengaluru,21,27,0,0,0
13006,35,7560.31,10,UPI,Mobile,Delhi,152,20,0,0,0
13007,18,5284.83,16,Credit Card,Mobile,Bengaluru,765,18,4,0,0
13008,19,8474.09,9,Credit Card,Mobile,Bengaluru,396,15,1,0,0
13009,38,11939.96,3,UPI,Mobile,Mumbai,1286,18,2,0,0
13010,42,8180.34,1,UPI,Mobile,Jaipur,908,20,1,0,0
13011,38,2767.17,2,Debit Card,Mobile,Mumbai,327,12,1,0,0
13012,43,1210.93,9,Credit Card,Mobile,Ahmedabad,440,16,0,0,0
13013,41,353.16,19,UPI,Mobile,Mumbai,513,13,0,1,0
13014,23,1445.06,5,UPI,Desktop,Pune,261,20,1,0,0
13015,40,3399.75,20,UPI,Mobile,Bengaluru,118,30,0,0,0
13016,46,1434.56,0,Credit Card,Mobile,Pune,100,21,0,0,0
13017,38,562.91,11,UPI,Mobile,Jaipur,109,17,0,0,0
13018,49,3443.51,7,UPI,Mobile,Ahmedabad,60,14,0,0,0
13019,18,1443.69,10,UPI,Mobile,Pune,362,21,1,0,0
13020,50,4940.77,6,UPI,Desktop,Delhi,42,15,0,0,0
13021,26,5096.62,8,UPI,Desktop,Jaipur,384,17,2,1,0
13022,50,6220.2,7,UPI,Mobile,Mumbai,48,18,0,0,0
13023,42,1194.93,23,UPI,Mobile,Pune,277,17,1,0,0
13024,24,1325.28,4,Net Banking,Desktop,Delhi,709,16,1,0,0
13025,42,3012.63,17,UPI,Mobile,Bengaluru,18,16,1,0,0
13026,33,505.74,11,UPI,Desktop,Ahmedabad,475,21,1,0,0
13027,24,2955.48,12,Credit Card,Mobile,Delhi,187,34,0,0,0
13028,26,11634.55,2,UPI,Mobile,Mumbai,73,14,0,0,0
13029,40,5467.24,22,UPI,Mobile,Pune,1283,19,0,0,0
13030,44,3641.99,20,UPI,Mobile,Delhi,116,21,1,0,0
13031,34,2773.82,19,Debit Card,Mobile,Bengaluru,96,18,0,0,0
13032,33,1538.63,2,Credit Card,Desktop,Bengaluru,369,23,3,1,1
13033,24,53367.92,5,UPI,Mobile,Delhi,236,24,0,0,0
13034,30,3598.21,8,Credit Card,Mobile,Delhi,39,20,1,0,0
13035,20,3019.6,4,UPI,Mobile,Delhi,11,29,2,0,0
13036,39,3617.64,9,UPI,Mobile,Mumbai,318,20,0,0,0
13037,42,3272.45,9,UPI,Mobile,Mumbai,252,17,2,0,0
13038,49,3626.13,3,Credit Card,Desktop,Delhi,456,25,1,0,1
13039,55,2050.02,13,UPI,Desktop,Jaipur,212,24,1,0,0
13040,40,1962.52,8,Credit Card,Desktop,Mumbai,122,27,0,1,0
13041,20,4972.16,22,Debit Card,Mobile,Delhi,116,13,1,0,0
13042,49,5352.95,5,Debit Card,Mobile,Delhi,345,26,2,1,0
13043,34,2382.78,21,Credit Card,Mobile,Mumbai,478,15,0,0,0
13044,36,5663.54,1,UPI,Mobile,Bengaluru,1023,22,0,0,0
13045,23,3307.9,15,UPI,Mobile,Delhi,454,27,0,0,0
13046,18,3426.2,23,Debit Card,Mobile,Jaipur,150,15,1,1,0
13047,36,3076.55,12,UPI,Tablet,Jaipur,46,20,3,0,0
13048,40,1287.89,1,UPI,Mobile,Mumbai,140,21,0,0,0
13049,44,1096.1,20,Credit Card,Mobile,Jaipur,210,21,2,0,0
13050,40,1332.41,4,UPI,Mobile,Bengaluru,504,22,2,0,0
13051,35,1032.74,9,UPI,Mobile,Jaipur,348,17,1,1,0
13052,61,346.46,13,Credit Card,Mobile,Delhi,107,19,1,0,0
13053,39,2790.25,22,Debit Card,Mobile,Bengaluru,255,24,1,0,0
13054,31,2471.75,18,UPI,Tablet,Delhi,33,17,1,0,0
13055,18,1098.38,12,UPI,Mobile,Delhi,107,21,1,0,0
13056,43,3827.75,23,UPI,Mobile,Pune,240,19,0,0,0
13057,29,1499.85,13,UPI,Mobile,Bengaluru,840,18,0,0,0
13058,30,2161.09,16,UPI,Mobile,Bengaluru,216,11,1,0,0
13059,42,11683.43,8,UPI,Desktop,Bengaluru,144,25,3,0,0
13060,56,6906.07,16,Credit Card,Mobile,Bengaluru,126,21,1,1,0
13061,24,3842.4,5,UPI,Mobile,Bengaluru,795,12,0,0,0
13062,18,4378.83,22,UPI,Desktop,Pune,114,16,1,0,0
13063,43,5218.0,18,UPI,Mobile,Delhi,416,25,1,0,0
13064,28,4716.68,21,Debit Card,Mobile,Delhi,483,16,1,1,0
13065,26,1241.22,12,UPI,Mobile,Bengaluru,34,25,1,0,0
13066,47,2216.33,0,UPI,Mobile,Bengaluru,346,18,1,0,0
13067,38,202.24,3,UPI,Mobile,Jaipur,304,17,4,1,0
13068,23,3214.39,9,Net Banking,Mobile,Pune,60,19,1,0,0
13069,22,6785.18,0,UPI,Mobile,Bengaluru,487,15,0,1,0
13070,28,6778.07,22,UPI,Mobile,Mumbai,319,23,1,0,0
13071,31,1157.46,23,Net Banking,Desktop,Pune,236,20,1,0,0
13072,33,1924.43,17,UPI,Mobile,Pune,174,18,1,0,0
13073,27,2260.72,3,UPI,Mobile,Delhi,235,18,1,0,0
13074,34,825.61,13,Credit Card,Mobile,Pune,109,15,0,0,1
13075,49,3585.41,21,Debit Card,Mobile,Delhi,217,20,0,0,0
13076,37,765.78,12,UPI,Mobile,Mumbai,41,28,0,0,0
13077,37,13298.83,1,UPI,Desktop,Pune,154,10,2,0,1
13078,40,5689.31,22,UPI,Desktop,Delhi,496,19,2,0,0
13079,18,24550.97,10,UPI,Mobile,Mumbai,394,21,1,0,0
13080,63,5449.76,15,UPI,Mobile,Jaipur,301,18,2,1,0
13081,47,538.84,9,UPI,Tablet,Mumbai,182,21,0,0,0
13082,35,7241.26,13,UPI,Mobile,Jaipur,580,12,1,0,0
13083,46,1314.18,7,UPI,Desktop,Delhi,452,21,1,0,0
13084,32,6386.2,11,Credit Card,Mobile,Bengaluru,1249,16,0,0,0
13085,24,1649.1,13,UPI,Tablet,Jaipur,57,22,1,0,0
13086,44,3221.83,8,UPI,Mobile,Delhi,655,19,1,0,0
13087,40,2689.9,22,UPI,Desktop,Ahmedabad,203,17,0,0,0
13088,54,2557.15,19,Credit Card,Mobile,Pune,423,22,1,0,0
13089,31,3946.81,22,Net Banking,Tablet,Pune,545,20,3,0,0
13090,30,4074.0,17,Credit Card,Mobile,Pune,4,20,0,0,1
13091,23,4515.44,23,Debit Card,Tablet,Delhi,240,23,1,0,0
13092,39,2863.67,3,Credit Card,Mobile,Bengaluru,12,17,4,0,0
13093,45,2946.05,10,UPI,Desktop,Pune,431,29,0,1,0
13094,18,5160.49,10,Credit Card,Mobile,Delhi,111,12,0,0,0
13095,41,7311.24,19,UPI,Mobile,Mumbai,161,27,2,0,0
13096,33,2251.5,15,UPI,Mobile,Delhi,39,21,0,0,0
13097,40,2207.76,9,Debit Card,Mobile,Mumbai,284,20,0,0,0
13098,47,1685.67,1,UPI,Mobile,Pune,28,15,2,0,0
13099,26,5936.4,23,UPI,Mobile,Jaipur,35,13,1,0,0
13100,20,2473.73,23,UPI,Desktop,Jaipur,493,22,0,0,0
13101,39,3442.55,11,UPI,Desktop,Jaipur,182,23,0,0,0
13102,23,4044.85,19,UPI,Mobile,Mumbai,36,23,2,0,0
13103,23,4033.22,16,UPI,Mobile,Pune,268,18,0,0,0
13104,19,17713.59,22,Debit Card,Mobile,Bengaluru,33,18,1,0,0
13105,59,2899.54,9,Credit Card,Desktop,Ahmedabad,155,11,1,1,0
13106,18,12596.46,23,Debit Card,Mobile,Mumbai,133,14,1,0,0
13107,44,270.2,15,UPI,Mobile,Pune,2,23,1,0,0
13108,37,4520.37,8,Net Banking,Mobile,Jaipur,316,18,2,0,0
13109,45,5401.16,1,UPI,Mobile,Bengaluru,114,20,0,0,0
13110,42,7799.89,10,UPI,Mobile,Pune,149,23,0,0,0
13111,45,1205.25,20,UPI,Desktop,Jaipur,272,24,2,0,0
13112,30,14256.95,0,UPI,Mobile,Bengaluru,58,19,0,0,0
13113,33,5613.22,19,UPI,Mobile,Delhi,279,26,0,0,0
13114,37,1431.18,19,UPI,Mobile,Pune,52,19,1,1,1
13115,54,489.5,2,UPI,Mobile,Ahmedabad,32,15,0,1,0
13116,28,818.74,20,Credit Card,Mobile,Delhi,533,16,0,0,0
13117,25,9081.97,13,Debit Card,Mobile,Delhi,187,17,1,0,0
13118,24,3620.31,22,UPI,Tablet,Delhi,514,20,1,0,0
13119,19,7356.02,3,Credit Card,Mobile,Mumbai,102,16,0,0,0
13120,29,934.07,11,Net Banking,Desktop,Bengaluru,13,21,1,0,0
13121,18,10338.73,3,UPI,Mobile,Ahmedabad,84,21,0,0,0
13122,38,7039.44,2,UPI,Mobile,Jaipur,702,13,2,1,1
13123,21,5944.06,21,UPI,Mobile,Jaipur,60,18,0,0,0
13124,29,4242.74,3,Credit Card,Mobile,Bengaluru,8,20,2,0,0
13125,26,4127.81,23,UPI,Desktop,Delhi,141,18,0,0,0
13126,49,4662.76,10,Net Banking,Mobile,Pune,402,21,1,1,1
13127,52,12375.84,20,Net Banking,Mobile,Delhi,22,20,0,0,0
13128,39,1500.4,12,UPI,Mobile,Bengaluru,20,18,4,0,0
13129,33,3030.77,15,UPI,Mobile,Mumbai,233,19,0,0,0
13130,39,25449.9,20,Net Banking,Mobile,Pune,600,19,1,0,0
13131,49,9676.51,5,UPI,Mobile,Bengaluru,220,23,1,1,1
13132,18,1428.0,9,Credit Card,Mobile,Delhi,580,24,1,0,0
13133,50,2048.56,2,Debit Card,Mobile,Jaipur,247,14,0,0,0
13134,21,11483.05,18,UPI,Mobile,Delhi,614,20,1,0,0
13135,45,1702.84,15,UPI,Mobile,Bengaluru,108,20,0,0,0
13136,23,1404.59,10,UPI,Mobile,Bengaluru,421,17,1,0,0
13137,41,2574.14,21,UPI,Mobile,Bengaluru,70,26,2,1,0
13138,42,3801.72,5,UPI,Desktop,Pune,16,15,1,0,0
13139,38,1981.89,0,UPI,Mobile,Delhi,897,19,1,0,0
13140,29,2348.96,9,UPI,Mobile,Delhi,329,27,0,0,0
13141,28,3251.2,21,Credit Card,Mobile,Bengaluru,35,18,0,0,0
13142,22,2369.39,17,UPI,Mobile,Mumbai,100,26,0,1,0
13143,43,10486.91,23,UPI,Mobile,Bengaluru,194,29,3,0,0
13144,55,2279.23,0,Debit Card,Mobile,Mumbai,119,17,1,0,0
13145,41,6800.55,2,Debit Card,Mobile,Pune,539,21,1,0,0
13146,18,7430.87,9,UPI,Mobile,Pune,1533,16,2,0,0
13147,20,1083.77,15,Credit Card,Tablet,Bengaluru,103,22,1,0,0
13148,37,2250.71,8,Net Banking,Mobile,Pune,152,13,1,0,0
13149,52,5468.86,8,UPI,Mobile,Ahmedabad,395,18,2,0,0
13150,34,7751.65,11,UPI,Mobile,Pune,1661,21,1,0,0
13151,26,20663.03,9,UPI,Mobile,Pune,142,32,0,0,0
13152,43,7127.26,9,Credit Card,Mobile,Pune,412,21,0,0,0
13153,36,6872.49,2,UPI,Tablet,Delhi,26,19,0,1,0
13154,39,802.67,1,UPI,Desktop,Mumbai,101,28,0,1,0
13155,46,7679.21,12,UPI,Mobile,Mumbai,394,14,0,0,0
13156,35,2627.39,11,UPI,Tablet,Bengaluru,201,20,0,0,0
13157,44,1189.77,4,UPI,Desktop,Pune,914,18,1,1,0
13158,30,2887.73,3,UPI,Mobile,Delhi,383,21,0,0,0
13159,38,1400.28,23,Credit Card,Mobile,Ahmedabad,122,18,0,0,0
13160,27,9857.2,15,Net Banking,Desktop,Bengaluru,226,24,1,0,0
13161,31,1839.08,14,UPI,Mobile,Delhi,80,17,0,1,0
13162,22,1072.95,21,UPI,Mobile,Bengaluru,539,23,2,0,0
13163,29,2879.12,9,UPI,Desktop,Pune,195,18,0,0,0
13164,25,2487.26,16,UPI,Mobile,Mumbai,382,20,1,0,0
13165,63,5130.72,14,Debit Card,Mobile,Bengaluru,145,14,1,0,0
13166,28,1276.23,23,UPI,Mobile,Ahmedabad,87,16,0,0,0
13167,22,7136.82,8,UPI,Mobile,Mumbai,39,23,1,1,0
13168,43,5447.63,5,UPI,Mobile,Bengaluru,312,19,0,0,0
13169,45,2899.45,1,UPI,Mobile,Delhi,137,20,0,0,0
13170,27,5819.79,12,UPI,Mobile,Mumbai,398,23,1,0,0
13171,41,5108.14,3,Debit Card,Mobile,Delhi,166,26,1,0,0
13172,39,8743.77,2,Debit Card,Mobile,Mumbai,536,21,0,1,0
13173,18,8121.9,21,UPI,Mobile,Pune,261,17,1,0,0
13174,19,14576.38,22,Credit Card,Mobile,Bengaluru,492,20,0,0,0
13175,18,3283.36,8,UPI,Mobile,Delhi,599,19,1,0,0
13176,38,3465.96,1,UPI,Mobile,Mumbai,326,19,0,0,0
13177,43,3504.5,14,UPI,Desktop,Ahmedabad,158,17,1,0,0
13178,41,1620.46,3,UPI,Mobile,Delhi,295,19,1,0,0
13179,40,2915.5,6,UPI,Desktop,Mumbai,79,24,2,0,0
13180,39,258.21,12,Debit Card,Desktop,Pune,163,24,0,1,0
13181,31,1504.37,21,Debit Card,Mobile,Jaipur,23,16,0,0,0
13182,23,857.86,9,Credit Card,Desktop,Jaipur,169,19,1,0,0
13183,46,1248.01,3,Debit Card,Mobile,Jaipur,202,23,1,0,0
13184,38,3198.5,7,UPI,Mobile,Ahmedabad,1318,18,0,0,1
13185,32,3095.7,7,UPI,Mobile,Mumbai,80,20,3,0,0
13186,21,1369.73,20,UPI,Mobile,Mumbai,106,12,0,0,0
13187,46,6415.38,18,UPI,Mobile,Bengaluru,270,31,0,0,0
13188,27,1114.52,4,Net Banking,Mobile,Delhi,128,18,0,0,0
13189,35,43393.78,2,UPI,Mobile,Bengaluru,54,22,0,0,0
13190,34,1646.39,9,Credit Card,Mobile,Jaipur,125,18,0,0,0
13191,39,5323.99,9,UPI,Tablet,Pune,110,15,1,0,0
13192,18,20134.53,20,UPI,Desktop,Ahmedabad,809,10,1,0,0
13193,45,1698.22,21,UPI,Desktop,Delhi,32,23,1,0,0
13194,60,1596.81,5,UPI,Mobile,Pune,154,17,2,0,0
13195,48,421.66,4,UPI,Desktop,Delhi,161,18,0,0,0
13196,47,7903.22,16,UPI,Mobile,Mumbai,11,16,1,0,0
13197,52,35231.52,15,UPI,Mobile,Bengaluru,150,22,1,0,1
13198,32,3228.36,12,Debit Card,Mobile,Mumbai,246,22,0,0,0
13199,33,3984.94,15,UPI,Mobile,Ahmedabad,195,23,1,1,1
13200,39,2091.33,2,UPI,Tablet,Mumbai,101,23,0,0,0
13201,44,1359.07,7,Credit Card,Desktop,Jaipur,623,18,2,0,0
13202,18,2927.02,8,UPI,Mobile,Pune,44,19,3,0,0
13203,44,1135.05,7,UPI,Mobile,Delhi,598,25,0,0,0
13204,51,5240.66,2,UPI,Mobile,Mumbai,25,20,1,0,1
13205,19,2432.86,20,UPI,Mobile,Bengaluru,57,21,0,0,0
13206,52,10964.54,15,UPI,Mobile,Jaipur,238,21,1,0,0
13207,25,3460.45,10,Net Banking,Desktop,Pune,90,15,2,0,0
13208,37,4480.58,17,Credit Card,Mobile,Mumbai,318,13,1,0,0
13209,37,834.94,9,UPI,Mobile,Delhi,415,23,2,0,0
13210,24,7367.92,10,Debit Card,Mobile,Mumbai,180,18,2,0,0
13211,21,845.15,20,Credit Card,Desktop,Jaipur,511,25,2,0,0
13212,55,6512.95,11,UPI,Mobile,Mumbai,133,18,2,1,0
13213,25,5582.89,7,UPI,Mobile,Pune,78,23,1,0,0
13214,31,1871.16,13,Debit Card,Mobile,Pune,171,18,1,0,0
13215,59,3478.63,19,UPI,Desktop,Pune,441,23,0,0,0
13216,37,1527.5,3,Credit Card,Mobile,Jaipur,1577,16,2,0,0
13217,22,9797.17,6,UPI,Mobile,Mumbai,145,20,0,0,0
13218,18,9565.62,15,UPI,Mobile,Jaipur,1002,22,0,0,0
13219,53,10898.99,16,UPI,Mobile,Bengaluru,110,17,1,0,0
13220,39,5327.6,11,UPI,Tablet,Delhi,206,25,3,0,1
13221,18,1868.33,8,UPI,Mobile,Delhi,1,15,0,0,0
13222,18,344.85,12,UPI,Mobile,Pune,366,15,1,0,0
13223,34,2368.61,7,UPI,Desktop,Pune,216,20,1,0,0
13224,34,1466.95,7,UPI,Mobile,Pune,1218,16,0,0,1
13225,50,512.67,13,Debit Card,Mobile,Delhi,367,27,1,1,0
13226,29,6049.56,21,UPI,Mobile,Jaipur,232,15,2,0,0
13227,24,3620.59,15,Debit Card,Mobile,Bengaluru,308,22,4,0,0
13228,42,1593.84,11,UPI,Mobile,Mumbai,132,24,0,1,0
13229,30,1533.51,5,Credit Card,Mobile,Bengaluru,103,25,1,0,0
13230,39,3652.28,22,UPI,Mobile,Delhi,285,21,0,0,0
13231,38,2991.0,23,Credit Card,Mobile,Delhi,49,18,0,0,0
13232,47,5120.44,16,UPI,Mobile,Delhi,159,25,1,0,0
13233,37,3527.96,7,UPI,Desktop,Ahmedabad,269,15,1,0,0
13234,35,694.21,18,Debit Card,Desktop,Mumbai,344,25,3,0,0
13235,29,4455.86,11,Debit Card,Mobile,Ahmedabad,48,21,2,0,0
13236,49,1759.32,19,UPI,Mobile,Ahmedabad,524,13,0,0,0
13237,52,1818.01,22,UPI,Mobile,Ahmedabad,327,20,3,0,0
13238,33,5089.94,6,Credit Card,Mobile,Mumbai,201,17,1,0,0
13239,39,2443.4,9,UPI,Mobile,Mumbai,27,21,2,1,0
13240,18,3208.1,15,UPI,Desktop,Mumbai,248,25,1,0,0
13241,47,3068.16,7,UPI,Mobile,Ahmedabad,61,16,1,0,0
13242,50,6958.46,5,Debit Card,Desktop,Mumbai,259,25,3,0,0
13243,24,4908.9,11,UPI,Mobile,Delhi,53,21,1,0,0
13244,43,5269.03,5,UPI,Mobile,Ahmedabad,496,16,0,0,0
13245,41,1597.63,4,Credit Card,Mobile,Delhi,296,24,0,0,0
13246,36,7133.72,5,UPI,Desktop,Pune,197,10,1,0,0
13247,34,6188.41,18,Credit Card,Mobile,Jaipur,233,15,0,0,0
13248,51,4250.08,14,UPI,Mobile,Pune,1485,22,2,0,0
13249,20,1050.16,13,UPI,Desktop,Delhi,158,26,0,0,0
13250,26,1377.34,4,UPI,Mobile,Jaipur,74,18,0,0,0
13251,33,1091.75,10,UPI,Mobile,Pune,153,11,1,0,0
13252,18,7753.63,17,Credit Card,Mobile,Delhi,592,23,0,0,0
13253,36,5120.12,14,UPI,Tablet,Pune,371,27,1,0,1
13254,26,3898.99,6,UPI,Mobile,Jaipur,635,21,1,0,0
13255,30,1203.03,0,Credit Card,Mobile,Delhi,2040,17,1,0,0
13256,22,20872.47,1,Net Banking,Mobile,Bengaluru,343,16,1,0,0
13257,27,4213.53,6,UPI,Mobile,Bengaluru,245,22,1,0,0
13258,31,1397.03,3,UPI,Mobile,Bengaluru,503,19,1,0,0
13259,36,2782.89,8,UPI,Mobile,Pune,146,18,1,0,0
13260,32,4348.13,23,UPI,Mobile,Mumbai,33,21,0,0,0
13261,25,1227.36,15,Debit Card,Tablet,Delhi,626,22,2,0,0
13262,62,595.39,11,Net Banking,Desktop,Jaipur,286,23,0,0,0
13263,46,1655.54,8,UPI,Mobile,Delhi,4,22,1,0,0
13264,38,1533.22,21,UPI,Mobile,Ahmedabad,48,25,0,0,0
13265,47,4120.53,18,Credit Card,Mobile,Delhi,248,11,0,0,0
13266,22,1787.82,9,UPI,Mobile,Mumbai,279,17,0,0,0
13267,19,5676.29,11,UPI,Mobile,Jaipur,23,24,1,0,0
13268,19,3939.97,22,Credit Card,Mobile,Mumbai,895,10,0,0,0
13269,26,7178.39,3,UPI,Mobile,Delhi,357,15,3,0,0
13270,37,3282.37,10,UPI,Desktop,Bengaluru,91,15,0,0,0
13271,42,5101.92,3,UPI,Mobile,Ahmedabad,350,21,2,0,0
13272,30,6414.35,11,UPI,Mobile,Jaipur,151,20,1,1,0
13273,37,9173.08,16,UPI,Mobile,Jaipur,126,16,0,0,0
13274,35,5014.66,9,UPI,Mobile,Mumbai,264,18,1,0,0
13275,31,5419.6,22,Net Banking,Mobile,Bengaluru,464,20,1,0,0
13276,41,3306.21,11,UPI,Mobile,Delhi,269,19,0,1,0
13277,47,18015.95,5,UPI,Desktop,Mumbai,231,24,0,0,0
13278,18,14630.53,2,Debit Card,Mobile,Pune,30,23,1,1,0
13279,35,2149.37,6,UPI,Mobile,Pune,31,19,1,0,0
13280,18,3189.61,12,UPI,Mobile,Delhi,190,19,0,1,0
13281,44,1689.79,13,UPI,Mobile,Mumbai,93,20,0,1,1
13282,44,2974.23,7,Credit Card,Mobile,Jaipur,32,21,0,0,0
13283,19,3344.53,16,UPI,Mobile,Ahmedabad,941,18,4,0,1
13284,38,1727.34,10,Debit Card,Mobile,Mumbai,221,15,1,0,0
13285,22,2451.82,19,UPI,Mobile,Jaipur,75,16,1,0,0
13286,36,6524.81,0,Credit Card,Mobile,Bengaluru,256,15,0,0,0
13287,26,2065.75,15,UPI,Mobile,Mumbai,33,27,3,0,0
13288,46,42214.11,23,UPI,Desktop,Mumbai,769,16,2,0,0
13289,34,2282.3,8,UPI,Desktop,Mumbai,115,22,1,0,0
13290,42,2677.89,22,UPI,Mobile,Delhi,317,10,0,0,0
13291,36,2574.73,16,UPI,Mobile,Delhi,817,22,1,0,0
13292,42,4810.91,4,UPI,Mobile,Pune,64,31,3,0,0
13293,41,10879.25,5,UPI,Mobile,Bengaluru,294,17,0,0,0
13294,37,1909.08,4,UPI,Mobile,Ahmedabad,217,19,0,0,0
13295,19,3790.4,1,UPI,Mobile,Bengaluru,34,27,2,0,0
13296,27,3132.55,2,UPI,Desktop,Bengaluru,1111,15,0,1,1
13297,27,1749.97,7,UPI,Mobile,Pune,402,25,1,1,0
13298,36,3309.71,6,UPI,Desktop,Ahmedabad,257,25,0,0,0
13299,35,1660.88,15,Credit Card,Desktop,Mumbai,1,22,0,0,0
13300,18,1429.59,3,Debit Card,Mobile,Delhi,439,13,0,0,0
13301,47,9043.86,16,Debit Card,Mobile,Pune,281,25,0,0,0
13302,36,426.96,18,Credit Card,Mobile,Ahmedabad,15,22,1,0,0
13303,23,1717.07,21,UPI,Mobile,Jaipur,140,26,0,0,0
13304,45,837.2,5,UPI,Mobile,Delhi,126,15,5,0,0
13305,22,1706.55,14,UPI,Mobile,Mumbai,8,23,1,0,0
13306,40,2431.95,13,Debit Card,Desktop,Jaipur,162,16,1,0,0
13307,35,5681.18,11,Credit Card,Mobile,Delhi,136,22,0,0,0
13308,36,1794.6,7,Credit Card,Tablet,Mumbai,159,25,2,0,0
13309,42,2337.19,6,UPI,Desktop,Jaipur,723,20,1,0,0
13310,46,1342.51,4,UPI,Mobile,Pune,309,22,1,0,0
13311,22,7127.96,17,UPI,Mobile,Delhi,779,15,0,0,0
13312,20,598.45,15,UPI,Mobile,Mumbai,244,18,1,0,0
13313,46,3290.77,7,UPI,Mobile,Delhi,604,16,0,1,0
13314,29,15667.72,22,UPI,Mobile,Delhi,154,27,0,0,0
13315,31,40123.07,2,Debit Card,Mobile,Pune,716,18,1,0,0
13316,36,1920.01,14,UPI,Mobile,Mumbai,71,13,0,0,0
13317,27,4049.4,22,UPI,Mobile,Delhi,63,17,1,1,0
13318,25,533.27,0,Net Banking,Mobile,Pune,338,17,0,1,0
13319,32,4238.04,11,UPI,Mobile,Mumbai,418,23,0,0,0
13320,23,6757.18,17,UPI,Mobile,Delhi,349,30,0,0,0
13321,21,1832.58,7,UPI,Desktop,Ahmedabad,374,22,1,0,0
13322,36,789.55,0,UPI,Mobile,Delhi,267,26,2,0,0
13323,38,2458.38,7,UPI,Mobile,Delhi,146,23,0,0,0
13324,43,4484.85,8,Debit Card,Desktop,Bengaluru,93,17,2,0,0
13325,44,1528.34,9,UPI,Mobile,Bengaluru,191,23,1,1,0
13326,45,2391.57,22,UPI,Mobile,Mumbai,55,19,0,0,0
13327,22,1608.12,1,UPI,Mobile,Delhi,104,21,2,0,0
13328,27,9961.98,6,Debit Card,Mobile,Mumbai,94,25,0,0,0
13329,49,6236.77,19,UPI,Mobile,Pune,430,15,0,0,0
13330,33,21205.97,15,UPI,Mobile,Ahmedabad,132,18,0,0,0
13331,43,1634.92,16,UPI,Mobile,Pune,334,22,2,0,0
13332,23,1102.72,21,UPI,Mobile,Mumbai,315,29,2,0,0
13333,33,6166.33,5,Debit Card,Mobile,Ahmedabad,14,20,3,0,1
13334,32,480.67,9,UPI,Mobile,Mumbai,350,19,0,0,0
13335,32,3282.33,18,UPI,Mobile,Delhi,146,20,2,0,0
13336,47,910.78,8,Debit Card,Desktop,Mumbai,303,26,1,1,0
13337,21,967.94,23,UPI,Mobile,Delhi,122,22,0,0,0
13338,42,3822.58,8,UPI,Mobile,Jaipur,55,20,0,0,0
13339,23,866.67,9,Debit Card,Mobile,Delhi,238,25,0,0,0
13340,33,2515.71,22,Credit Card,Desktop,Mumbai,198,29,0,0,0
13341,36,2820.68,22,UPI,Desktop,Mumbai,843,28,3,0,0
13342,42,1576.48,18,UPI,Desktop,Mumbai,148,24,0,1,0
13343,45,3064.07,20,Credit Card,Mobile,Mumbai,246,28,2,0,0
13344,35,5122.12,17,UPI,Tablet,Pune,149,21,1,0,0
13345,38,2460.31,16,Debit Card,Mobile,Jaipur,516,18,3,0,0
13346,46,1474.3,17,Credit Card,Mobile,Ahmedabad,493,23,2,0,0
13347,18,1355.05,19,UPI,Mobile,Pune,692,16,1,0,0
13348,18,2256.53,6,Debit Card,Desktop,Mumbai,463,19,0,0,0
13349,24,2173.87,3,Debit Card,Desktop,Mumbai,260,22,0,0,0
13350,52,1466.8,4,UPI,Mobile,Bengaluru,399,21,1,0,0
13351,32,5535.31,18,UPI,Desktop,Mumbai,167,20,2,0,0
13352,20,5278.17,14,Credit Card,Mobile,Mumbai,341,17,0,1,0
13353,35,7455.26,3,Credit Card,Tablet,Jaipur,184,14,2,1,0
13354,34,2351.89,18,UPI,Desktop,Mumbai,127,19,2,0,0
13355,40,1335.76,16,Debit Card,Desktop,Pune,248,12,3,0,0
13356,42,2659.17,4,Credit Card,Mobile,Pune,460,17,1,0,0
13357,40,2495.64,10,UPI,Mobile,Pune,334,22,1,0,0
13358,28,3085.84,9,UPI,Mobile,Pune,18,19,0,0,0
13359,21,12133.95,17,UPI,Mobile,Delhi,304,20,2,0,0
13360,47,6375.78,12,UPI,Mobile,Mumbai,227,25,2,0,0
13361,41,5388.2,7,UPI,Desktop,Delhi,106,36,0,0,0
13362,33,2318.6,1,UPI,Mobile,Ahmedabad,635,21,0,0,0
13363,41,51996.41,16,Credit Card,Desktop,Delhi,188,22,1,0,0
13364,21,5333.6,2,Debit Card,Mobile,Delhi,871,13,0,0,0
13365,36,7164.38,23,UPI,Mobile,Mumbai,169,24,0,0,0
13366,40,49660.32,16,UPI,Mobile,Ahmedabad,387,15,1,0,0
13367,31,10091.95,0,UPI,Mobile,Pune,724,20,0,0,0
13368,39,3749.0,14,UPI,Mobile,Jaipur,254,19,0,0,0
13369,27,5932.36,10,UPI,Tablet,Delhi,109,28,2,1,0
13370,41,5029.79,19,Credit Card,Mobile,Mumbai,135,18,1,1,0
13371,53,4780.67,2,Credit Card,Mobile,Mumbai,51,23,0,0,0
13372,36,4584.66,2,UPI,Desktop,Pune,20,19,2,0,0
13373,18,3161.95,23,UPI,Desktop,Delhi,196,24,1,0,0
13374,29,4107.47,10,UPI,Mobile,Pune,342,19,1,0,0
13375,25,24624.57,15,UPI,Mobile,Mumbai,480,22,2,0,1
13376,39,2708.6,1,UPI,Desktop,Ahmedabad,1149,28,0,0,0
13377,40,4201.12,15,Credit Card,Mobile,Delhi,265,22,1,0,0
13378,37,376.62,3,Net Banking,Mobile,Delhi,340,23,2,0,0
13379,22,463.5,0,UPI,Mobile,Mumbai,110,23,0,0,0
13380,31,8774.24,20,UPI,Mobile,Mumbai,246,19,0,0,0
13381,37,606.04,23,UPI,Mobile,Pune,147,18,1,0,0
13382,36,12278.84,17,UPI,Mobile,Pune,87,19,1,0,0
13383,18,6186.11,9,Debit Card,Mobile,Bengaluru,236,24,1,0,0
13384,18,1308.37,23,UPI,Mobile,Jaipur,42,17,1,0,0
13385,52,1476.77,8,Credit Card,Desktop,Delhi,444,19,2,0,0
13386,32,1529.46,7,Credit Card,Mobile,Delhi,5,20,1,0,1
13387,36,554.8,23,Debit Card,Mobile,Jaipur,238,20,2,0,1
13388,36,1492.94,22,UPI,Mobile,Pune,70,22,0,0,0
13389,44,3577.75,22,Net Banking,Mobile,Ahmedabad,313,21,1,0,0
13390,35,3144.7,3,UPI,Mobile,Pune,496,18,0,0,0
13391,20,3535.33,2,UPI,Mobile,Bengaluru,609,16,1,0,0
13392,23,1397.06,4,UPI,Mobile,Delhi,311,15,3,0,1
13393,37,3637.89,6,UPI,Mobile,Jaipur,695,29,1,0,0
13394,23,5398.27,4,Credit Card,Mobile,Bengaluru,5,18,1,0,0
13395,18,5685.07,23,UPI,Mobile,Ahmedabad,34,24,0,0,0
13396,65,1163.49,16,UPI,Mobile,Ahmedabad,79,31,1,0,0
13397,18,1422.26,3,UPI,Mobile,Bengaluru,288,17,1,0,0
13398,33,6773.03,3,UPI,Mobile,Mumbai,395,14,1,1,0
13399,33,1025.68,13,Debit Card,Mobile,Pune,256,18,0,0,0
13400,27,4082.66,6,UPI,Mobile,Ahmedabad,82,28,0,0,0
13401,43,6952.53,14,UPI,Desktop,Delhi,445,15,0,0,0
13402,41,6058.26,9,Credit Card,Mobile,Delhi,179,16,0,0,0
13403,28,6907.47,4,UPI,Mobile,Pune,253,27,1,0,0
13404,41,1448.97,14,Debit Card,Mobile,Delhi,693,19,0,0,0
13405,18,10381.81,8,UPI,Desktop,Bengaluru,203,19,0,0,0
13406,27,962.92,17,UPI,Desktop,Ahmedabad,190,26,0,0,0
13407,28,1083.44,15,UPI,Mobile,Bengaluru,8,21,0,0,0
13408,28,4039.53,23,UPI,Mobile,Mumbai,390,15,1,1,0
13409,28,8530.64,18,Credit Card,Mobile,Delhi,79,16,2,0,0
13410,48,2619.12,17,Credit Card,Mobile,Mumbai,166,25,1,0,0
13411,36,3916.52,1,UPI,Mobile,Bengaluru,67,25,1,0,0
13412,57,671.38,2,UPI,Mobile,Mumbai,259,23,2,1,0
13413,22,1025.76,20,UPI,Mobile,Delhi,112,16,1,0,0
13414,28,10960.18,21,UPI,Mobile,Jaipur,238,18,2,0,0
13415,22,408.13,9,Credit Card,Desktop,Delhi,2,14,0,0,1
13416,24,4506.42,9,UPI,Mobile,Pune,155,19,1,0,0
13417,45,7758.21,23,UPI,Mobile,Bengaluru,9,18,0,0,0
13418,42,1045.13,8,Credit Card,Desktop,Delhi,64,20,0,1,0
13419,39,7500.25,5,UPI,Mobile,Delhi,10,23,0,0,0
13420,18,4236.61,22,Debit Card,Desktop,Bengaluru,416,19,0,0,0
13421,35,6174.77,0,Debit Card,Mobile,Bengaluru,212,23,0,0,0
13422,34,1117.88,21,UPI,Mobile,Pune,422,20,1,0,0
13423,60,2434.98,2,UPI,Mobile,Delhi,974,15,0,0,0
13424,33,6234.81,23,UPI,Desktop,Jaipur,368,20,0,0,0
13425,29,2035.8,1,UPI,Mobile,Mumbai,215,24,3,0,0
13426,38,1693.58,13,UPI,Mobile,Bengaluru,55,8,0,0,0
13427,26,4275.21,12,UPI,Mobile,Mumbai,59,35,1,0,0
13428,31,2004.47,18,Debit Card,Desktop,Mumbai,138,21,1,0,0
13429,18,1224.59,15,UPI,Mobile,Jaipur,251,11,1,0,0
13430,19,2940.22,9,Debit Card,Mobile,Ahmedabad,475,24,1,0,0
13431,34,7363.03,23,Credit Card,Desktop,Bengaluru,349,19,0,0,0
13432,51,2733.64,5,UPI,Tablet,Delhi,336,27,1,1,0
13433,23,9084.1,0,UPI,Mobile,Delhi,167,24,1,0,0
13434,36,4576.08,3,UPI,Mobile,Delhi,479,26,3,0,0
13435,36,2114.16,3,UPI,Mobile,Mumbai,323,33,1,0,1
13436,35,15263.39,2,UPI,Mobile,Delhi,1251,12,0,0,0
13437,18,1899.74,8,UPI,Desktop,Pune,627,18,0,0,0
13438,27,3845.57,15,UPI,Mobile,Bengaluru,115,17,1,0,0
13439,38,2303.82,19,UPI,Mobile,Bengaluru,39,17,0,0,0
13440,66,4662.52,2,UPI,Mobile,Jaipur,480,27,0,0,0
13441,19,6052.57,15,UPI,Mobile,Jaipur,160,15,0,0,0
13442,48,1626.76,4,UPI,Desktop,Ahmedabad,177,22,0,0,0
13443,20,7542.02,11,UPI,Mobile,Bengaluru,106,19,0,0,0
13444,40,1882.52,4,UPI,Desktop,Delhi,250,21,1,0,0
13445,18,20899.06,2,Net Banking,Mobile,Bengaluru,57,28,1,0,0
13446,45,692.05,11,UPI,Mobile,Ahmedabad,36,15,0,0,0
13447,43,846.79,18,UPI,Mobile,Delhi,230,29,1,0,0
13448,37,2891.19,16,UPI,Mobile,Pune,46,26,1,0,0
13449,32,2142.26,6,UPI,Mobile,Pune,137,22,2,0,0
13450,30,7137.56,13,Credit Card,Mobile,Bengaluru,856,20,0,0,0
13451,26,1766.86,14,UPI,Mobile,Bengaluru,483,19,2,0,0
13452,26,2411.78,9,UPI,Mobile,Bengaluru,465,27,0,0,0
13453,32,12577.88,19,UPI,Mobile,Mumbai,672,23,1,0,0
13454,40,1901.86,9,UPI,Mobile,Ahmedabad,398,21,1,0,0
13455,18,6129.08,2,UPI,Mobile,Jaipur,1157,17,1,0,0
13456,22,1435.49,15,UPI,Mobile,Mumbai,340,18,0,0,0
13457,32,2785.31,20,UPI,Mobile,Jaipur,68,23,0,0,0
13458,32,4243.05,16,Credit Card,Mobile,Bengaluru,11,18,1,0,0
13459,39,820.77,2,UPI,Mobile,Delhi,621,21,1,0,1
13460,44,1095.01,0,Debit Card,Mobile,Delhi,11,14,0,0,1
13461,31,1223.32,21,UPI,Mobile,Mumbai,65,20,0,0,0
13462,44,1876.46,19,UPI,Mobile,Ahmedabad,1445,18,0,0,0
13463,33,13046.98,9,UPI,Mobile,Ahmedabad,26,19,0,0,0
13464,18,6655.82,22,UPI,Mobile,Ahmedabad,716,31,1,0,0
13465,27,1247.62,14,UPI,Mobile,Mumbai,78,30,2,0,0
13466,26,1960.61,5,UPI,Mobile,Jaipur,306,16,1,0,0
13467,35,1466.58,22,Debit Card,Mobile,Jaipur,599,19,0,0,0
13468,28,2408.63,12,UPI,Mobile,Bengaluru,47,17,0,1,0
13469,43,11331.66,8,Credit Card,Mobile,Delhi,472,26,3,0,1
13470,25,2003.39,13,Credit Card,Tablet,Bengaluru,376,13,1,0,0
13471,34,4823.93,9,UPI,Mobile,Pune,126,13,4,0,0
13472,18,2450.84,20,Credit Card,Mobile,Delhi,145,18,0,0,0
13473,42,2593.09,20,UPI,Mobile,Delhi,847,22,0,0,0
13474,21,6238.44,8,Credit Card,Mobile,Ahmedabad,380,20,1,0,0
13475,32,683.94,1,UPI,Mobile,Mumbai,416,18,0,0,0
13476,48,3285.04,0,UPI,Mobile,Pune,384,27,2,0,1
13477,22,1782.58,22,Credit Card,Desktop,Mumbai,136,23,0,0,0
13478,45,4041.03,11,UPI,Mobile,Delhi,423,22,1,0,0
13479,38,2877.17,22,UPI,Mobile,Pune,151,23,3,0,0
13480,34,3890.34,7,UPI,Desktop,Mumbai,715,20,0,0,0
13481,27,4230.34,3,UPI,Mobile,Delhi,97,24,2,0,0
13482,39,606.52,23,UPI,Mobile,Delhi,333,21,0,0,0
13483,63,826.51,17,UPI,Mobile,Mumbai,813,22,1,0,0
13484,35,938.94,18,Credit Card,Mobile,Mumbai,250,23,1,0,0
13485,26,9867.79,16,UPI,Mobile,Jaipur,66,20,2,0,0
13486,18,4631.81,18,UPI,Mobile,Mumbai,410,21,1,1,0
13487,25,3602.14,5,Credit Card,Tablet,Ahmedabad,586,22,1,0,0
13488,43,3036.17,20,UPI,Mobile,Mumbai,1817,24,1,0,0
13489,54,3769.81,20,Credit Card,Mobile,Jaipur,728,20,1,0,0
13490,34,1202.19,15,UPI,Mobile,Bengaluru,374,14,1,0,0
13491,24,3285.7,10,UPI,Mobile,Delhi,56,24,2,1,0
13492,38,3459.54,12,Credit Card,Desktop,Mumbai,134,18,3,0,1
13493,46,2118.26,14,UPI,Mobile,Delhi,356,31,0,0,0
13494,46,4183.26,15,UPI,Mobile,Pune,510,16,2,0,0
13495,60,2842.11,23,Credit Card,Tablet,Pune,198,17,2,0,0
13496,37,967.87,18,UPI,Mobile,Mumbai,33,17,0,1,0
13497,20,5818.74,2,UPI,Mobile,Pune,274,22,3,0,0
13498,21,8264.59,7,UPI,Mobile,Mumbai,274,25,0,0,0
13499,21,5772.35,15,Credit Card,Mobile,Pune,673,21,2,0,0
13500,28,2884.73,20,UPI,Mobile,Delhi,91,20,1,0,0
13501,38,34157.35,19,UPI,Mobile,Pune,855,35,0,0,0
13502,35,9034.82,7,UPI,Mobile,Mumbai,304,21,0,0,0
13503,39,2054.28,21,UPI,Mobile,Mumbai,154,24,0,0,0
13504,40,9713.0,6,UPI,Mobile,Ahmedabad,73,11,1,0,1
13505,42,1951.21,22,Credit Card,Desktop,Delhi,421,14,1,0,0
13506,35,1044.23,16,Credit Card,Mobile,Mumbai,167,18,0,0,0
13507,20,1168.25,0,Net Banking,Mobile,Mumbai,393,23,0,0,0
13508,27,209.51,18,Debit Card,Mobile,Ahmedabad,195,27,0,0,0
13509,18,1251.69,22,UPI,Mobile,Delhi,223,13,0,0,0
13510,43,537.08,2,Debit Card,Mobile,Delhi,264,18,2,0,0
13511,31,3191.33,19,UPI,Mobile,Pune,8,28,0,0,0
13512,47,945.11,11,UPI,Mobile,Bengaluru,1654,11,0,0,0
13513,49,1470.05,6,UPI,Desktop,Jaipur,1214,18,1,0,0
13514,26,2021.44,15,UPI,Mobile,Mumbai,490,21,1,0,0
13515,41,4458.06,10,UPI,Mobile,Delhi,109,31,2,0,0
13516,24,2845.04,21,Credit Card,Mobile,Mumbai,67,24,1,0,0
13517,55,4247.74,0,UPI,Mobile,Mumbai,419,11,0,1,1
13518,45,1171.73,22,UPI,Desktop,Delhi,173,21,2,0,0
13519,44,2849.45,12,UPI,Mobile,Delhi,408,26,1,1,1
13520,54,1090.98,16,UPI,Mobile,Mumbai,8,15,0,0,0
13521,27,13461.37,6,UPI,Mobile,Pune,326,25,1,1,1
13522,44,1191.17,23,Credit Card,Mobile,Bengaluru,329,16,1,0,0
13523,36,1145.32,12,UPI,Mobile,Jaipur,453,24,0,0,0
13524,52,888.81,22,UPI,Mobile,Bengaluru,825,21,0,0,0
13525,39,2879.76,15,UPI,Desktop,Mumbai,100,27,1,0,0
13526,24,957.71,23,Credit Card,Mobile,Jaipur,235,13,0,0,0
13527,38,5178.34,18,UPI,Mobile,Pune,1226,13,3,0,0
13528,18,2126.98,18,UPI,Mobile,Bengaluru,289,27,0,0,0
13529,45,3216.5,18,Credit Card,Mobile,Mumbai,383,15,0,0,0
13530,30,3560.89,9,UPI,Mobile,Pune,303,19,0,0,0
13531,26,2424.93,2,UPI,Mobile,Mumbai,445,19,0,0,0
13532,50,1771.77,10,Credit Card,Tablet,Bengaluru,143,14,1,0,0
13533,51,5804.33,10,Credit Card,Mobile,Mumbai,117,28,2,1,0
13534,26,1738.48,0,UPI,Mobile,Delhi,114,17,0,0,0
13535,30,1165.37,22,UPI,Mobile,Bengaluru,1,22,1,1,0
13536,31,4825.94,10,Credit Card,Mobile,Pune,210,17,3,0,0
13537,18,2474.9,9,UPI,Mobile,Mumbai,18,22,0,0,0
13538,27,4631.85,7,UPI,Mobile,Pune,14,18,0,0,0
13539,23,1994.74,3,Credit Card,Mobile,Bengaluru,373,15,1,0,0
13540,27,7270.3,8,UPI,Mobile,Pune,440,30,1,0,0
13541,39,5228.74,2,UPI,Mobile,Delhi,182,17,1,0,0
13542,18,846.84,15,UPI,Tablet,Mumbai,47,22,0,0,0
13543,22,4264.89,7,Debit Card,Mobile,Delhi,102,22,0,0,0
13544,34,6534.33,23,UPI,Mobile,Bengaluru,303,22,1,0,0
13545,18,2229.15,18,UPI,Mobile,Bengaluru,80,21,0,0,0
13546,29,2758.49,17,UPI,Mobile,Ahmedabad,419,23,1,0,0
13547,47,1151.79,9,UPI,Desktop,Delhi,55,20,0,0,0
13548,27,2436.01,23,Credit Card,Mobile,Delhi,696,16,0,0,0
13549,21,3546.05,15,UPI,Mobile,Jaipur,12,20,1,0,0
13550,34,2376.69,0,Credit Card,Mobile,Ahmedabad,9,16,0,0,1
13551,26,2809.92,0,UPI,Mobile,Ahmedabad,206,24,2,1,0
13552,18,1621.57,20,UPI,Mobile,Jaipur,401,18,1,1,0
13553,23,1543.67,17,UPI,Desktop,Mumbai,185,22,0,0,0
13554,40,1108.18,2,UPI,Mobile,Delhi,586,21,1,0,0
13555,45,2715.42,17,Credit Card,Desktop,Pune,333,13,0,1,0
13556,18,1909.87,14,UPI,Desktop,Delhi,153,22,2,0,0
13557,29,1603.22,1,UPI,Desktop,Ahmedabad,246,24,3,1,1
13558,32,2200.16,7,Credit Card,Mobile,Mumbai,243,25,0,0,0
13559,30,1333.94,16,UPI,Desktop,Bengaluru,242,29,1,0,0
13560,34,8786.94,16,UPI,Desktop,Mumbai,50,21,0,0,0
13561,35,2794.19,1,Credit Card,Mobile,Mumbai,268,28,0,0,0
13562,20,4604.01,22,UPI,Mobile,Mumbai,138,18,1,0,0
13563,44,856.56,21,UPI,Mobile,Pune,180,19,0,0,0
13564,24,4945.98,4,Credit Card,Mobile,Mumbai,282,22,2,0,0
13565,38,3103.21,17,UPI,Mobile,Bengaluru,483,19,1,0,0
13566,53,10463.36,1,Net Banking,Mobile,Delhi,656,18,0,1,1
13567,41,2736.79,4,UPI,Mobile,Bengaluru,451,23,1,0,0
13568,41,1271.85,19,Credit Card,Mobile,Pune,169,22,1,0,0
13569,37,2927.97,21,Credit Card,Desktop,Mumbai,18,20,1,0,0
13570,34,3273.21,16,UPI,Mobile,Pune,226,22,1,0,0
13571,45,5224.42,12,UPI,Mobile,Delhi,177,21,2,0,0
13572,25,3170.39,7,UPI,Mobile,Mumbai,23,18,0,0,1
13573,18,236.64,3,Debit Card,Mobile,Pune,420,16,2,0,0
13574,23,3220.72,6,UPI,Mobile,Pune,600,21,0,0,0
13575,26,11168.39,17,Debit Card,Mobile,Bengaluru,1259,21,1,1,0
13576,18,1205.13,3,Credit Card,Mobile,Mumbai,69,17,0,0,0
13577,27,10075.08,6,UPI,Desktop,Delhi,416,14,4,0,0
13578,44,4766.18,18,UPI,Mobile,Mumbai,92,14,0,0,0
13579,19,1956.61,13,Credit Card,Mobile,Ahmedabad,689,18,1,0,0
13580,45,1476.66,7,UPI,Mobile,Ahmedabad,571,25,1,1,1
13581,34,1045.02,10,Credit Card,Mobile,Pune,94,22,1,0,0
13582,23,1385.59,3,UPI,Desktop,Ahmedabad,800,20,3,1,1
13583,35,5751.66,16,UPI,Mobile,Pune,116,16,0,0,0
13584,33,5867.82,4,UPI,Mobile,Mumbai,13,17,2,0,1
13585,34,3125.24,7,Net Banking,Mobile,Bengaluru,13,22,0,0,0
13586,18,15204.49,5,UPI,Mobile,Delhi,284,21,2,1,0
13587,36,3137.25,4,UPI,Mobile,Ahmedabad,178,19,1,0,0
13588,35,2002.64,20,UPI,Mobile,Mumbai,16,15,2,0,0
13589,40,1664.73,10,UPI,Mobile,Bengaluru,296,19,2,0,0
13590,20,225.11,7,UPI,Mobile,Pune,82,25,1,0,0
13591,18,2142.17,0,UPI,Mobile,Delhi,270,20,1,0,0
13592,20,3181.49,17,UPI,Tablet,Bengaluru,407,15,0,0,0
13593,18,3120.18,17,UPI,Mobile,Pune,1,23,1,0,0
13594,44,15569.44,15,Credit Card,Mobile,Bengaluru,43,21,0,0,1
13595,32,1632.28,22,UPI,Mobile,Mumbai,972,15,0,0,0
13596,49,17184.58,22,UPI,Desktop,Pune,1070,27,2,0,0
13597,41,8495.37,23,UPI,Mobile,Pune,232,18,0,0,0
13598,28,1119.43,6,UPI,Desktop,Jaipur,934,26,0,0,0
13599,18,1814.05,0,Credit Card,Mobile,Pune,92,16,0,0,0
13600,40,1752.83,6,UPI,Mobile,Mumbai,220,22,1,0,0
13601,41,2802.31,5,Credit Card,Desktop,Mumbai,168,18,1,0,0
13602,37,9691.3,1,UPI,Desktop,Bengaluru,827,19,1,1,0
13603,41,706.18,16,UPI,Mobile,Delhi,90,18,1,0,0
13604,54,2718.4,2,UPI,Mobile,Mumbai,654,25,0,0,0
13605,46,1357.47,12,Credit Card,Mobile,Bengaluru,374,21,2,0,0
13606,25,4449.73,11,UPI,Mobile,Delhi,62,22,1,0,0
13607,46,1366.85,2,Debit Card,Mobile,Bengaluru,195,22,1,0,0
13608,24,3223.71,1,UPI,Mobile,Pune,598,18,2,0,0
13609,27,7414.7,0,Debit Card,Mobile,Jaipur,85,28,3,1,0
13610,32,4143.09,2,UPI,Mobile,Jaipur,552,17,1,0,0
13611,49,1297.31,3,UPI,Mobile,Jaipur,427,15,1,1,0
13612,39,2837.47,1,Net Banking,Mobile,Delhi,155,16,1,0,0
13613,28,1689.84,13,UPI,Mobile,Bengaluru,331,14,2,0,0
13614,56,5632.25,1,UPI,Mobile,Bengaluru,255,22,0,0,0
13615,43,4963.86,22,UPI,Mobile,Ahmedabad,753,24,2,0,0
13616,30,1562.74,14,Credit Card,Mobile,Pune,375,28,1,0,0
13617,43,3841.93,5,Credit Card,Mobile,Jaipur,59,25,0,0,0
13618,37,1256.02,15,UPI,Mobile,Jaipur,187,16,0,0,0
13619,34,15345.86,2,UPI,Mobile,Bengaluru,1312,25,1,0,0
13620,25,297.6,16,Net Banking,Mobile,Delhi,67,22,0,0,0
13621,39,730.21,8,Credit Card,Mobile,Mumbai,184,21,1,0,0
13622,41,11455.61,21,UPI,Mobile,Bengaluru,20,23,2,0,0
13623,55,5134.68,7,Debit Card,Mobile,Ahmedabad,264,21,0,0,0
13624,21,1222.24,6,UPI,Desktop,Mumbai,231,20,2,0,1
13625,35,882.2,20,Credit Card,Mobile,Delhi,900,16,1,0,0
13626,45,2150.41,21,UPI,Mobile,Pune,293,14,1,0,0
13627,44,1838.37,15,UPI,Tablet,Jaipur,95,15,1,0,0
13628,20,417.22,16,UPI,Desktop,Delhi,350,20,1,0,0
13629,34,2478.78,22,UPI,Mobile,Pune,58,17,0,0,0
13630,45,3356.13,11,UPI,Desktop,Bengaluru,12,20,1,0,1
13631,35,2061.19,5,UPI,Mobile,Delhi,244,27,0,0,0
13632,52,7447.26,5,UPI,Mobile,Mumbai,126,15,1,0,0
13633,25,1496.18,0,UPI,Desktop,Pune,28,17,0,0,0
13634,24,3407.89,11,UPI,Mobile,Delhi,364,16,2,0,0
13635,42,2884.77,23,UPI,Desktop,Delhi,127,23,1,0,0
13636,41,5428.16,17,Net Banking,Mobile,Mumbai,11,21,1,0,0
13637,34,1297.42,20,UPI,Desktop,Delhi,432,15,0,0,0
13638,40,1672.56,23,UPI,Desktop,Delhi,455,22,3,1,0
13639,30,1666.31,12,UPI,Desktop,Delhi,513,14,0,0,0
13640,37,1487.88,14,UPI,Mobile,Bengaluru,368,17,0,0,0
13641,18,730.77,1,UPI,Mobile,Pune,134,22,0,0,0
13642,50,6045.13,1,Credit Card,Desktop,Jaipur,459,27,2,0,0
13643,21,1333.68,5,UPI,Mobile,Delhi,218,33,1,1,0
13644,39,4594.89,7,Debit Card,Mobile,Jaipur,638,14,1,0,0
13645,30,1321.6,11,UPI,Mobile,Mumbai,215,17,0,0,0
13646,32,7820.28,23,UPI,Mobile,Delhi,107,21,1,0,0
13647,55,1271.64,7,UPI,Mobile,Jaipur,205,18,1,0,0
13648,58,1456.84,1,UPI,Mobile,Pune,49,21,0,1,0
13649,28,1055.16,1,UPI,Mobile,Pune,368,20,0,0,0
13650,31,4170.31,20,UPI,Mobile,Delhi,140,16,0,0,0
13651,47,672.56,7,UPI,Desktop,Delhi,347,17,0,0,0
13652,25,4483.62,14,UPI,Mobile,Delhi,424,11,0,0,0
13653,18,12403.31,10,UPI,Mobile,Mumbai,97,12,0,0,0
13654,25,4982.02,12,UPI,Mobile,Pune,59,24,1,0,0
13655,26,2787.89,13,UPI,Mobile,Ahmedabad,491,26,0,0,0
13656,56,4113.99,18,UPI,Mobile,Delhi,675,20,2,0,0
13657,20,817.37,1,UPI,Mobile,Ahmedabad,232,24,1,0,0
13658,44,2405.83,6,Credit Card,Mobile,Pune,58,18,1,0,0
13659,29,3161.8,15,UPI,Mobile,Bengaluru,828,17,0,0,0
13660,56,8846.43,20,UPI,Desktop,Delhi,46,17,1,0,0
13661,49,10660.64,17,UPI,Mobile,Bengaluru,95,24,0,0,0
13662,47,654.61,19,Debit Card,Mobile,Mumbai,234,15,2,0,0
13663,38,3347.05,10,UPI,Desktop,Pune,676,18,0,0,0
13664,28,6728.19,12,Debit Card,Mobile,Ahmedabad,143,19,1,0,0
13665,18,1705.55,15,UPI,Mobile,Delhi,331,21,0,0,0
13666,44,5810.05,23,UPI,Mobile,Pune,10,17,1,0,1
13667,38,3417.3,4,UPI,Tablet,Mumbai,524,16,1,0,0
13668,42,5711.35,18,UPI,Mobile,Ahmedabad,190,26,0,0,0
13669,53,3523.9,10,Credit Card,Mobile,Pune,298,22,0,0,0
13670,26,463.28,10,Credit Card,Mobile,Jaipur,899,16,2,0,0
13671,37,2687.92,3,UPI,Mobile,Bengaluru,1074,15,0,1,0
13672,29,1086.32,20,Debit Card,Tablet,Jaipur,109,21,2,1,1
13673,34,4458.99,7,UPI,Mobile,Pune,296,19,1,0,0
13674,38,4437.4,2,Credit Card,Desktop,Mumbai,11,27,1,0,0
13675,23,5395.19,20,UPI,Mobile,Bengaluru,119,22,1,0,0
13676,32,5088.5,4,UPI,Mobile,Bengaluru,72,23,2,0,0
13677,25,2271.58,20,UPI,Mobile,Delhi,392,16,2,0,0
13678,35,1375.19,10,UPI,Mobile,Jaipur,649,15,0,0,0
13679,50,6038.49,16,UPI,Mobile,Pune,8,26,2,0,0
13680,25,11771.77,7,UPI,Mobile,Pune,490,22,0,0,0
13681,40,4422.87,10,UPI,Mobile,Jaipur,420,29,0,0,0
13682,49,6059.36,23,UPI,Mobile,Mumbai,121,12,1,0,0
13683,36,11873.02,0,Net Banking,Mobile,Mumbai,339,30,0,0,0
13684,18,4182.44,10,Net Banking,Desktop,Bengaluru,357,9,5,0,0
13685,37,3948.44,13,Credit Card,Mobile,Jaipur,490,16,3,0,1
13686,31,4068.75,2,UPI,Mobile,Mumbai,409,27,0,1,0
13687,18,735.69,6,UPI,Mobile,Pune,740,21,2,0,0
13688,33,14800.23,18,UPI,Mobile,Jaipur,314,13,0,0,0
13689,36,6253.99,16,UPI,Mobile,Mumbai,233,19,1,0,0
13690,36,5483.77,7,Debit Card,Mobile,Ahmedabad,1201,18,1,0,0
13691,34,3552.39,19,UPI,Mobile,Mumbai,50,16,0,0,1
13692,25,917.75,10,UPI,Mobile,Ahmedabad,75,14,1,1,0
13693,45,1857.66,22,UPI,Tablet,Mumbai,195,25,2,0,0
13694,29,1100.16,12,Net Banking,Mobile,Jaipur,83,24,0,1,0
13695,41,3281.86,6,UPI,Mobile,Mumbai,932,19,0,0,0
13696,36,1883.96,16,UPI,Mobile,Bengaluru,118,21,0,0,0
13697,24,4240.55,9,UPI,Mobile,Mumbai,96,24,1,0,0
13698,48,2889.7,13,Credit Card,Mobile,Mumbai,193,19,1,0,0
13699,49,1354.6,23,UPI,Desktop,Ahmedabad,231,17,0,0,0
13700,37,966.54,21,UPI,Mobile,Mumbai,40,23,1,0,0
13701,54,1157.32,15,UPI,Mobile,Jaipur,263,25,0,0,0
13702,55,5336.0,17,UPI,Mobile,Mumbai,179,19,1,0,0
13703,36,3047.93,15,UPI,Mobile,Bengaluru,9,16,2,0,0
13704,37,3617.81,11,Debit Card,Mobile,Ahmedabad,718,22,2,0,0
13705,37,2213.31,1,UPI,Mobile,Delhi,110,22,1,0,0
13706,32,8133.85,18,UPI,Desktop,Delhi,297,23,2,0,0
13707,31,1572.6,5,UPI,Mobile,Ahmedabad,243,15,3,0,0
13708,55,3129.78,6,UPI,Desktop,Bengaluru,173,11,2,0,0
13709,22,41465.09,9,UPI,Mobile,Mumbai,553,14,2,0,0
13710,33,7288.6,13,Debit Card,Mobile,Delhi,38,22,0,0,0
13711,32,4214.91,6,UPI,Mobile,Bengaluru,87,20,3,0,0
13712,21,1669.2,2,UPI,Mobile,Delhi,428,13,0,0,0
13713,24,2264.73,14,UPI,Desktop,Pune,154,20,0,0,0
13714,44,1084.79,14,UPI,Mobile,Delhi,28,16,1,0,0
13715,37,3606.88,20,UPI,Mobile,Bengaluru,1336,20,0,0,0
13716,26,1240.72,23,UPI,Mobile,Bengaluru,565,25,0,1,0
13717,31,4876.12,5,Net Banking,Mobile,Delhi,156,16,0,0,0
13718,42,2411.93,13,UPI,Desktop,Bengaluru,118,20,0,0,0
13719,53,4789.93,12,UPI,Mobile,Bengaluru,246,22,2,1,0
13720,23,193.74,15,UPI,Mobile,Delhi,226,17,2,0,0
13721,18,2806.22,22,UPI,Mobile,Mumbai,779,15,1,0,0
13722,45,856.25,21,UPI,Mobile,Ahmedabad,172,20,2,0,0
13723,27,1435.71,15,Debit Card,Desktop,Mumbai,146,25,1,0,0
13724,44,1692.17,4,Credit Card,Mobile,Bengaluru,176,24,1,0,0
13725,23,4722.98,2,Debit Card,Mobile,Bengaluru,221,21,0,0,0
13726,20,3091.25,19,UPI,Mobile,Pune,41,19,1,0,0
13727,25,1391.97,17,Debit Card,Mobile,Bengaluru,57,18,3,1,0
13728,48,4684.23,10,UPI,Mobile,Delhi,544,19,1,0,0
13729,54,5127.25,10,UPI,Mobile,Delhi,32,29,2,0,0
13730,38,4051.4,11,UPI,Mobile,Jaipur,27,23,1,0,0
13731,27,1474.13,21,UPI,Mobile,Ahmedabad,147,22,1,0,0
13732,40,3693.66,16,Net Banking,Tablet,Pune,184,24,0,0,0
13733,45,4687.74,17,Debit Card,Mobile,Delhi,700,23,4,0,0
13734,30,4432.14,23,Credit Card,Mobile,Bengaluru,985,17,3,0,0
13735,34,3290.66,1,Credit Card,Mobile,Bengaluru,127,17,0,0,0
13736,42,2940.51,19,Debit Card,Mobile,Mumbai,310,22,1,0,0
13737,40,7418.34,2,UPI,Mobile,Delhi,194,17,1,0,0
13738,33,8337.8,22,UPI,Tablet,Bengaluru,226,21,1,1,0
13739,47,2643.05,17,Debit Card,Mobile,Mumbai,569,24,1,0,0
13740,32,6257.48,5,Credit Card,Mobile,Jaipur,109,20,1,0,0
13741,33,2830.53,3,UPI,Mobile,Ahmedabad,65,19,2,0,0
13742,59,6963.86,3,Credit Card,Mobile,Mumbai,88,23,2,0,0
13743,36,4348.25,2,Credit Card,Mobile,Jaipur,850,20,1,0,0
13744,38,5695.56,1,Credit Card,Mobile,Mumbai,130,14,1,0,0
13745,35,5178.97,10,Credit Card,Mobile,Delhi,143,20,1,0,0
13746,57,3651.0,21,Debit Card,Mobile,Jaipur,39,25,0,0,0
13747,21,851.64,9,UPI,Mobile,Delhi,53,13,2,0,0
13748,42,4541.16,14,UPI,Mobile,Bengaluru,258,22,2,0,0
13749,40,8764.15,7,UPI,Desktop,Delhi,154,18,0,0,0
13750,18,1857.62,6,UPI,Mobile,Delhi,305,24,1,0,0
13751,26,626.66,16,UPI,Mobile,Jaipur,79,15,0,0,0
13752,32,10217.54,18,UPI,Mobile,Jaipur,152,12,3,0,0
13753,30,5068.63,9,UPI,Mobile,Bengaluru,92,22,0,0,0
13754,28,7723.35,21,UPI,Mobile,Pune,107,23,2,0,1
13755,29,5646.15,22,UPI,Mobile,Jaipur,312,16,1,0,0
13756,62,3869.69,15,UPI,Mobile,Delhi,591,21,2,0,0
13757,33,4681.74,23,Credit Card,Mobile,Bengaluru,201,15,2,0,0
13758,31,5259.4,17,Credit Card,Desktop,Delhi,363,24,0,0,0
13759,26,2792.91,8,UPI,Mobile,Bengaluru,77,17,2,0,0
13760,18,569.54,22,UPI,Mobile,Pune,54,16,1,0,0
13761,45,3891.01,7,UPI,Desktop,Mumbai,367,22,0,0,0
13762,40,7044.19,21,UPI,Mobile,Delhi,141,20,1,0,1
13763,24,1585.35,16,Debit Card,Desktop,Bengaluru,116,18,0,0,0
13764,29,1496.34,5,UPI,Mobile,Bengaluru,329,21,3,0,1
13765,18,2058.38,13,UPI,Desktop,Delhi,966,20,1,0,0
13766,19,1522.46,9,UPI,Mobile,Delhi,163,14,1,0,0
13767,19,520.55,14,UPI,Mobile,Ahmedabad,368,17,1,0,0
13768,43,421.34,23,UPI,Mobile,Ahmedabad,95,16,1,0,0
13769,18,1748.29,8,UPI,Mobile,Pune,297,19,1,0,0
13770,35,8048.32,3,UPI,Mobile,Mumbai,136,19,0,0,0
13771,22,944.05,22,UPI,Mobile,Mumbai,280,19,0,0,0
13772,18,686.95,14,UPI,Mobile,Delhi,252,21,1,0,0
13773,42,2094.52,20,UPI,Mobile,Pune,674,15,1,0,0
13774,44,6926.97,5,UPI,Mobile,Ahmedabad,171,25,2,0,0
13775,50,379.17,20,Credit Card,Tablet,Mumbai,164,18,0,0,0
13776,29,818.54,14,Credit Card,Mobile,Jaipur,620,28,2,0,1
13777,26,5536.45,11,Net Banking,Mobile,Ahmedabad,305,16,1,0,0
13778,37,9141.99,18,Credit Card,Mobile,Pune,687,19,2,0,0
13779,35,2384.04,17,Debit Card,Mobile,Bengaluru,220,15,0,1,0
13780,52,588.67,11,UPI,Tablet,Pune,574,21,2,0,0
13781,40,1782.7,5,UPI,Desktop,Mumbai,687,18,0,0,0
13782,18,1957.57,22,UPI,Mobile,Mumbai,216,17,0,0,0
13783,45,606.11,23,UPI,Mobile,Bengaluru,159,17,0,0,0
13784,44,5800.44,23,UPI,Desktop,Mumbai,187,21,1,0,0
13785,33,2931.3,10,Credit Card,Desktop,Delhi,243,22,1,0,0
13786,36,2106.25,12,Credit Card,Tablet,Mumbai,239,21,0,0,0
13787,52,4523.88,21,UPI,Mobile,Bengaluru,55,15,1,1,0
13788,51,1881.65,11,UPI,Mobile,Pune,377,16,1,0,0
13789,20,2467.82,14,UPI,Mobile,Delhi,1,18,0,1,0
13790,58,3476.74,6,UPI,Mobile,Jaipur,20,21,1,0,0
13791,34,471.22,20,Credit Card,Mobile,Delhi,3,25,0,0,0
13792,30,3455.95,8,UPI,Tablet,Mumbai,204,18,0,0,0
13793,43,1859.09,5,UPI,Mobile,Bengaluru,308,17,0,0,0
13794,31,2443.81,1,UPI,Desktop,Pune,216,24,2,0,0
13795,28,11603.03,17,UPI,Mobile,Delhi,388,16,0,0,0
13796,37,1461.51,18,UPI,Mobile,Pune,32,28,0,0,0
13797,33,2440.07,22,UPI,Mobile,Bengaluru,444,15,1,1,0
13798,51,631.22,4,UPI,Mobile,Bengaluru,639,14,0,0,0
13799,33,5590.77,9,UPI,Mobile,Ahmedabad,256,19,1,0,0
13800,49,3204.63,3,UPI,Desktop,Pune,641,16,1,0,0
13801,39,2551.92,15,Debit Card,Desktop,Delhi,1,16,1,0,0
13802,18,307.07,12,UPI,Mobile,Mumbai,38,24,2,0,0
13803,34,4001.37,18,Credit Card,Desktop,Bengaluru,113,14,1,0,0
13804,18,4652.56,11,UPI,Mobile,Delhi,244,15,0,0,0
13805,32,2246.22,0,Debit Card,Mobile,Bengaluru,607,21,2,0,0
13806,42,1162.03,5,UPI,Mobile,Bengaluru,43,13,0,0,0
13807,39,2180.25,11,Credit Card,Mobile,Mumbai,176,19,0,0,0
13808,37,958.17,14,UPI,Mobile,Jaipur,25,24,0,1,0
13809,47,4466.06,7,Credit Card,Mobile,Mumbai,589,18,1,0,0
13810,33,3710.13,10,UPI,Mobile,Delhi,103,21,1,0,0
13811,42,20307.96,14,Net Banking,Mobile,Ahmedabad,209,18,0,0,0
13812,27,694.81,23,UPI,Desktop,Pune,90,18,2,0,0
13813,34,2197.01,1,UPI,Mobile,Delhi,884,26,0,1,0
13814,34,1510.7,21,UPI,Mobile,Bengaluru,51,17,1,0,0
13815,29,3640.74,19,UPI,Mobile,Delhi,39,22,0,0,0
13816,43,16782.96,12,UPI,Mobile,Mumbai,95,17,1,0,0
13817,28,4534.56,19,Debit Card,Desktop,Mumbai,311,23,2,1,1
13818,32,1908.79,12,UPI,Mobile,Bengaluru,193,27,0,0,0
13819,45,3693.89,17,UPI,Mobile,Bengaluru,80,22,1,0,0
13820,21,3762.34,14,UPI,Mobile,Bengaluru,382,18,3,0,0
13821,23,6244.49,2,UPI,Mobile,Bengaluru,36,20,1,0,0
13822,33,5620.44,4,UPI,Mobile,Ahmedabad,162,23,1,0,0
13823,58,2226.99,9,UPI,Mobile,Delhi,263,18,0,0,0
13824,59,1472.95,19,UPI,Desktop,Pune,954,16,0,0,0
13825,29,3624.94,14,UPI,Mobile,Ahmedabad,81,19,1,0,0
13826,27,7479.99,14,Net Banking,Desktop,Mumbai,118,17,0,0,0
13827,23,15334.01,22,UPI,Mobile,Mumbai,342,27,2,0,0
13828,45,1742.4,12,UPI,Mobile,Pune,1022,17,3,1,0
13829,34,12394.7,13,Debit Card,Mobile,Pune,322,12,0,0,0
13830,33,1868.77,23,UPI,Mobile,Bengaluru,120,21,1,0,0
13831,18,754.7,7,UPI,Mobile,Delhi,734,27,0,0,0
13832,29,7947.26,3,UPI,Desktop,Mumbai,810,25,4,0,1
13833,37,8252.65,22,UPI,Desktop,Pune,113,14,0,0,0
13834,53,1750.76,13,UPI,Mobile,Mumbai,222,25,2,0,0
13835,46,2007.08,17,UPI,Mobile,Jaipur,978,25,1,0,0
13836,43,1569.4,0,UPI,Desktop,Mumbai,155,17,1,1,0
13837,29,493.5,1,Debit Card,Mobile,Jaipur,478,19,1,0,0
13838,47,3807.8,10,UPI,Desktop,Delhi,142,13,1,0,0
13839,46,1773.56,15,UPI,Desktop,Ahmedabad,110,17,1,0,0
13840,38,1060.46,15,UPI,Mobile,Pune,4,17,1,0,0
13841,58,4159.87,3,UPI,Mobile,Jaipur,417,17,1,0,0
13842,44,4612.4,9,UPI,Mobile,Delhi,647,17,0,0,0
13843,43,8743.25,4,UPI,Mobile,Ahmedabad,170,22,2,0,0
13844,26,956.69,4,UPI,Mobile,Ahmedabad,676,20,1,1,0
13845,35,2174.99,18,UPI,Mobile,Jaipur,228,11,0,0,0
13846,32,1287.95,14,UPI,Mobile,Ahmedabad,64,13,0,0,0
13847,23,1139.53,5,UPI,Desktop,Jaipur,886,27,1,1,0
13848,35,1248.85,5,UPI,Mobile,Mumbai,623,27,1,0,0
13849,22,2734.74,2,UPI,Mobile,Bengaluru,137,18,0,1,0
13850,43,1685.71,6,Credit Card,Desktop,Delhi,77,20,1,0,0
13851,33,970.32,18,UPI,Desktop,Mumbai,736,19,2,0,0
13852,29,19837.12,12,UPI,Tablet,Delhi,411,15,1,0,0
13853,18,3517.7,15,Credit Card,Mobile,Mumbai,9,22,2,0,1
13854,28,1265.35,16,UPI,Mobile,Pune,170,17,1,0,0
13855,38,2545.32,3,Credit Card,Mobile,Jaipur,871,21,0,0,0
13856,25,782.73,2,UPI,Mobile,Jaipur,198,30,1,0,0
13857,26,1588.48,8,Credit Card,Desktop,Delhi,1222,21,0,0,0
13858,43,1075.17,12,UPI,Desktop,Pune,327,13,1,0,0
13859,33,2757.08,20,UPI,Mobile,Ahmedabad,117,20,0,0,0
13860,30,1548.68,3,UPI,Mobile,Delhi,34,19,0,0,0
13861,18,1194.4,10,UPI,Mobile,Bengaluru,144,25,1,0,0
13862,41,1431.85,6,Credit Card,Desktop,Pune,256,18,0,0,0
13863,47,7925.35,12,UPI,Mobile,Pune,496,22,1,0,0
13864,39,1206.79,5,UPI,Mobile,Mumbai,612,22,1,0,0
13865,18,3760.35,8,UPI,Mobile,Jaipur,70,16,1,0,0
13866,33,5974.66,13,UPI,Mobile,Mumbai,58,21,1,0,0
13867,33,2952.9,2,UPI,Mobile,Bengaluru,261,18,2,0,0
13868,42,3759.78,23,Credit Card,Mobile,Ahmedabad,175,17,1,0,0
13869,40,1845.99,4,UPI,Tablet,Pune,1120,18,0,0,0
13870,31,5947.77,10,UPI,Mobile,Delhi,172,17,1,1,1
13871,38,3913.91,5,UPI,Mobile,Mumbai,356,18,1,0,0
13872,31,3675.29,19,UPI,Tablet,Delhi,356,21,1,0,0
13873,30,1738.37,3,UPI,Mobile,Ahmedabad,111,21,1,0,0
13874,25,8395.74,9,Credit Card,Mobile,Pune,89,25,1,0,0
13875,43,4081.57,23,UPI,Mobile,Ahmedabad,121,18,1,0,0
13876,24,9386.22,19,Debit Card,Mobile,Mumbai,608,22,1,0,0
13877,25,3770.26,4,UPI,Mobile,Ahmedabad,214,20,0,0,0
13878,43,1195.43,18,UPI,Mobile,Ahmedabad,140,17,5,0,0
13879,41,5668.83,14,UPI,Mobile,Jaipur,306,16,1,0,0
13880,27,3628.69,2,UPI,Mobile,Mumbai,37,19,1,0,0
13881,27,3567.97,7,Credit Card,Mobile,Ahmedabad,962,17,2,0,0
13882,42,914.69,4,UPI,Mobile,Mumbai,687,24,0,0,0
13883,38,6756.05,20,Debit Card,Mobile,Mumbai,45,23,1,0,0
13884,51,6339.19,23,UPI,Desktop,Jaipur,670,12,1,0,0
13885,49,1147.93,1,UPI,Desktop,Ahmedabad,522,20,0,0,0
13886,18,15395.09,0,Credit Card,Mobile,Delhi,277,18,3,0,0
13887,18,3748.04,6,Debit Card,Mobile,Delhi,695,24,2,1,0
13888,19,803.88,20,Debit Card,Mobile,Ahmedabad,142,19,0,0,0
13889,45,3037.08,22,UPI,Mobile,Bengaluru,34,18,0,0,0
13890,58,9391.96,12,Credit Card,Mobile,Mumbai,544,19,0,0,0
13891,18,1008.81,19,UPI,Mobile,Mumbai,137,25,3,0,0
13892,34,6945.71,7,Credit Card,Mobile,Jaipur,171,21,2,0,0
13893,22,2674.01,3,UPI,Mobile,Delhi,213,12,0,1,0
13894,44,3125.9,6,UPI,Mobile,Delhi,389,22,1,0,1
13895,23,3519.95,7,UPI,Mobile,Mumbai,10,12,0,0,0
13896,55,755.35,14,UPI,Mobile,Mumbai,153,23,3,0,1
13897,29,3530.82,14,UPI,Mobile,Jaipur,587,17,1,1,0
13898,42,3904.78,14,UPI,Desktop,Bengaluru,1003,12,1,0,0
13899,30,1265.56,7,UPI,Mobile,Delhi,487,20,0,1,0
13900,18,3917.15,23,Debit Card,Mobile,Bengaluru,59,19,0,0,0
13901,41,3014.0,19,UPI,Mobile,Delhi,92,18,1,0,0
13902,24,374.33,15,UPI,Desktop,Bengaluru,134,19,2,0,0
13903,46,2073.19,2,UPI,Desktop,Delhi,31,23,0,0,0
13904,18,5250.82,1,UPI,Mobile,Mumbai,70,9,2,0,0
13905,46,5721.65,5,UPI,Mobile,Bengaluru,118,24,0,0,0
13906,29,2639.73,7,Credit Card,Mobile,Bengaluru,256,13,1,0,0
13907,27,2555.82,11,UPI,Mobile,Mumbai,541,22,0,0,0
13908,27,5756.05,1,UPI,Mobile,Pune,179,15,1,1,0
13909,18,8352.31,17,Debit Card,Tablet,Mumbai,214,19,2,0,0
13910,35,1246.95,5,UPI,Mobile,Bengaluru,168,21,1,1,0
13911,50,3560.04,16,Credit Card,Mobile,Mumbai,7,27,0,0,0
13912,38,4304.26,7,UPI,Tablet,Mumbai,281,20,1,0,0
13913,45,4692.17,13,UPI,Desktop,Jaipur,16,20,2,0,0
13914,24,3182.44,16,UPI,Mobile,Jaipur,197,22,1,0,0
13915,35,1072.52,23,UPI,Mobile,Bengaluru,76,20,0,0,0
13916,34,2166.59,10,UPI,Mobile,Delhi,711,20,1,0,0
13917,36,750.17,19,UPI,Tablet,Bengaluru,410,24,0,0,0
13918,52,3392.39,6,UPI,Mobile,Delhi,3,22,0,0,0
13919,30,1839.17,5,Credit Card,Desktop,Mumbai,622,23,0,0,0
13920,26,1752.48,15,Debit Card,Mobile,Mumbai,709,13,2,0,0
13921,50,1618.6,22,Net Banking,Desktop,Delhi,143,22,0,1,0
13922,46,5369.11,16,Debit Card,Mobile,Ahmedabad,146,20,2,1,1
13923,40,1517.79,11,UPI,Mobile,Delhi,141,25,1,0,0
13924,33,2887.52,15,Debit Card,Mobile,Jaipur,60,15,1,0,0
13925,31,961.64,16,UPI,Mobile,Pune,114,15,3,0,0
13926,38,1852.23,19,Debit Card,Mobile,Mumbai,442,23,1,0,0
13927,25,1349.04,22,UPI,Mobile,Pune,466,16,2,0,0
13928,23,7370.23,2,UPI,Mobile,Bengaluru,55,21,1,0,0
13929,41,6462.15,18,Credit Card,Mobile,Bengaluru,647,21,1,0,0
13930,35,3285.16,20,Credit Card,Mobile,Bengaluru,287,15,0,0,0
13931,43,1452.0,12,Debit Card,Mobile,Jaipur,311,22,1,0,0
13932,30,380.85,11,UPI,Mobile,Jaipur,56,15,1,0,0
13933,27,25744.51,11,UPI,Mobile,Delhi,285,9,1,0,0
13934,18,5637.36,15,Debit Card,Mobile,Delhi,759,16,3,0,0
13935,42,940.81,16,UPI,Desktop,Bengaluru,242,18,2,0,0
13936,33,2896.71,17,UPI,Mobile,Ahmedabad,661,24,1,0,0
13937,43,3447.83,14,UPI,Desktop,Delhi,1168,15,1,0,0
13938,26,2295.9,17,UPI,Mobile,Bengaluru,126,19,2,0,0
13939,32,11831.45,15,UPI,Mobile,Delhi,235,25,2,0,0
13940,18,5969.47,22,UPI,Mobile,Pune,324,31,0,0,0
13941,42,1256.34,8,Debit Card,Desktop,Jaipur,50,16,1,0,0
13942,37,25657.18,9,UPI,Mobile,Mumbai,266,17,1,1,1
13943,50,1749.45,6,Debit Card,Desktop,Bengaluru,232,34,1,0,1
13944,29,3860.39,0,Debit Card,Mobile,Pune,1804,22,3,1,0
13945,41,3281.5,19,UPI,Mobile,Mumbai,370,15,2,0,0
13946,32,4157.98,4,UPI,Mobile,Jaipur,79,24,1,0,0
13947,39,5153.16,6,Credit Card,Mobile,Bengaluru,159,12,0,0,0
13948,21,625.64,20,UPI,Desktop,Jaipur,163,21,1,0,0
13949,55,3044.17,20,Debit Card,Mobile,Bengaluru,223,21,0,0,0
13950,21,4356.12,3,UPI,Mobile,Jaipur,493,14,0,0,0
13951,47,2177.74,18,UPI,Desktop,Delhi,518,25,1,0,0
13952,31,2514.87,14,Credit Card,Mobile,Bengaluru,202,29,2,0,0
13953,28,2887.19,16,UPI,Mobile,Bengaluru,128,28,3,0,0
13954,46,2440.24,1,UPI,Mobile,Mumbai,1237,22,0,0,0
13955,33,1733.24,4,UPI,Mobile,Delhi,145,20,0,0,0
13956,25,3080.56,8,UPI,Desktop,Pune,149,20,1,1,0
13957,50,9710.36,19,Credit Card,Mobile,Mumbai,707,17,0,0,0
13958,54,599.8,6,UPI,Mobile,Mumbai,1173,24,3,0,1
13959,55,5043.29,22,Credit Card,Mobile,Delhi,678,24,2,0,0
13960,36,5973.29,9,UPI,Mobile,Mumbai,232,18,1,0,0
13961,39,1511.49,8,Debit Card,Desktop,Delhi,73,23,0,0,0
13962,63,6049.76,23,Net Banking,Tablet,Mumbai,1310,18,1,0,0
13963,18,2450.37,5,Credit Card,Mobile,Delhi,117,23,0,0,0
13964,50,12962.9,14,Credit Card,Mobile,Mumbai,279,20,2,0,0
13965,51,3609.51,17,UPI,Mobile,Mumbai,1079,22,1,0,0
13966,40,9484.48,3,UPI,Mobile,Pune,405,19,0,1,0
13967,25,4434.15,16,UPI,Mobile,Mumbai,355,25,1,1,0
13968,42,8267.78,10,Net Banking,Mobile,Mumbai,4,21,0,0,0
13969,44,7610.35,8,Credit Card,Mobile,Mumbai,1022,10,2,0,0
13970,37,1133.52,8,UPI,Mobile,Jaipur,9,25,1,0,0
13971,45,1175.43,14,UPI,Mobile,Mumbai,559,16,0,0,0
13972,34,5083.38,13,UPI,Mobile,Delhi,401,22,1,0,0
13973,35,5955.06,12,UPI,Mobile,Bengaluru,281,31,0,0,0
13974,20,7621.46,0,Credit Card,Mobile,Pune,68,22,0,0,0
13975,35,2070.65,12,UPI,Mobile,Jaipur,258,22,1,1,0
13976,18,1150.78,7,UPI,Mobile,Pune,38,24,1,1,0
13977,39,9202.93,17,UPI,Mobile,Jaipur,19,26,1,0,0
13978,36,2554.64,14,Net Banking,Desktop,Mumbai,134,22,1,1,0
13979,35,3763.3,5,UPI,Mobile,Pune,403,14,0,0,0
13980,23,3181.13,4,UPI,Mobile,Jaipur,159,22,3,1,0
13981,41,1141.7,10,UPI,Mobile,Delhi,19,31,1,0,1
13982,47,2404.05,11,UPI,Mobile,Jaipur,199,21,1,0,0
13983,20,3262.68,20,UPI,Mobile,Ahmedabad,117,19,0,0,0
13984,29,8121.73,15,UPI,Desktop,Jaipur,136,17,0,0,0
13985,30,707.8,14,UPI,Mobile,Delhi,211,21,0,0,0
13986,36,8912.51,1,UPI,Tablet,Bengaluru,20,18,1,0,1
13987,26,2703.43,9,Net Banking,Desktop,Delhi,32,16,0,0,0
13988,28,6565.34,10,Debit Card,Mobile,Jaipur,110,24,0,0,0
13989,38,3726.33,15,UPI,Mobile,Pune,470,27,1,0,0
13990,28,5074.31,6,UPI,Mobile,Delhi,263,15,1,0,0
13991,43,13542.91,13,UPI,Mobile,Mumbai,714,16,1,0,0
13992,39,2194.0,5,UPI,Desktop,Ahmedabad,215,12,0,0,0
13993,31,1871.12,22,UPI,Mobile,Jaipur,363,16,1,0,0
13994,39,12000.93,8,UPI,Desktop,Pune,711,20,1,0,0
13995,32,894.52,17,Debit Card,Mobile,Bengaluru,474,15,0,0,1
13996,39,4824.74,15,UPI,Mobile,Jaipur,361,15,2,0,0
13997,26,1133.57,3,Credit Card,Mobile,Jaipur,2,21,3,0,1
13998,24,3882.6,7,UPI,Desktop,Delhi,219,24,0,0,0
13999,35,563.83,19,Debit Card,Mobile,Delhi,1188,18,0,0,0
14000,18,2054.62,12,Debit Card,Mobile,Bengaluru,758,17,1,0,0
14001,56,3041.81,9,Debit Card,Mobile,Pune,620,24,0,0,0
14002,45,2225.98,12,UPI,Desktop,Pune,250,20,1,0,0
14003,63,9087.38,13,UPI,Mobile,Bengaluru,30,20,0,0,0
14004,24,7799.13,18,Credit Card,Tablet,Ahmedabad,309,21,0,0,0
14005,52,1794.25,11,UPI,Mobile,Pune,30,10,0,0,0
14006,36,1193.58,0,UPI,Mobile,Mumbai,31,18,0,0,0
14007,22,4236.2,5,UPI,Mobile,Delhi,322,15,1,0,0
14008,25,5285.56,11,UPI,Tablet,Bengaluru,1009,28,0,0,0
14009,30,2634.02,2,UPI,Mobile,Pune,49,18,2,0,0
14010,37,300.26,22,UPI,Mobile,Pune,34,23,0,0,0
14011,18,10235.66,13,UPI,Mobile,Mumbai,219,16,2,0,0
14012,46,14261.87,20,Debit Card,Mobile,Delhi,255,18,0,0,0
14013,43,1046.27,21,UPI,Mobile,Pune,579,26,0,0,0
14014,37,2101.35,7,Net Banking,Mobile,Bengaluru,20,16,1,0,0
14015,35,6245.71,13,UPI,Mobile,Jaipur,222,17,0,0,0
14016,42,2140.18,8,UPI,Mobile,Ahmedabad,146,29,0,0,0
14017,56,1612.64,18,Debit Card,Mobile,Delhi,157,21,1,0,0
14018,28,6697.91,9,Credit Card,Mobile,Mumbai,153,20,0,0,0
14019,28,3955.99,0,UPI,Mobile,Mumbai,308,12,2,0,0
14020,39,2343.61,0,UPI,Mobile,Delhi,281,23,1,0,0
14021,33,12365.08,12,UPI,Mobile,Mumbai,40,16,4,1,0
14022,38,1807.66,9,UPI,Mobile,Mumbai,1,16,1,0,0
14023,54,20505.78,23,UPI,Mobile,Ahmedabad,123,20,2,0,0
14024,33,1103.61,19,UPI,Desktop,Delhi,29,13,0,0,0
14025,21,2977.49,10,Credit Card,Desktop,Mumbai,124,19,0,1,0
14026,21,1365.24,0,Credit Card,Desktop,Delhi,7,10,0,0,0
14027,40,2035.65,22,Debit Card,Mobile,Delhi,1421,23,2,0,0
14028,27,2611.96,3,Debit Card,Mobile,Pune,359,23,1,0,0
14029,45,11159.75,17,UPI,Mobile,Bengaluru,461,27,0,0,0
14030,49,2742.68,8,Net Banking,Mobile,Delhi,158,11,2,0,0
14031,35,22124.92,13,Credit Card,Mobile,Jaipur,433,19,0,0,1
14032,21,13713.64,21,UPI,Mobile,Pune,78,18,0,0,0
14033,31,1027.47,12,Debit Card,Desktop,Pune,283,25,0,0,0
14034,56,9080.06,20,Credit Card,Desktop,Delhi,832,25,0,1,0
14035,34,646.78,20,Net Banking,Desktop,Jaipur,577,14,1,0,0
14036,31,2292.85,21,Credit Card,Mobile,Pune,530,18,0,0,0
14037,48,1634.67,3,Net Banking,Desktop,Delhi,531,19,2,0,0
14038,24,7300.22,10,UPI,Mobile,Mumbai,158,21,0,1,0
14039,34,3241.21,13,Debit Card,Mobile,Jaipur,137,22,1,0,0
14040,25,2988.58,15,UPI,Mobile,Pune,150,19,0,0,0
14041,40,2340.6,20,UPI,Mobile,Bengaluru,396,26,0,0,0
14042,35,5988.61,1,Net Banking,Mobile,Bengaluru,110,22,0,0,0
14043,30,4682.15,20,UPI,Mobile,Delhi,262,17,0,0,0
14044,32,4787.35,21,UPI,Desktop,Delhi,17,20,2,0,0
14045,23,11148.84,7,UPI,Mobile,Pune,220,20,0,0,0
14046,50,2608.03,14,UPI,Desktop,Delhi,24,14,1,0,1
14047,45,2747.0,3,UPI,Mobile,Ahmedabad,397,23,3,0,0
14048,31,20310.66,7,UPI,Mobile,Pune,121,24,1,0,1
14049,31,1542.83,16,Credit Card,Mobile,Bengaluru,67,24,1,0,0
14050,18,1666.6,15,Credit Card,Mobile,Mumbai,281,15,1,0,0
14051,45,392.28,18,Debit Card,Mobile,Mumbai,81,19,1,0,0
14052,44,4407.7,22,Debit Card,Mobile,Jaipur,136,18,3,0,0
14053,32,4279.79,5,UPI,Tablet,Delhi,48,21,0,0,0
14054,29,1477.15,10,UPI,Mobile,Pune,204,25,2,0,0
14055,19,2058.69,5,UPI,Mobile,Bengaluru,519,20,2,0,0
14056,35,1624.21,3,Credit Card,Mobile,Bengaluru,473,13,2,0,0
14057,44,2123.38,11,Credit Card,Desktop,Bengaluru,178,14,2,0,0
14058,43,4357.28,1,Credit Card,Mobile,Bengaluru,483,19,2,0,0
14059,20,3435.66,0,UPI,Mobile,Bengaluru,816,17,3,0,0
14060,18,6072.63,12,UPI,Mobile,Bengaluru,77,14,1,0,0
14061,49,4050.39,15,UPI,Mobile,Delhi,18,19,0,0,0
14062,28,1284.98,3,UPI,Mobile,Bengaluru,335,17,1,0,1
14063,42,3129.8,23,Credit Card,Mobile,Mumbai,211,18,0,0,0
14064,46,1669.34,6,UPI,Mobile,Pune,244,20,0,0,0
14065,38,1273.7,7,UPI,Desktop,Jaipur,736,23,2,0,0
14066,32,713.12,3,Net Banking,Mobile,Bengaluru,404,28,0,0,0
14067,40,3377.76,12,UPI,Mobile,Bengaluru,60,20,1,0,0
14068,29,32196.77,11,UPI,Tablet,Jaipur,257,21,0,0,0
14069,29,2335.19,9,Credit Card,Mobile,Pune,411,15,0,0,0
14070,46,1672.17,23,Debit Card,Mobile,Mumbai,77,16,2,0,0
14071,36,5889.54,9,UPI,Mobile,Ahmedabad,930,18,0,0,0
14072,40,15394.82,0,UPI,Mobile,Jaipur,641,21,1,0,1
14073,19,5809.82,14,UPI,Desktop,Delhi,1,12,2,0,0
14074,44,2066.3,14,Credit Card,Mobile,Delhi,276,21,3,0,0
14075,45,21122.53,22,Net Banking,Desktop,Delhi,3,20,1,0,1
14076,30,1029.95,9,UPI,Tablet,Delhi,339,23,0,0,0
14077,46,8347.58,8,UPI,Mobile,Delhi,94,20,0,0,0
14078,38,3162.8,7,Net Banking,Mobile,Jaipur,199,21,2,0,0
14079,18,2346.16,6,UPI,Mobile,Delhi,407,22,1,0,0
14080,30,595.59,7,Credit Card,Mobile,Ahmedabad,253,17,0,0,0
14081,39,2406.28,9,UPI,Mobile,Delhi,163,20,1,1,0
14082,49,9326.79,12,UPI,Desktop,Delhi,748,21,2,0,0
14083,23,1212.9,17,UPI,Mobile,Pune,786,22,0,0,0
14084,54,661.86,11,Credit Card,Desktop,Pune,771,25,1,1,1
14085,25,1897.46,22,UPI,Mobile,Bengaluru,84,20,3,0,0
14086,48,1266.3,3,Credit Card,Mobile,Pune,424,19,0,1,0
14087,40,1431.08,5,Credit Card,Mobile,Mumbai,381,13,1,0,0
14088,26,1240.08,20,UPI,Desktop,Mumbai,228,23,3,0,0
14089,28,1774.45,16,Credit Card,Mobile,Pune,158,28,1,0,0
14090,36,2118.05,17,UPI,Mobile,Jaipur,85,15,0,0,0
14091,21,843.34,22,UPI,Mobile,Pune,109,23,1,0,0
14092,42,10397.35,19,UPI,Mobile,Ahmedabad,543,18,0,0,1
14093,18,4067.38,9,UPI,Mobile,Pune,166,13,0,0,0
14094,55,1726.18,8,UPI,Mobile,Bengaluru,173,18,0,0,0
14095,23,6514.9,8,UPI,Mobile,Mumbai,697,25,0,1,0
14096,59,1709.76,20,UPI,Mobile,Mumbai,101,23,2,0,0
14097,28,16710.55,9,UPI,Mobile,Delhi,8,21,3,0,0
14098,27,1419.72,22,UPI,Mobile,Pune,157,19,0,0,0
14099,47,3514.44,9,UPI,Mobile,Mumbai,91,26,0,0,0
14100,36,4896.86,16,Credit Card,Mobile,Bengaluru,1247,26,0,0,0
14101,34,8033.91,4,UPI,Mobile,Mumbai,677,18,0,0,0
14102,24,1215.74,9,Credit Card,Mobile,Bengaluru,268,21,0,0,0
14103,32,922.7,20,UPI,Mobile,Bengaluru,92,22,0,0,0
14104,50,1868.81,14,UPI,Desktop,Delhi,393,18,0,0,1
14105,32,1846.78,3,UPI,Mobile,Mumbai,229,18,1,0,0
14106,49,1790.65,5,UPI,Mobile,Delhi,24,21,1,0,0
14107,41,2777.14,16,Net Banking,Mobile,Delhi,272,29,1,0,0
14108,35,2586.13,13,UPI,Desktop,Delhi,152,21,1,0,0
14109,19,1909.63,4,Credit Card,Mobile,Jaipur,546,24,4,0,0
14110,30,4555.38,16,UPI,Mobile,Ahmedabad,227,23,1,0,0
14111,34,1917.98,22,Net Banking,Mobile,Bengaluru,40,26,1,0,0
14112,26,3406.97,12,Credit Card,Desktop,Pune,483,24,1,0,0
14113,34,6056.38,0,UPI,Mobile,Mumbai,281,20,0,1,0
14114,36,1719.98,17,UPI,Mobile,Delhi,77,19,0,0,0
14115,34,7812.93,20,UPI,Mobile,Pune,141,21,1,1,1
14116,33,17417.07,5,UPI,Mobile,Jaipur,84,22,0,0,0
14117,20,885.97,6,UPI,Mobile,Delhi,316,19,1,0,0
14118,57,4119.33,4,Debit Card,Mobile,Mumbai,542,18,1,0,0
14119,35,2030.47,0,UPI,Mobile,Delhi,70,24,0,0,0
14120,37,921.91,23,UPI,Mobile,Bengaluru,92,23,0,0,0
14121,44,1430.38,8,UPI,Desktop,Jaipur,66,18,0,0,0
14122,38,941.95,11,UPI,Mobile,Mumbai,95,20,1,1,0
14123,34,1086.39,12,Debit Card,Mobile,Mumbai,904,24,1,0,0
14124,38,6019.62,6,UPI,Mobile,Delhi,298,22,1,0,0
14125,22,1855.77,16,UPI,Mobile,Bengaluru,831,15,0,0,0
14126,51,3537.86,20,Debit Card,Mobile,Bengaluru,50,15,1,0,0
14127,33,3760.7,8,UPI,Tablet,Bengaluru,227,18,2,1,1
14128,25,4088.63,0,UPI,Mobile,Pune,286,24,0,0,0
14129,34,25741.57,1,Debit Card,Desktop,Pune,305,8,3,0,1
14130,37,8664.4,19,UPI,Mobile,Mumbai,627,15,2,1,0
14131,40,1972.92,0,Credit Card,Mobile,Delhi,243,18,2,0,0
14132,46,718.44,4,UPI,Mobile,Delhi,642,25,1,1,0
14133,29,3537.49,9,Credit Card,Mobile,Delhi,1876,19,1,1,0
14134,25,978.53,1,UPI,Desktop,Delhi,22,21,0,0,0
14135,33,4815.42,18,UPI,Mobile,Pune,448,12,1,0,0
14136,21,4152.22,15,UPI,Mobile,Pune,1,19,3,0,0
14137,34,3658.87,12,UPI,Mobile,Bengaluru,416,24,1,0,0
14138,49,6115.51,0,UPI,Mobile,Pune,632,27,0,0,0
14139,44,5370.13,6,UPI,Desktop,Bengaluru,415,12,1,0,0
14140,26,1443.61,16,UPI,Mobile,Pune,160,16,2,0,0
14141,39,2019.17,23,Credit Card,Mobile,Jaipur,58,21,1,0,0
14142,29,1804.9,5,UPI,Mobile,Delhi,154,19,0,0,0
14143,39,7150.4,13,Debit Card,Mobile,Delhi,129,19,0,0,0
14144,27,5855.1,20,Credit Card,Desktop,Ahmedabad,405,20,1,0,0
14145,35,6992.11,14,UPI,Mobile,Bengaluru,494,25,2,0,0
14146,36,700.97,13,Net Banking,Mobile,Mumbai,442,11,0,1,0
14147,30,3218.24,4,Credit Card,Mobile,Ahmedabad,535,23,4,0,0
14148,24,881.88,11,Credit Card,Tablet,Pune,33,21,1,0,0
14149,48,5514.74,1,UPI,Mobile,Delhi,1,27,4,0,0
14150,29,2568.51,0,Debit Card,Mobile,Pune,111,25,1,0,0
14151,26,5922.56,15,UPI,Mobile,Mumbai,28,21,0,0,1
14152,25,2305.26,19,Credit Card,Mobile,Jaipur,58,22,2,0,0
14153,25,8648.43,7,UPI,Mobile,Pune,82,26,2,0,0
14154,31,5487.84,7,UPI,Desktop,Pune,65,32,1,0,0
14155,31,1011.91,9,UPI,Mobile,Mumbai,419,19,2,0,0
14156,31,2357.76,1,UPI,Mobile,Bengaluru,330,19,0,0,0
14157,49,221.34,22,Credit Card,Mobile,Jaipur,181,20,1,1,0
14158,37,1881.89,22,UPI,Mobile,Delhi,278,21,0,0,0
14159,21,2985.72,21,Net Banking,Mobile,Ahmedabad,211,20,2,0,0
14160,43,785.09,7,UPI,Mobile,Mumbai,138,18,2,1,0
14161,32,2979.79,1,Debit Card,Mobile,Jaipur,192,20,1,0,0
14162,19,2545.76,20,UPI,Mobile,Ahmedabad,1,19,2,0,1
14163,47,1730.09,5,Credit Card,Mobile,Mumbai,50,23,1,0,0
14164,48,6119.9,10,UPI,Mobile,Jaipur,139,23,1,0,0
14165,32,15606.34,9,Credit Card,Mobile,Ahmedabad,31,23,0,0,0
14166,31,4115.16,22,UPI,Desktop,Ahmedabad,373,23,3,0,0
14167,46,1759.43,13,UPI,Mobile,Mumbai,77,18,0,1,0
14168,55,5114.56,4,UPI,Tablet,Bengaluru,546,15,3,0,1
14169,26,3014.41,16,UPI,Desktop,Delhi,91,18,0,0,0
14170,18,1287.0,8,UPI,Mobile,Pune,22,19,1,0,0
14171,57,12353.7,7,UPI,Mobile,Pune,1098,18,0,0,0
14172,40,5115.84,17,UPI,Mobile,Pune,1147,11,1,0,0
14173,53,15699.2,3,UPI,Mobile,Pune,139,20,0,0,0
14174,24,5384.15,13,Credit Card,Mobile,Bengaluru,90,20,0,0,0
14175,34,1624.2,2,UPI,Mobile,Jaipur,102,19,2,0,0
14176,30,2378.75,9,Debit Card,Desktop,Jaipur,397,15,1,0,0
14177,19,2229.46,6,UPI,Mobile,Jaipur,178,9,1,0,0
14178,18,7902.14,21,UPI,Mobile,Delhi,570,22,1,0,0
14179,18,1578.45,19,UPI,Mobile,Ahmedabad,372,11,0,0,0
14180,25,1014.82,2,UPI,Mobile,Delhi,126,25,1,0,0
14181,35,6788.42,8,UPI,Mobile,Ahmedabad,24,22,2,0,0
14182,40,1592.49,4,UPI,Mobile,Bengaluru,83,16,0,0,0
14183,25,18625.67,8,Net Banking,Mobile,Delhi,10,23,1,1,0
14184,30,1222.11,1,UPI,Mobile,Delhi,1,17,0,0,0
14185,50,3135.65,13,UPI,Desktop,Pune,47,24,1,0,0
14186,29,14547.81,14,UPI,Desktop,Mumbai,445,22,3,0,0
14187,50,1802.66,4,UPI,Mobile,Mumbai,1570,18,0,0,0
14188,25,2531.45,5,Debit Card,Mobile,Pune,209,21,2,0,0
14189,21,2909.71,16,UPI,Mobile,Ahmedabad,99,12,0,0,0
14190,30,1934.69,5,UPI,Mobile,Pune,477,16,0,0,0
14191,27,942.13,4,Credit Card,Mobile,Delhi,160,24,2,0,1
14192,19,1589.78,23,UPI,Mobile,Jaipur,1341,22,1,0,0
14193,36,14197.61,19,UPI,Mobile,Bengaluru,18,30,1,0,0
14194,50,1305.56,2,UPI,Mobile,Jaipur,207,22,1,0,0
14195,26,2843.22,10,Credit Card,Mobile,Ahmedabad,76,20,2,1,0
14196,30,10611.46,14,UPI,Mobile,Mumbai,666,14,1,0,0
14197,18,3244.77,6,Debit Card,Mobile,Bengaluru,139,23,1,0,0
14198,26,2529.9,8,UPI,Mobile,Bengaluru,683,25,0,1,0
14199,45,4390.73,7,Credit Card,Mobile,Mumbai,247,28,1,0,0
14200,30,11530.1,19,UPI,Mobile,Delhi,21,31,1,0,0
14201,47,6072.87,11,UPI,Mobile,Mumbai,142,15,0,0,0
14202,44,3934.36,17,UPI,Mobile,Bengaluru,808,17,2,0,0
14203,31,3572.42,6,UPI,Mobile,Delhi,185,23,2,0,0
14204,24,1173.35,19,UPI,Mobile,Pune,6,23,1,0,0
14205,28,2849.27,12,UPI,Mobile,Delhi,473,19,3,0,1
14206,38,567.92,14,Net Banking,Mobile,Bengaluru,504,22,0,0,0
14207,39,1457.63,13,UPI,Mobile,Mumbai,29,18,0,0,0
14208,34,2499.49,8,UPI,Mobile,Mumbai,679,23,1,0,0
14209,59,831.56,15,UPI,Desktop,Delhi,51,19,0,0,0
14210,18,14395.86,4,UPI,Mobile,Bengaluru,218,21,1,0,0
14211,29,1471.44,5,UPI,Mobile,Mumbai,156,26,0,0,0
14212,55,927.44,2,UPI,Mobile,Bengaluru,239,20,0,0,0
14213,28,9147.11,1,UPI,Mobile,Bengaluru,493,17,0,0,0
14214,18,6434.38,20,UPI,Mobile,Pune,441,23,1,0,0
14215,21,2783.26,18,UPI,Mobile,Delhi,216,21,0,0,0
14216,37,3185.3,7,UPI,Mobile,Jaipur,301,21,1,0,0
14217,18,3441.04,9,UPI,Tablet,Pune,187,31,0,0,0
14218,46,987.66,5,Credit Card,Mobile,Bengaluru,249,21,1,0,0
14219,23,2873.09,9,UPI,Mobile,Delhi,46,14,1,0,0
14220,25,2992.27,0,UPI,Mobile,Delhi,45,12,2,0,0
14221,18,5251.82,3,UPI,Mobile,Mumbai,57,22,1,0,0
14222,27,1663.35,13,UPI,Mobile,Mumbai,214,15,2,0,0
14223,22,781.87,20,UPI,Desktop,Bengaluru,188,18,0,0,0
14224,32,5205.37,14,UPI,Mobile,Pune,267,16,3,0,0
14225,31,3538.2,5,UPI,Mobile,Delhi,1054,19,2,0,0
14226,25,2496.31,9,UPI,Desktop,Delhi,121,26,0,0,0
14227,34,4934.32,11,Credit Card,Mobile,Mumbai,525,24,0,1,0
14228,32,9307.32,10,UPI,Mobile,Bengaluru,222,19,1,0,0
14229,40,2519.9,23,UPI,Desktop,Bengaluru,3,21,0,0,1
14230,42,807.65,11,UPI,Mobile,Pune,490,24,0,1,0
14231,41,1663.44,18,UPI,Mobile,Ahmedabad,189,16,1,0,0
14232,18,371.37,5,Credit Card,Tablet,Pune,70,18,0,0,0
14233,24,1397.09,8,Net Banking,Mobile,Bengaluru,65,23,1,0,0
14234,29,3031.48,1,Credit Card,Tablet,Pune,99,15,0,0,0
14235,42,2013.83,5,UPI,Tablet,Mumbai,52,22,3,0,0
14236,33,2210.75,10,UPI,Mobile,Delhi,189,23,0,0,0
14237,30,744.09,0,UPI,Mobile,Ahmedabad,17,22,0,0,1
14238,20,1045.95,12,UPI,Mobile,Delhi,596,27,1,0,0
14239,40,4458.7,18,Net Banking,Mobile,Pune,155,30,1,0,0
14240,66,17583.05,0,UPI,Mobile,Delhi,176,30,0,0,0
14241,54,5371.86,12,UPI,Tablet,Pune,72,21,1,0,0
14242,41,5881.68,23,Debit Card,Mobile,Ahmedabad,136,14,1,0,0
14243,31,3469.89,16,UPI,Mobile,Mumbai,203,21,0,0,0
14244,25,3965.34,4,UPI,Mobile,Pune,352,23,2,0,0
14245,29,2471.23,9,Credit Card,Mobile,Ahmedabad,66,23,0,0,0
14246,24,3104.42,7,UPI,Mobile,Jaipur,591,20,2,0,0
14247,33,5453.11,21,UPI,Mobile,Ahmedabad,500,14,2,0,0
14248,32,12794.14,23,Credit Card,Tablet,Bengaluru,173,27,0,1,0
14249,42,6556.76,14,Net Banking,Mobile,Mumbai,246,26,1,0,0
14250,33,1258.52,21,UPI,Mobile,Delhi,299,23,0,0,0
14251,39,5955.49,15,UPI,Tablet,Delhi,68,20,0,0,0
14252,36,7657.1,0,UPI,Mobile,Jaipur,262,17,2,0,1
14253,32,3661.31,18,UPI,Mobile,Delhi,143,15,1,0,0
14254,49,1875.27,1,UPI,Mobile,Mumbai,659,14,4,0,0
14255,31,1059.64,21,UPI,Mobile,Delhi,59,17,1,0,0
14256,35,2259.66,22,Credit Card,Mobile,Delhi,1461,23,4,0,0
14257,32,640.39,12,Net Banking,Mobile,Delhi,48,12,2,0,0
14258,30,2268.58,23,UPI,Mobile,Mumbai,829,18,0,1,0
14259,18,11019.92,3,UPI,Mobile,Bengaluru,255,20,1,0,0
14260,39,2498.4,18,UPI,Mobile,Delhi,476,20,1,0,0
14261,39,6416.3,20,UPI,Mobile,Mumbai,178,14,0,0,0
14262,46,1716.91,18,UPI,Desktop,Pune,111,26,0,0,0
14263,21,10451.48,15,Debit Card,Desktop,Delhi,204,12,1,0,0
14264,50,1766.21,0,Credit Card,Mobile,Bengaluru,52,30,3,0,0
14265,37,4453.96,18,UPI,Mobile,Mumbai,214,20,0,0,0
14266,20,1807.11,10,Credit Card,Mobile,Pune,217,17,0,0,0
14267,22,2976.27,16,UPI,Mobile,Bengaluru,306,17,2,0,0
14268,40,6082.61,0,UPI,Mobile,Ahmedabad,127,25,1,0,0
14269,31,3702.63,7,UPI,Mobile,Mumbai,555,23,0,1,0
14270,32,3208.19,5,UPI,Mobile,Bengaluru,246,19,0,0,0
14271,28,1608.32,18,Debit Card,Mobile,Pune,205,22,1,0,0
14272,31,2336.15,23,Net Banking,Mobile,Jaipur,301,11,1,0,0
14273,40,5660.6,4,UPI,Mobile,Mumbai,94,29,0,0,0
14274,43,1801.45,17,UPI,Desktop,Ahmedabad,112,23,1,0,0
14275,39,4043.94,16,UPI,Mobile,Mumbai,213,17,1,0,0
14276,19,837.08,4,UPI,Mobile,Pune,187,19,2,1,1
14277,36,3452.1,13,UPI,Mobile,Mumbai,761,17,1,1,0
14278,50,5364.71,13,UPI,Mobile,Delhi,561,21,1,0,0
14279,24,4772.69,13,UPI,Mobile,Delhi,203,16,0,0,0
14280,33,4947.39,8,Net Banking,Mobile,Ahmedabad,118,21,1,0,0
14281,36,1121.04,8,UPI,Mobile,Bengaluru,470,19,1,0,0
14282,33,6438.17,22,UPI,Mobile,Bengaluru,335,10,1,0,0
14283,31,5359.96,16,UPI,Mobile,Mumbai,60,22,0,0,0
14284,45,1106.49,14,UPI,Mobile,Delhi,979,18,0,0,0
14285,27,3012.44,10,UPI,Mobile,Mumbai,109,17,0,0,0
14286,50,704.54,21,Net Banking,Mobile,Delhi,213,10,1,0,0
14287,53,2467.67,0,UPI,Mobile,Bengaluru,440,24,1,0,0
14288,23,2353.37,11,UPI,Desktop,Ahmedabad,621,15,0,1,0
14289,37,3002.32,17,Debit Card,Mobile,Mumbai,134,20,1,0,0
14290,29,1755.55,17,Credit Card,Mobile,Jaipur,122,28,0,0,0
14291,45,2032.25,11,Credit Card,Mobile,Ahmedabad,353,19,0,0,0
14292,24,22258.53,8,UPI,Mobile,Jaipur,166,26,1,0,0
14293,37,2004.39,14,UPI,Mobile,Jaipur,1942,13,2,0,1
14294,28,2249.92,7,UPI,Mobile,Mumbai,313,14,2,0,0
14295,49,22722.94,17,UPI,Mobile,Mumbai,355,26,0,1,0
14296,34,3828.39,13,Credit Card,Desktop,Pune,143,19,0,0,0
14297,32,3866.64,14,Credit Card,Mobile,Ahmedabad,579,18,0,0,0
14298,41,597.09,15,UPI,Tablet,Bengaluru,271,20,0,0,0
14299,28,5707.91,2,Credit Card,Mobile,Bengaluru,87,19,2,0,0
14300,36,3230.84,3,UPI,Mobile,Pune,32,22,1,0,0
14301,60,2260.48,4,UPI,Mobile,Jaipur,117,14,3,0,0
14302,34,1576.24,0,Credit Card,Mobile,Ahmedabad,1413,13,0,0,1
14303,18,5428.29,15,UPI,Mobile,Jaipur,188,22,0,0,0
14304,32,9590.29,3,UPI,Tablet,Bengaluru,57,18,1,0,0
14305,39,4028.13,20,UPI,Tablet,Bengaluru,506,20,1,0,0
14306,36,3237.59,0,UPI,Mobile,Pune,436,22,1,0,0
14307,42,12381.9,23,UPI,Desktop,Ahmedabad,390,25,0,0,0
14308,41,2105.25,15,Credit Card,Mobile,Mumbai,98,19,1,1,0
14309,32,1591.38,1,UPI,Mobile,Delhi,18,21,1,0,0
14310,48,13927.17,15,UPI,Mobile,Pune,145,27,1,0,0
14311,48,5447.99,1,UPI,Mobile,Mumbai,443,21,1,0,0
14312,47,2514.19,17,UPI,Mobile,Mumbai,76,21,0,0,0
14313,37,850.88,5,UPI,Mobile,Mumbai,79,18,1,0,0
14314,36,4381.44,11,UPI,Mobile,Jaipur,20,9,1,0,0
14315,36,5661.48,11,UPI,Mobile,Ahmedabad,87,19,1,0,0
14316,36,1992.26,19,UPI,Mobile,Delhi,1,17,1,0,1
14317,31,162.17,19,UPI,Mobile,Jaipur,31,18,0,0,0
14318,18,6126.81,20,UPI,Desktop,Mumbai,1614,18,3,0,0
14319,37,11693.9,7,UPI,Desktop,Delhi,842,17,2,0,0
14320,48,4261.85,18,Debit Card,Mobile,Mumbai,362,22,1,0,0
14321,18,1090.46,10,UPI,Mobile,Delhi,254,26,0,0,0
14322,48,2415.62,7,UPI,Mobile,Bengaluru,285,15,1,0,0
14323,27,1193.3,3,Net Banking,Mobile,Delhi,77,18,1,0,0
14324,34,1114.11,0,Credit Card,Mobile,Mumbai,150,18,2,1,0
14325,52,3424.25,0,UPI,Mobile,Jaipur,330,22,1,1,1
14326,32,1507.23,18,UPI,Mobile,Jaipur,58,23,2,0,0
14327,20,4667.13,10,Credit Card,Mobile,Bengaluru,527,26,1,0,0
14328,18,1997.82,0,UPI,Mobile,Pune,987,26,0,0,0
14329,41,2687.89,21,UPI,Mobile,Delhi,122,18,1,0,0
14330,30,2944.47,7,Debit Card,Mobile,Ahmedabad,288,13,0,0,0
14331,44,7717.47,10,UPI,Mobile,Pune,559,17,0,1,0
14332,25,676.35,7,UPI,Desktop,Bengaluru,166,29,1,0,0
14333,45,1164.92,18,UPI,Mobile,Jaipur,206,20,1,0,0
14334,46,1766.44,10,UPI,Mobile,Delhi,170,23,1,0,0
14335,36,1289.84,10,Credit Card,Mobile,Jaipur,22,28,0,0,0
14336,27,517.39,8,Net Banking,Mobile,Pune,703,21,0,0,0
14337,34,8847.42,0,Credit Card,Mobile,Pune,291,15,1,0,0
14338,20,69528.84,8,UPI,Mobile,Ahmedabad,57,21,1,0,0
14339,50,3768.16,5,Credit Card,Mobile,Delhi,77,25,1,0,0
14340,35,1373.09,20,Debit Card,Desktop,Jaipur,188,17,1,1,0
14341,49,7619.8,22,UPI,Mobile,Bengaluru,134,19,0,0,0
14342,30,6814.84,5,Debit Card,Mobile,Bengaluru,44,16,0,0,0
14343,19,814.49,16,UPI,Mobile,Mumbai,410,13,0,1,0
14344,36,993.57,9,UPI,Mobile,Pune,507,24,1,0,0
14345,51,1315.17,0,UPI,Desktop,Mumbai,525,21,0,0,0
14346,63,2786.48,3,UPI,Mobile,Bengaluru,247,20,1,0,0
14347,18,10226.8,12,UPI,Mobile,Jaipur,15,17,0,1,0
14348,18,4311.0,22,UPI,Mobile,Pune,339,18,0,0,0
14349,19,1951.06,15,UPI,Mobile,Delhi,131,20,0,0,0
14350,36,4724.41,4,UPI,Desktop,Bengaluru,456,25,0,0,0
14351,18,2094.02,17,Debit Card,Mobile,Delhi,29,17,0,1,0
14352,29,2150.25,1,Credit Card,Mobile,Pune,133,24,0,0,0
14353,43,808.17,21,Credit Card,Mobile,Bengaluru,36,30,2,0,0
14354,30,2547.91,22,Credit Card,Mobile,Delhi,53,27,1,0,0
14355,42,2829.09,4,UPI,Mobile,Delhi,286,20,0,0,0
14356,18,2765.27,18,Credit Card,Desktop,Bengaluru,290,19,3,0,0
14357,18,6726.79,7,Credit Card,Mobile,Jaipur,367,27,1,0,0
14358,35,623.37,18,UPI,Mobile,Delhi,55,20,0,0,0
14359,19,1538.99,15,Credit Card,Mobile,Mumbai,89,20,0,0,0
14360,46,6928.78,2,UPI,Mobile,Delhi,644,17,2,1,1
14361,31,856.63,12,UPI,Mobile,Jaipur,89,27,2,0,0
14362,34,263.99,4,Credit Card,Mobile,Delhi,134,19,2,0,0
14363,37,4313.66,23,Credit Card,Mobile,Delhi,236,16,0,0,0
14364,18,1659.26,3,Credit Card,Mobile,Pune,99,9,1,0,0
14365,24,1235.29,19,Net Banking,Mobile,Jaipur,281,21,2,0,0
14366,24,6395.05,18,UPI,Mobile,Mumbai,214,17,1,0,0
14367,46,2465.56,20,UPI,Mobile,Mumbai,85,17,0,0,0
14368,19,2358.61,16,UPI,Desktop,Delhi,67,10,0,0,0
14369,29,5506.7,10,UPI,Mobile,Jaipur,85,27,0,0,0
14370,36,2715.37,20,UPI,Mobile,Delhi,487,22,2,0,0
14371,27,8888.65,7,UPI,Mobile,Delhi,361,15,0,0,0
14372,18,1661.29,12,Credit Card,Tablet,Pune,420,14,1,0,0
14373,28,10833.47,20,UPI,Mobile,Bengaluru,1111,16,1,1,0
14374,48,2957.54,7,Debit Card,Mobile,Bengaluru,172,19,2,1,0
14375,19,10136.77,1,UPI,Mobile,Mumbai,162,17,0,0,0
14376,55,3248.49,12,Debit Card,Mobile,Bengaluru,615,12,2,0,0
14377,24,19788.75,17,Debit Card,Mobile,Mumbai,447,19,0,0,0
14378,51,2129.06,4,UPI,Mobile,Jaipur,738,21,2,1,0
14379,42,14435.41,4,Credit Card,Mobile,Bengaluru,350,14,0,0,0
14380,18,5498.36,11,UPI,Mobile,Delhi,161,20,0,1,1
14381,40,6532.13,3,UPI,Mobile,Delhi,90,23,1,0,0
14382,32,4530.38,21,UPI,Mobile,Pune,269,23,1,0,0
14383,33,5246.55,7,Credit Card,Mobile,Pune,83,17,1,0,0
14384,51,3464.09,12,UPI,Mobile,Mumbai,135,21,3,0,0
14385,20,6656.3,5,UPI,Desktop,Mumbai,468,25,0,0,0
14386,31,8701.03,15,UPI,Mobile,Delhi,168,13,1,0,0
14387,47,519.98,20,Debit Card,Desktop,Mumbai,465,26,0,0,0
14388,48,4013.2,17,UPI,Mobile,Pune,1307,20,0,0,0
14389,37,5902.36,12,Credit Card,Mobile,Pune,114,20,0,0,0
14390,25,8586.74,6,Credit Card,Mobile,Jaipur,2,25,2,0,0
14391,38,1649.12,9,UPI,Mobile,Jaipur,375,24,0,0,0
14392,34,1180.62,17,UPI,Mobile,Jaipur,742,24,2,0,0
14393,51,1882.09,11,UPI,Desktop,Mumbai,604,18,3,0,0
14394,18,1226.11,12,UPI,Mobile,Bengaluru,70,20,2,0,0
14395,35,5609.74,1,UPI,Mobile,Jaipur,369,25,0,0,0
14396,41,4450.94,13,UPI,Desktop,Pune,232,24,0,0,0
14397,23,1113.87,5,UPI,Mobile,Jaipur,34,26,0,0,0
14398,27,2708.95,2,Net Banking,Mobile,Pune,167,24,0,0,0
14399,39,5434.88,14,Debit Card,Mobile,Pune,139,23,0,1,0
14400,41,3154.67,18,UPI,Mobile,Jaipur,569,14,1,0,0
14401,41,8041.05,14,UPI,Mobile,Bengaluru,55,17,0,0,0
14402,18,1461.49,20,UPI,Mobile,Ahmedabad,791,25,1,0,0
14403,27,14701.86,9,UPI,Desktop,Mumbai,119,17,0,0,0
14404,60,4608.69,20,UPI,Mobile,Delhi,69,21,0,0,0
14405,28,868.19,8,Credit Card,Desktop,Mumbai,710,12,1,0,0
14406,39,10749.52,14,UPI,Mobile,Pune,40,16,2,0,0
14407,22,1888.13,21,Debit Card,Mobile,Jaipur,213,16,1,0,0
14408,39,26738.06,8,UPI,Mobile,Bengaluru,19,21,1,1,0
14409,45,6384.87,23,Credit Card,Desktop,Mumbai,41,27,0,0,0
14410,25,8867.29,11,UPI,Mobile,Mumbai,103,25,0,0,0
14411,37,1316.07,13,Debit Card,Desktop,Pune,23,18,0,0,0
14412,45,4590.43,4,Credit Card,Mobile,Pune,121,13,1,0,0
14413,22,10822.72,5,UPI,Mobile,Delhi,587,20,2,0,0
14414,19,3929.89,0,UPI,Mobile,Jaipur,332,18,0,0,0
14415,32,2653.67,14,UPI,Desktop,Mumbai,569,25,1,0,0
14416,24,4482.68,14,UPI,Mobile,Mumbai,275,22,1,0,0
14417,31,8524.8,22,Debit Card,Mobile,Delhi,327,22,1,0,0
14418,36,3334.99,5,UPI,Mobile,Mumbai,537,12,0,1,0
14419,47,2281.56,5,UPI,Tablet,Bengaluru,182,28,1,0,0
14420,43,3594.42,0,UPI,Mobile,Delhi,417,18,0,0,0
14421,18,2644.79,10,Credit Card,Desktop,Delhi,620,19,2,1,0
14422,46,773.16,2,UPI,Mobile,Pune,448,16,2,0,0
14423,37,1521.97,11,Debit Card,Mobile,Delhi,249,21,0,0,0
14424,18,11058.2,23,UPI,Mobile,Delhi,408,15,1,0,0
14425,21,4406.81,14,UPI,Mobile,Pune,699,20,2,0,0
14426,18,15881.47,7,UPI,Mobile,Pune,244,23,1,0,0
14427,26,9869.72,4,UPI,Mobile,Mumbai,86,15,0,0,0
14428,20,4819.27,11,UPI,Mobile,Delhi,298,16,0,0,0
14429,38,1261.66,10,UPI,Mobile,Pune,85,25,1,0,0
14430,28,4237.58,21,UPI,Mobile,Delhi,585,17,1,0,0
14431,21,7395.97,14,UPI,Desktop,Mumbai,426,22,1,0,0
14432,31,11988.82,1,UPI,Mobile,Jaipur,35,25,1,0,0
14433,51,4036.93,3,UPI,Mobile,Bengaluru,466,19,0,0,0
14434,49,8505.49,20,Net Banking,Tablet,Mumbai,171,21,1,0,0
14435,29,1192.78,21,Net Banking,Mobile,Delhi,426,16,0,0,0
14436,29,1512.83,12,UPI,Desktop,Ahmedabad,15,18,0,0,0
14437,18,13120.05,22,UPI,Mobile,Delhi,14,21,2,0,1
14438,45,2041.41,4,UPI,Mobile,Mumbai,142,20,0,0,0
14439,38,1021.58,19,UPI,Mobile,Ahmedabad,101,20,0,1,0
14440,20,2731.88,23,UPI,Mobile,Jaipur,107,16,0,0,0
14441,29,11392.48,4,Debit Card,Mobile,Jaipur,212,21,0,0,0
14442,54,7319.3,23,UPI,Mobile,Pune,551,23,0,1,1
14443,30,6607.98,23,UPI,Mobile,Mumbai,118,19,0,0,0
14444,55,1924.84,10,Debit Card,Desktop,Bengaluru,145,20,1,0,0
14445,28,957.87,23,Credit Card,Desktop,Mumbai,634,26,3,0,0
14446,19,8041.48,0,UPI,Mobile,Delhi,294,20,0,0,0
14447,29,1774.83,2,UPI,Mobile,Jaipur,103,20,0,0,0
14448,27,3856.0,21,UPI,Mobile,Delhi,439,26,1,0,0
14449,38,255.97,16,UPI,Mobile,Delhi,31,18,0,0,0
14450,22,8495.42,3,Net Banking,Mobile,Ahmedabad,49,26,2,0,1
14451,38,3023.57,8,UPI,Mobile,Jaipur,33,17,1,0,0
14452,31,3080.46,22,UPI,Mobile,Pune,1651,26,0,0,0
14453,33,21565.59,15,UPI,Mobile,Delhi,259,16,0,0,0
14454,37,2593.72,15,Debit Card,Mobile,Ahmedabad,381,26,2,0,0
14455,36,1703.13,2,UPI,Mobile,Pune,566,9,1,0,0
14456,49,2078.66,8,UPI,Mobile,Delhi,650,15,0,0,0
14457,38,2350.32,14,Credit Card,Mobile,Jaipur,638,22,1,0,0
14458,37,6657.72,6,UPI,Mobile,Bengaluru,119,21,0,0,0
14459,57,3123.12,21,UPI,Mobile,Bengaluru,43,21,0,0,0
14460,47,542.44,7,UPI,Mobile,Delhi,86,14,2,0,0
14461,22,7574.93,5,Debit Card,Mobile,Ahmedabad,196,18,1,0,0
14462,30,9098.86,0,UPI,Mobile,Bengaluru,484,13,1,0,0
14463,48,10965.58,16,UPI,Mobile,Mumbai,259,25,0,0,0
14464,36,3296.39,7,UPI,Mobile,Mumbai,118,21,1,0,0
14465,29,1888.18,16,Debit Card,Mobile,Delhi,181,14,1,1,0
14466,24,2424.16,10,UPI,Mobile,Mumbai,332,18,1,0,0
14467,18,433.37,10,Credit Card,Desktop,Delhi,59,18,0,0,0
14468,50,1718.33,9,UPI,Mobile,Delhi,75,19,0,0,0
14469,29,4848.8,21,Credit Card,Mobile,Jaipur,236,19,3,0,0
14470,42,2536.17,12,Debit Card,Mobile,Mumbai,19,13,0,0,0
14471,35,6163.0,1,UPI,Tablet,Bengaluru,407,11,1,0,0
14472,22,6133.88,15,UPI,Tablet,Bengaluru,265,17,2,0,0
14473,43,2566.04,4,Net Banking,Desktop,Mumbai,236,16,1,0,0
14474,38,4132.36,18,Debit Card,Mobile,Mumbai,381,20,0,0,0
14475,57,1662.8,19,UPI,Mobile,Mumbai,439,20,0,0,0
14476,43,1163.37,22,Credit Card,Mobile,Jaipur,33,24,1,0,0
14477,28,8639.18,7,UPI,Mobile,Bengaluru,95,20,1,0,0
14478,43,782.16,3,UPI,Mobile,Delhi,1,21,0,0,0
14479,24,2792.76,13,UPI,Mobile,Delhi,275,25,0,0,0
14480,45,33830.64,10,UPI,Mobile,Ahmedabad,55,26,1,0,0
14481,41,1684.95,19,Credit Card,Mobile,Ahmedabad,226,24,0,0,0
14482,38,4620.47,18,UPI,Mobile,Bengaluru,314,22,2,0,0
14483,34,4917.96,14,Credit Card,Mobile,Jaipur,658,33,1,0,0
14484,39,3976.9,3,UPI,Mobile,Bengaluru,176,17,0,0,0
14485,37,6423.28,5,Credit Card,Mobile,Delhi,249,21,1,0,0
14486,32,4452.56,21,UPI,Mobile,Jaipur,194,21,0,0,0
14487,52,2086.2,17,UPI,Desktop,Pune,297,22,0,0,0
14488,27,3493.63,12,UPI,Tablet,Delhi,65,19,0,0,1
14489,18,1045.84,17,Net Banking,Mobile,Mumbai,262,24,0,0,0
14490,25,1545.43,14,UPI,Mobile,Mumbai,337,17,0,0,0
14491,54,8980.56,4,UPI,Mobile,Delhi,305,18,0,0,0
14492,36,1765.29,16,Credit Card,Mobile,Delhi,435,24,1,0,0
14493,18,5803.23,21,Credit Card,Desktop,Delhi,290,21,1,0,0
14494,35,17903.84,7,UPI,Mobile,Pune,1425,20,2,1,1
14495,34,3078.79,20,UPI,Mobile,Mumbai,16,23,1,0,0
14496,22,1950.82,21,UPI,Desktop,Bengaluru,765,19,0,0,0
14497,18,321.2,19,UPI,Desktop,Delhi,225,14,1,0,0
14498,24,2379.11,1,Debit Card,Mobile,Jaipur,214,24,1,0,0
14499,35,4432.89,20,Debit Card,Mobile,Bengaluru,968,19,5,1,1
14500,18,1024.69,10,UPI,Desktop,Mumbai,382,17,2,0,0
14501,19,1613.09,0,UPI,Mobile,Ahmedabad,27,26,1,0,0
14502,25,5222.49,18,Credit Card,Mobile,Pune,277,18,1,0,0
14503,44,4206.23,18,UPI,Mobile,Mumbai,186,11,0,0,1
14504,21,1796.0,9,UPI,Mobile,Bengaluru,19,16,0,0,1
14505,36,1685.65,16,Debit Card,Mobile,Mumbai,423,19,0,0,0
14506,21,431.38,16,UPI,Mobile,Ahmedabad,892,26,2,0,0
14507,18,2250.01,4,UPI,Desktop,Bengaluru,499,19,1,0,0
14508,18,3715.71,17,UPI,Desktop,Delhi,114,21,2,1,1
14509,32,853.33,10,Credit Card,Mobile,Mumbai,1068,26,2,0,0
14510,27,2368.99,23,UPI,Desktop,Bengaluru,253,19,0,1,0
14511,33,11668.21,2,UPI,Mobile,Bengaluru,156,18,0,0,0
14512,34,17133.72,2,UPI,Mobile,Delhi,66,18,2,0,0
14513,48,13917.72,9,UPI,Mobile,Mumbai,297,18,0,0,0
14514,50,625.25,3,UPI,Mobile,Bengaluru,103,27,1,0,0
14515,52,1237.75,4,UPI,Mobile,Delhi,68,23,1,0,0
14516,30,2217.34,21,Debit Card,Desktop,Delhi,30,20,0,0,1
14517,41,3192.73,1,UPI,Desktop,Pune,117,23,1,0,0
14518,20,1783.23,20,UPI,Mobile,Delhi,26,19,0,0,0
14519,26,9453.89,12,UPI,Mobile,Delhi,296,16,1,0,0
14520,36,5344.58,15,UPI,Mobile,Pune,126,22,0,0,0
14521,20,7944.34,22,UPI,Mobile,Delhi,94,21,3,0,0
14522,36,3027.2,18,UPI,Mobile,Mumbai,51,24,1,0,0
14523,18,965.39,23,UPI,Mobile,Jaipur,132,18,2,0,0
14524,26,776.99,4,Credit Card,Mobile,Bengaluru,166,28,1,0,0
14525,31,1068.29,21,Net Banking,Mobile,Ahmedabad,209,24,1,0,0
14526,26,11429.48,0,UPI,Mobile,Jaipur,208,24,1,0,1
14527,32,6938.85,2,UPI,Mobile,Delhi,403,22,0,0,1
14528,39,1053.97,23,UPI,Mobile,Mumbai,247,14,4,0,1
14529,29,538.66,22,Credit Card,Desktop,Ahmedabad,241,18,1,0,0
14530,26,2966.63,15,Credit Card,Mobile,Bengaluru,22,23,3,0,0
14531,36,1411.36,23,UPI,Mobile,Pune,600,20,2,1,0
14532,31,11562.49,22,UPI,Mobile,Ahmedabad,277,17,0,0,0
14533,32,8274.75,5,Debit Card,Mobile,Mumbai,129,18,1,1,0
14534,36,2663.95,19,UPI,Mobile,Ahmedabad,207,19,3,0,0
14535,37,3005.39,5,UPI,Mobile,Pune,1006,24,0,0,0
14536,39,2956.48,11,Net Banking,Mobile,Jaipur,290,23,1,1,0
14537,32,3605.13,12,UPI,Mobile,Delhi,18,16,2,0,0
14538,23,7586.45,23,UPI,Mobile,Delhi,43,17,2,0,0
14539,40,2478.15,9,UPI,Mobile,Delhi,5,27,1,0,0
14540,32,4880.58,5,UPI,Mobile,Jaipur,129,25,0,0,0
14541,31,3053.49,15,Debit Card,Mobile,Ahmedabad,985,21,0,0,0
14542,44,3064.09,6,UPI,Tablet,Delhi,90,23,1,0,0
14543,35,1508.64,8,UPI,Mobile,Jaipur,241,16,0,0,0
14544,21,17014.45,12,UPI,Mobile,Mumbai,391,22,0,0,0
14545,38,1779.6,9,Debit Card,Desktop,Pune,183,21,1,1,0
14546,44,4734.9,3,UPI,Mobile,Bengaluru,27,18,0,0,0
14547,46,5623.74,14,Credit Card,Mobile,Bengaluru,28,24,0,0,0
14548,37,6830.42,14,Debit Card,Mobile,Mumbai,423,10,1,1,0
14549,37,912.85,14,UPI,Mobile,Delhi,1383,20,0,0,0
14550,58,1630.05,7,UPI,Mobile,Bengaluru,9,17,1,1,1
14551,27,15494.43,20,UPI,Mobile,Mumbai,365,23,0,0,0
14552,47,8277.91,6,UPI,Mobile,Delhi,189,21,1,0,0
14553,36,2444.6,1,UPI,Mobile,Pune,79,18,0,0,0
14554,39,17045.75,7,Credit Card,Mobile,Bengaluru,509,14,2,1,0
14555,18,8412.34,17,UPI,Mobile,Delhi,169,35,1,0,0
14556,32,3274.42,14,Credit Card,Mobile,Bengaluru,60,22,1,0,0
14557,19,2313.51,19,UPI,Mobile,Mumbai,248,18,1,0,0
14558,22,1304.22,2,UPI,Mobile,Ahmedabad,247,21,2,0,0
14559,70,1984.25,12,Debit Card,Mobile,Delhi,78,26,0,1,0
14560,21,365.5,3,Credit Card,Mobile,Pune,1112,24,1,0,0
14561,49,6205.79,1,UPI,Tablet,Pune,360,23,0,0,0
14562,42,2067.77,11,Debit Card,Mobile,Jaipur,560,22,0,1,0
14563,26,3832.38,10,UPI,Desktop,Delhi,75,25,2,0,0
14564,22,12078.59,4,UPI,Mobile,Delhi,235,20,1,0,0
14565,29,5975.46,14,UPI,Mobile,Delhi,214,25,0,0,0
14566,36,3079.28,5,UPI,Mobile,Jaipur,1028,11,0,0,0
14567,28,6771.35,1,Credit Card,Mobile,Bengaluru,179,21,0,0,0
14568,35,2538.89,11,UPI,Mobile,Bengaluru,277,20,0,0,0
14569,41,12453.82,11,Credit Card,Mobile,Pune,1,27,1,0,0
14570,36,1008.97,4,Debit Card,Mobile,Delhi,85,20,1,1,0
14571,25,3622.4,12,UPI,Mobile,Delhi,72,22,1,0,0
14572,30,7872.43,4,Credit Card,Mobile,Pune,140,23,2,0,1
14573,30,5111.98,15,UPI,Mobile,Pune,380,14,0,0,0
14574,33,8477.76,12,Credit Card,Desktop,Mumbai,187,15,1,0,0
14575,46,1480.66,16,Debit Card,Mobile,Pune,65,19,1,0,0
14576,41,595.67,0,Debit Card,Mobile,Bengaluru,1,25,1,0,0
14577,30,483.05,11,Debit Card,Mobile,Bengaluru,317,22,3,0,0
14578,39,3149.87,4,Debit Card,Mobile,Delhi,12,16,2,0,0
14579,27,12020.5,9,Debit Card,Mobile,Ahmedabad,489,19,1,0,0
14580,47,4340.43,10,UPI,Mobile,Bengaluru,44,12,2,0,0
14581,24,2153.6,16,UPI,Mobile,Bengaluru,551,19,0,0,0
14582,19,1254.23,10,UPI,Mobile,Mumbai,441,14,0,0,0
14583,48,19077.95,14,UPI,Mobile,Bengaluru,327,16,2,0,0
14584,35,1285.26,2,UPI,Mobile,Pune,112,16,0,0,0
14585,29,1772.41,5,UPI,Tablet,Delhi,250,32,1,0,0
14586,31,1884.77,5,Debit Card,Mobile,Mumbai,297,18,1,0,0
14587,30,5080.29,3,UPI,Desktop,Pune,312,17,1,0,0
14588,41,4321.96,14,Net Banking,Mobile,Bengaluru,1,17,2,0,0
14589,25,2260.55,5,UPI,Mobile,Jaipur,495,12,0,0,0
14590,28,10400.91,3,UPI,Desktop,Pune,64,22,0,0,0
14591,23,1105.62,15,UPI,Mobile,Bengaluru,150,21,0,1,0
14592,56,5216.15,2,Credit Card,Mobile,Delhi,105,31,1,0,0
14593,32,2152.47,6,UPI,Desktop,Jaipur,1245,20,2,0,0
14594,38,611.69,3,Credit Card,Mobile,Mumbai,637,18,1,0,0
14595,37,6706.77,19,Credit Card,Mobile,Delhi,143,15,0,0,0
14596,48,1383.56,4,UPI,Mobile,Bengaluru,142,12,0,0,0
14597,38,2910.63,18,UPI,Mobile,Bengaluru,95,14,0,1,0
14598,23,6035.97,2,Debit Card,Mobile,Pune,185,17,1,0,0
14599,21,8156.0,12,UPI,Desktop,Delhi,231,19,2,0,0
14600,32,3779.93,1,UPI,Mobile,Jaipur,312,19,1,0,0
14601,23,1868.74,11,Credit Card,Mobile,Jaipur,468,17,1,1,0
14602,62,7447.99,1,UPI,Mobile,Ahmedabad,359,14,1,0,0
14603,42,3908.31,16,Credit Card,Mobile,Mumbai,350,16,0,0,0
14604,36,11776.41,20,UPI,Mobile,Delhi,181,11,1,0,0
14605,30,8099.12,3,UPI,Tablet,Ahmedabad,67,16,0,0,0
14606,27,2467.1,9,Credit Card,Mobile,Pune,3,22,1,0,0
14607,32,3242.77,19,Net Banking,Mobile,Jaipur,184,28,1,0,0
14608,30,2463.96,22,UPI,Mobile,Mumbai,3,10,2,0,0
14609,42,1351.35,3,UPI,Desktop,Mumbai,49,30,0,0,0
14610,41,1183.1,9,Net Banking,Mobile,Delhi,39,19,0,0,0
14611,18,6314.28,16,Credit Card,Mobile,Mumbai,483,20,2,0,0
14612,27,4235.67,4,UPI,Tablet,Delhi,32,9,1,0,0
14613,18,6054.8,0,UPI,Mobile,Delhi,93,14,0,0,1
14614,18,32248.24,22,UPI,Mobile,Mumbai,123,15,1,0,0
14615,18,1213.93,22,UPI,Mobile,Bengaluru,620,29,0,0,0
14616,31,1099.2,16,Debit Card,Mobile,Pune,309,18,1,0,0
14617,37,4731.74,8,Net Banking,Desktop,Mumbai,239,19,0,0,0
14618,36,6414.27,12,Debit Card,Mobile,Bengaluru,312,24,0,0,0
14619,43,10268.82,2,Credit Card,Mobile,Pune,204,22,0,0,0
14620,32,774.39,20,UPI,Desktop,Bengaluru,137,16,0,0,0
14621,21,1838.39,6,UPI,Mobile,Pune,416,21,1,0,0
14622,18,2304.42,18,UPI,Mobile,Bengaluru,169,24,2,0,0
14623,32,6405.66,17,UPI,Desktop,Pune,182,20,1,1,0
14624,23,370.22,0,UPI,Mobile,Delhi,356,22,2,1,0
14625,35,1330.7,13,Credit Card,Desktop,Mumbai,605,21,0,0,0
14626,48,6936.61,18,UPI,Desktop,Delhi,404,31,0,0,0
14627,43,2784.55,15,UPI,Mobile,Bengaluru,6,23,1,0,0
14628,43,3856.06,10,UPI,Mobile,Ahmedabad,483,30,2,0,0
14629,28,5804.62,17,UPI,Mobile,Bengaluru,429,24,1,0,0
14630,29,4499.72,10,UPI,Mobile,Delhi,340,28,1,0,0
14631,19,1242.86,22,Debit Card,Desktop,Delhi,546,10,0,0,0
14632,31,1203.67,20,Credit Card,Desktop,Jaipur,161,23,1,0,0
14633,46,4325.23,3,Debit Card,Mobile,Jaipur,78,18,3,0,1
14634,31,3547.15,7,Debit Card,Mobile,Jaipur,108,23,2,1,0
14635,22,1529.22,4,UPI,Mobile,Jaipur,62,13,0,0,0
14636,45,7732.1,6,UPI,Mobile,Jaipur,318,18,0,1,0
14637,48,3111.17,11,Credit Card,Mobile,Jaipur,233,23,1,0,0
14638,32,28996.13,15,UPI,Mobile,Jaipur,347,18,0,0,0
14639,30,2111.63,4,Credit Card,Mobile,Mumbai,1361,22,2,0,0
14640,43,1625.07,21,UPI,Desktop,Ahmedabad,1846,22,1,0,0
14641,38,6714.59,13,UPI,Mobile,Bengaluru,86,14,0,0,0
14642,18,22735.92,7,UPI,Mobile,Mumbai,818,20,1,0,0
14643,24,252.57,9,UPI,Tablet,Delhi,397,16,1,0,0
14644,29,7022.81,23,UPI,Mobile,Pune,51,23,0,1,0
14645,20,3162.88,8,Debit Card,Mobile,Bengaluru,342,18,2,0,0
14646,45,453.2,11,Credit Card,Desktop,Delhi,282,24,0,0,0
14647,38,713.52,16,Credit Card,Mobile,Bengaluru,57,21,0,1,0
14648,41,4866.46,3,UPI,Mobile,Bengaluru,59,18,1,0,0
14649,31,3774.79,9,UPI,Mobile,Delhi,376,12,1,0,0
14650,40,933.52,17,UPI,Mobile,Pune,131,17,0,0,0
14651,26,14132.95,17,UPI,Mobile,Ahmedabad,206,19,1,0,0
14652,25,1456.89,7,Debit Card,Tablet,Ahmedabad,409,15,0,0,0
14653,36,2897.39,8,Credit Card,Mobile,Bengaluru,357,20,2,0,0
14654,18,206.4,2,Net Banking,Mobile,Delhi,96,22,0,0,0
14655,46,9281.32,1,UPI,Mobile,Delhi,46,19,1,0,0
14656,39,4050.04,16,Debit Card,Mobile,Delhi,394,18,1,1,0
14657,34,2363.08,22,UPI,Mobile,Bengaluru,170,18,1,0,0
14658,18,1078.08,15,UPI,Desktop,Bengaluru,1182,22,0,0,0
14659,45,1823.24,10,UPI,Desktop,Ahmedabad,32,25,2,0,0
14660,51,2823.89,4,UPI,Mobile,Mumbai,692,25,1,0,0
14661,38,3860.17,20,UPI,Mobile,Mumbai,33,22,0,0,0
14662,43,809.88,14,UPI,Mobile,Bengaluru,62,16,1,0,0
14663,35,7341.87,0,UPI,Mobile,Ahmedabad,128,23,0,0,0
14664,32,3486.07,11,UPI,Mobile,Mumbai,2,12,1,0,0
14665,23,3271.05,21,UPI,Mobile,Bengaluru,905,16,0,0,0
14666,28,657.67,23,UPI,Mobile,Jaipur,409,14,1,0,0
14667,18,5087.8,0,Debit Card,Mobile,Pune,184,16,0,0,0
14668,18,1216.33,17,UPI,Tablet,Jaipur,515,9,0,0,0
14669,27,13163.12,0,UPI,Mobile,Delhi,408,28,1,0,0
14670,25,8334.57,19,UPI,Mobile,Jaipur,225,22,0,1,0
14671,18,5378.42,11,Debit Card,Mobile,Delhi,259,23,1,0,0
14672,34,4762.3,21,UPI,Mobile,Bengaluru,48,21,0,0,0
14673,26,2892.78,13,UPI,Mobile,Delhi,27,15,0,1,0
14674,40,1935.11,0,UPI,Mobile,Delhi,67,20,1,0,0
14675,36,2132.28,2,Debit Card,Mobile,Delhi,358,16,0,0,0
14676,45,10871.63,21,UPI,Tablet,Delhi,473,25,2,0,0
14677,30,4057.71,11,UPI,Mobile,Delhi,155,24,1,0,0
14678,42,3272.04,14,UPI,Tablet,Bengaluru,283,17,2,0,0
14679,34,1066.63,1,UPI,Tablet,Mumbai,249,12,1,0,1
14680,32,1880.47,8,Credit Card,Desktop,Jaipur,51,19,0,0,0
14681,46,1431.43,9,UPI,Mobile,Delhi,592,32,0,0,0
14682,54,9989.65,1,UPI,Desktop,Delhi,386,25,1,0,0
14683,31,7150.66,5,UPI,Mobile,Mumbai,3,15,0,1,0
14684,28,4906.36,6,UPI,Mobile,Delhi,37,21,2,0,0
14685,35,1046.36,9,UPI,Mobile,Mumbai,74,14,0,0,0
14686,31,2123.95,0,UPI,Mobile,Delhi,65,14,2,0,0
14687,42,4958.85,4,UPI,Desktop,Pune,238,20,1,0,0
14688,32,9156.74,7,Net Banking,Desktop,Mumbai,147,24,0,0,0
14689,53,8492.69,18,UPI,Desktop,Delhi,146,23,1,0,0
14690,46,7555.69,20,Net Banking,Mobile,Pune,34,18,1,0,0
14691,38,17921.37,18,Debit Card,Desktop,Delhi,343,15,2,0,0
14692,23,3763.61,3,UPI,Mobile,Delhi,496,18,1,0,0
14693,40,607.04,20,Credit Card,Desktop,Ahmedabad,473,16,2,0,0
14694,28,10719.14,16,Debit Card,Desktop,Delhi,895,21,0,0,0
14695,43,680.83,5,UPI,Desktop,Delhi,4,14,0,0,0
14696,32,5041.95,11,UPI,Desktop,Bengaluru,41,18,1,0,0
14697,43,3705.77,7,Net Banking,Mobile,Bengaluru,361,18,2,0,0
14698,34,2368.57,8,UPI,Mobile,Pune,74,23,0,0,0
14699,21,8770.92,0,UPI,Mobile,Ahmedabad,275,17,1,0,1
14700,37,1750.07,23,UPI,Mobile,Mumbai,72,14,0,1,0
14701,63,22020.68,11,UPI,Mobile,Pune,183,24,2,0,0
14702,31,1421.97,19,UPI,Tablet,Bengaluru,62,20,1,0,0
14703,18,2015.04,17,Debit Card,Mobile,Delhi,1100,19,1,0,0
14704,32,5018.22,16,UPI,Mobile,Jaipur,126,24,2,0,0
14705,32,8412.62,17,UPI,Mobile,Delhi,37,22,0,0,0
14706,31,8707.99,3,UPI,Mobile,Bengaluru,352,17,1,0,0
14707,19,1280.26,14,UPI,Mobile,Bengaluru,253,20,0,0,0
14708,27,1157.23,14,UPI,Desktop,Mumbai,255,20,1,0,0
14709,35,5250.55,0,UPI,Mobile,Pune,6,16,0,0,1
14710,38,1828.44,14,Credit Card,Mobile,Bengaluru,396,18,1,0,0
14711,40,760.44,15,Debit Card,Tablet,Delhi,41,22,2,0,0
14712,23,2057.06,17,UPI,Tablet,Mumbai,207,16,0,0,0
14713,32,3720.05,10,UPI,Mobile,Mumbai,309,17,2,0,0
14714,23,1811.04,12,UPI,Mobile,Jaipur,756,21,0,0,0
14715,35,6686.62,0,UPI,Mobile,Delhi,24,25,0,0,1
14716,18,15290.79,5,UPI,Mobile,Delhi,808,20,0,1,1
14717,19,3708.69,14,UPI,Mobile,Pune,414,17,1,0,0
14718,29,3929.73,17,UPI,Mobile,Mumbai,58,20,1,0,0
14719,32,208.44,23,UPI,Desktop,Bengaluru,747,20,1,0,0
14720,42,2174.59,18,UPI,Mobile,Delhi,540,18,1,0,0
14721,35,6941.83,19,UPI,Mobile,Bengaluru,143,23,0,0,0
14722,25,2388.82,22,UPI,Mobile,Ahmedabad,179,18,1,0,0
14723,34,18775.55,3,UPI,Mobile,Jaipur,84,21,2,0,0
14724,18,6577.73,15,UPI,Mobile,Delhi,104,19,1,0,0
14725,50,3697.87,11,UPI,Mobile,Delhi,4,34,0,0,0
14726,43,8251.73,23,UPI,Mobile,Pune,477,22,4,0,0
14727,22,1344.0,8,Credit Card,Desktop,Bengaluru,408,26,1,0,0
14728,46,1154.78,4,Debit Card,Desktop,Mumbai,187,26,2,0,0
14729,25,2318.83,5,Debit Card,Mobile,Bengaluru,257,16,1,1,0
14730,46,4410.2,14,UPI,Mobile,Jaipur,240,12,0,0,0
14731,41,236.16,23,Credit Card,Mobile,Bengaluru,878,14,1,1,0
14732,33,5458.11,0,Credit Card,Mobile,Ahmedabad,60,18,2,0,0
14733,30,2184.1,5,UPI,Desktop,Mumbai,118,23,1,0,0
14734,26,422.54,2,UPI,Tablet,Jaipur,659,14,0,1,0
14735,33,1106.69,0,UPI,Mobile,Bengaluru,670,14,0,0,0
14736,28,1175.47,11,UPI,Mobile,Bengaluru,154,14,0,1,0
14737,42,5335.68,2,UPI,Tablet,Pune,324,18,1,0,1
14738,37,3843.17,19,UPI,Desktop,Pune,343,20,0,0,0
14739,37,3281.98,7,UPI,Mobile,Pune,901,22,0,0,0
14740,18,1632.1,7,UPI,Tablet,Mumbai,103,22,1,0,0
14741,33,2571.9,14,UPI,Mobile,Mumbai,1158,21,2,0,0
14742,38,1609.81,23,UPI,Mobile,Bengaluru,173,14,1,0,0
14743,42,5993.26,7,UPI,Mobile,Jaipur,220,17,2,0,0
14744,50,6269.41,19,UPI,Desktop,Ahmedabad,109,11,1,0,0
14745,37,1734.43,9,Credit Card,Mobile,Ahmedabad,129,14,0,0,0
14746,21,4687.4,17,Credit Card,Desktop,Bengaluru,582,27,1,0,0
14747,37,6786.98,17,UPI,Desktop,Pune,211,23,2,0,0
14748,22,4858.69,22,UPI,Mobile,Jaipur,435,16,3,0,1
14749,26,6943.9,20,Net Banking,Desktop,Pune,297,20,2,1,0
14750,35,7303.46,2,UPI,Mobile,Delhi,76,30,1,0,0
14751,29,11122.7,16,Credit Card,Mobile,Pune,269,15,1,0,0
14752,23,49464.22,3,UPI,Mobile,Pune,53,23,1,0,0
14753,44,2574.35,9,UPI,Mobile,Delhi,330,19,1,0,0
14754,57,1929.23,5,Net Banking,Mobile,Bengaluru,223,23,1,1,0
14755,41,1633.3,7,UPI,Mobile,Delhi,103,18,0,0,0
14756,27,1832.14,9,UPI,Mobile,Delhi,1231,16,2,0,0
14757,43,5559.94,15,UPI,Mobile,Pune,482,24,0,0,0
14758,24,9250.03,21,UPI,Mobile,Jaipur,356,22,2,1,0
14759,24,1360.53,22,UPI,Mobile,Pune,54,26,1,1,0
14760,23,5926.67,19,UPI,Mobile,Mumbai,616,28,0,0,0
14761,33,1812.55,21,UPI,Mobile,Bengaluru,1062,19,0,1,0
14762,28,467.07,19,UPI,Mobile,Mumbai,37,25,0,0,0
14763,27,7580.03,6,Debit Card,Mobile,Delhi,197,27,1,0,0
14764,30,1865.91,10,UPI,Desktop,Mumbai,107,18,1,0,0
14765,27,3613.96,15,UPI,Mobile,Mumbai,219,20,1,1,0
14766,18,3788.27,7,Net Banking,Mobile,Ahmedabad,184,23,2,0,0
14767,43,2295.28,21,Credit Card,Desktop,Pune,290,29,1,0,0
14768,33,1974.22,6,UPI,Mobile,Pune,129,26,0,0,0
14769,26,6107.61,4,UPI,Mobile,Mumbai,1172,20,2,0,0
14770,35,2009.61,7,Credit Card,Mobile,Pune,102,17,0,0,0
14771,25,4903.83,22,Credit Card,Mobile,Bengaluru,263,23,0,0,0
14772,44,4517.04,21,UPI,Mobile,Bengaluru,412,25,0,0,0
14773,48,1536.06,5,UPI,Mobile,Pune,191,20,0,0,0
14774,33,4342.15,6,UPI,Mobile,Pune,113,23,0,0,0
14775,18,11277.69,15,Debit Card,Mobile,Pune,41,18,0,0,0
14776,30,1003.66,8,Debit Card,Mobile,Jaipur,705,22,0,0,0
14777,28,11192.13,10,UPI,Mobile,Bengaluru,38,22,2,0,0
14778,46,379.4,12,Debit Card,Mobile,Mumbai,221,18,0,0,0
14779,35,3981.27,17,UPI,Mobile,Pune,707,10,3,0,0
14780,38,2497.47,1,Credit Card,Mobile,Bengaluru,105,18,0,0,1
14781,23,1386.7,7,UPI,Mobile,Pune,33,21,2,0,0
14782,18,3100.95,8,UPI,Mobile,Delhi,765,15,1,1,0
14783,45,1354.82,0,Credit Card,Tablet,Mumbai,500,26,1,0,0
14784,38,12628.52,11,UPI,Mobile,Delhi,1645,17,0,0,0
14785,40,1174.85,23,UPI,Desktop,Bengaluru,881,28,1,0,0
14786,39,1056.7,22,UPI,Mobile,Pune,8,19,0,1,0
14787,18,1566.96,12,Credit Card,Mobile,Ahmedabad,115,20,4,1,0
14788,37,1434.42,16,Credit Card,Mobile,Jaipur,523,22,1,0,0
14789,26,2060.48,5,UPI,Mobile,Pune,151,20,2,0,0
14790,47,597.02,6,Net Banking,Mobile,Delhi,750,20,1,0,0
14791,50,2223.66,1,UPI,Desktop,Mumbai,61,28,1,0,1
14792,18,4487.29,19,Credit Card,Mobile,Jaipur,347,24,2,0,0
14793,47,3259.39,3,Debit Card,Mobile,Mumbai,230,21,0,0,0
14794,25,25279.4,14,UPI,Mobile,Delhi,272,20,0,0,0
14795,37,5195.66,14,UPI,Mobile,Mumbai,210,22,2,0,0
14796,43,3967.95,13,UPI,Mobile,Mumbai,258,23,1,1,0
14797,40,2189.57,12,UPI,Mobile,Delhi,221,19,0,0,0
14798,28,2911.69,20,UPI,Mobile,Mumbai,97,22,0,0,0
14799,28,1468.85,4,UPI,Tablet,Mumbai,226,28,1,0,0
14800,23,4346.76,8,Debit Card,Mobile,Jaipur,650,24,0,0,0
14801,25,1943.51,11,UPI,Mobile,Mumbai,138,24,0,0,0
14802,40,1584.29,22,Debit Card,Mobile,Bengaluru,30,17,1,0,0
14803,45,8328.15,9,UPI,Mobile,Delhi,136,15,1,0,0
14804,18,31791.47,11,Credit Card,Mobile,Pune,703,24,2,0,0
14805,48,22898.71,10,Credit Card,Mobile,Mumbai,65,16,1,0,0
14806,25,10008.78,1,UPI,Mobile,Mumbai,323,24,2,0,0
14807,23,1199.01,17,Debit Card,Mobile,Delhi,286,26,1,0,0
14808,49,2567.38,3,UPI,Mobile,Ahmedabad,292,36,0,0,0
14809,22,1940.14,8,UPI,Mobile,Ahmedabad,305,19,0,0,0
14810,30,3795.42,17,UPI,Mobile,Jaipur,839,21,0,0,0
14811,37,10018.44,15,UPI,Mobile,Bengaluru,366,16,1,0,0
14812,30,800.79,10,Credit Card,Mobile,Bengaluru,327,17,1,0,0
14813,48,2505.99,8,Net Banking,Desktop,Jaipur,134,23,0,0,0
14814,42,1600.42,23,UPI,Desktop,Pune,232,11,1,0,0
14815,32,1904.93,15,UPI,Mobile,Delhi,23,15,1,0,1
14816,49,558.93,21,UPI,Mobile,Pune,118,22,0,1,0
14817,56,2342.27,5,UPI,Mobile,Mumbai,329,23,1,0,0
14818,33,9575.7,12,UPI,Mobile,Ahmedabad,67,16,2,0,0
14819,41,1697.96,9,UPI,Mobile,Pune,94,21,0,1,1
14820,40,53990.3,18,Credit Card,Mobile,Mumbai,149,24,1,0,0
14821,34,2636.13,2,UPI,Mobile,Mumbai,29,24,1,0,1
14822,26,1151.13,3,UPI,Mobile,Bengaluru,37,24,0,0,0
14823,28,3727.98,1,UPI,Desktop,Delhi,324,21,0,1,0
14824,34,725.23,4,Credit Card,Mobile,Pune,236,17,0,0,0
14825,39,5499.95,21,Credit Card,Mobile,Pune,326,23,1,0,0
14826,37,2904.89,0,Credit Card,Mobile,Delhi,150,27,0,0,0
14827,38,2318.22,16,UPI,Mobile,Delhi,96,19,1,0,0
14828,18,6966.0,8,UPI,Mobile,Delhi,99,16,1,0,0
14829,33,7206.8,19,Debit Card,Desktop,Pune,489,11,1,0,0
14830,32,3795.66,14,UPI,Mobile,Mumbai,11,25,1,0,0
14831,45,2285.9,15,UPI,Desktop,Ahmedabad,253,23,0,0,0
14832,50,3186.61,12,Credit Card,Mobile,Mumbai,85,21,0,0,0
14833,18,17103.27,15,UPI,Mobile,Bengaluru,255,17,1,0,0
14834,30,1150.66,0,UPI,Mobile,Pune,335,21,1,0,0
14835,31,3293.82,12,UPI,Mobile,Delhi,210,26,0,0,0
14836,33,1094.56,12,UPI,Mobile,Pune,79,18,1,1,0
14837,29,10306.1,7,UPI,Mobile,Pune,15,21,1,0,0
14838,56,694.04,21,UPI,Mobile,Pune,290,15,2,0,0
14839,30,3787.52,0,UPI,Mobile,Pune,30,12,0,0,0
14840,28,7239.42,19,Debit Card,Mobile,Delhi,610,23,3,0,0
14841,44,966.13,3,UPI,Mobile,Pune,92,20,0,0,0
14842,18,6932.9,12,Debit Card,Mobile,Pune,134,19,0,0,0
14843,33,3376.58,23,UPI,Mobile,Delhi,159,19,0,0,0
14844,30,4777.28,11,UPI,Desktop,Ahmedabad,180,25,0,1,0
14845,30,2758.77,17,UPI,Tablet,Bengaluru,344,25,1,0,0
14846,18,1751.44,20,UPI,Mobile,Jaipur,292,20,0,1,1
14847,41,7206.04,13,Debit Card,Mobile,Mumbai,338,20,0,0,0
14848,48,3084.69,13,Debit Card,Mobile,Delhi,331,17,0,0,0
14849,25,3626.43,0,UPI,Mobile,Pune,395,19,0,0,0
14850,48,3123.46,16,UPI,Mobile,Bengaluru,125,20,0,1,1
14851,29,3506.33,0,Net Banking,Mobile,Ahmedabad,84,17,0,0,1
14852,37,11054.16,0,UPI,Mobile,Delhi,315,15,0,0,0
14853,41,7770.8,19,UPI,Mobile,Jaipur,29,15,1,0,0
14854,18,1883.14,6,UPI,Tablet,Mumbai,126,28,2,0,0
14855,39,10561.72,21,UPI,Mobile,Mumbai,566,16,3,0,1
14856,41,1794.91,5,UPI,Mobile,Pune,14,16,2,0,0
14857,36,2341.65,7,Debit Card,Mobile,Bengaluru,546,17,0,0,0
14858,50,1636.13,11,UPI,Mobile,Mumbai,71,30,1,0,0
14859,26,3154.39,17,UPI,Mobile,Ahmedabad,594,15,2,0,0
14860,34,3260.24,12,Credit Card,Mobile,Delhi,583,26,1,0,0
14861,47,751.59,10,UPI,Mobile,Ahmedabad,47,22,2,0,0
14862,39,9367.81,7,Credit Card,Mobile,Jaipur,220,19,0,0,0
14863,18,5919.01,12,Net Banking,Mobile,Mumbai,322,19,0,0,0
14864,53,5621.4,22,UPI,Mobile,Mumbai,308,19,0,0,0
14865,18,5000.23,23,UPI,Mobile,Ahmedabad,143,22,0,0,0
14866,26,7830.52,6,UPI,Mobile,Pune,36,19,0,0,0
14867,38,3933.45,0,Net Banking,Mobile,Jaipur,8,20,0,0,0
14868,18,1361.63,23,UPI,Mobile,Jaipur,50,17,0,0,0
14869,27,5778.1,8,Debit Card,Desktop,Bengaluru,76,28,1,0,0
14870,24,3084.52,5,UPI,Mobile,Mumbai,118,17,3,0,0
14871,40,3671.41,7,Credit Card,Mobile,Jaipur,382,19,2,0,0
14872,18,5605.13,16,UPI,Mobile,Pune,578,14,0,0,0
14873,23,1310.91,2,UPI,Desktop,Mumbai,198,14,0,0,0
14874,25,8654.84,15,Debit Card,Mobile,Ahmedabad,77,16,0,0,0
14875,36,10763.61,2,UPI,Desktop,Mumbai,89,19,0,0,0
14876,32,1215.94,0,UPI,Desktop,Mumbai,6,17,0,0,0
14877,32,5799.03,0,Net Banking,Mobile,Pune,269,16,0,0,0
14878,39,10490.06,11,Credit Card,Mobile,Delhi,193,23,0,0,0
14879,18,4601.53,20,UPI,Mobile,Bengaluru,1127,19,0,0,0
14880,18,1828.14,12,UPI,Mobile,Pune,43,14,0,0,0
14881,34,2046.97,1,UPI,Mobile,Delhi,185,19,0,0,1
14882,36,6551.0,3,UPI,Mobile,Ahmedabad,5,27,0,1,1
14883,33,8506.68,22,UPI,Mobile,Mumbai,287,22,1,0,0
14884,23,4247.42,15,UPI,Desktop,Jaipur,368,16,0,0,0
14885,41,2150.82,22,Credit Card,Mobile,Pune,175,18,3,0,0
14886,37,4301.36,19,Net Banking,Mobile,Bengaluru,141,17,0,0,0
14887,44,481.9,3,Credit Card,Mobile,Delhi,174,16,0,0,0
14888,36,641.4,19,Debit Card,Desktop,Ahmedabad,1,25,1,0,0
14889,18,604.07,3,UPI,Mobile,Bengaluru,158,15,1,0,0
14890,55,4312.0,2,Net Banking,Tablet,Ahmedabad,88,18,2,0,0
14891,30,4395.44,5,Net Banking,Mobile,Jaipur,113,16,2,0,0
14892,18,3459.52,18,Debit Card,Mobile,Mumbai,267,21,0,1,0
14893,36,2414.12,2,Debit Card,Mobile,Jaipur,312,22,0,0,0
14894,42,2666.33,9,Debit Card,Desktop,Delhi,421,23,1,0,0
14895,26,994.32,3,UPI,Mobile,Mumbai,111,17,1,0,0
14896,43,7129.54,5,Debit Card,Mobile,Mumbai,96,14,0,0,0
14897,28,2132.17,19,UPI,Mobile,Pune,365,18,2,0,0
14898,29,4459.7,20,UPI,Mobile,Delhi,46,15,1,0,0
14899,18,1151.43,6,Credit Card,Mobile,Mumbai,803,19,0,0,0
14900,52,5198.24,20,UPI,Mobile,Delhi,152,22,1,0,0
14901,39,1731.63,1,UPI,Mobile,Pune,150,21,0,0,0
14902,18,35236.17,10,UPI,Mobile,Mumbai,628,17,0,0,0
14903,50,1930.52,23,Debit Card,Desktop,Delhi,1017,30,0,0,0
14904,35,3020.61,18,Debit Card,Mobile,Bengaluru,464,20,1,0,0
14905,42,1916.85,18,UPI,Mobile,Bengaluru,642,18,1,0,0
14906,47,6686.06,10,UPI,Desktop,Mumbai,610,16,1,0,0
14907,40,2713.6,5,Debit Card,Mobile,Mumbai,636,32,2,0,0
14908,21,1078.15,17,Net Banking,Mobile,Delhi,142,20,2,0,0
14909,37,2576.81,18,Credit Card,Mobile,Ahmedabad,116,24,1,0,0
14910,41,8315.03,2,UPI,Mobile,Bengaluru,223,21,0,0,0
14911,36,11580.89,14,UPI,Desktop,Jaipur,176,28,1,1,0
14912,54,8891.34,7,Credit Card,Mobile,Mumbai,300,21,1,0,0
14913,28,3674.84,1,Credit Card,Mobile,Pune,792,17,0,0,0
14914,37,3478.7,14,Credit Card,Mobile,Delhi,5,22,1,0,0
14915,26,8769.76,5,Credit Card,Mobile,Bengaluru,244,11,1,0,0
14916,36,4771.3,1,Debit Card,Mobile,Mumbai,305,16,0,0,0
14917,50,3491.9,19,UPI,Mobile,Mumbai,193,16,0,0,0
14918,23,6219.1,18,UPI,Mobile,Bengaluru,33,17,0,0,1
14919,18,6589.47,3,UPI,Mobile,Mumbai,65,10,0,0,0
14920,20,1932.06,16,UPI,Desktop,Bengaluru,28,21,2,0,0
14921,31,2243.64,15,Debit Card,Mobile,Ahmedabad,78,13,1,1,0
14922,30,1980.25,17,Credit Card,Mobile,Mumbai,161,12,1,0,0
14923,36,2067.46,1,Debit Card,Mobile,Mumbai,380,17,1,0,0
14924,30,4233.96,23,UPI,Mobile,Pune,108,23,0,0,0
14925,41,183.1,20,Credit Card,Mobile,Jaipur,3,13,0,0,0
14926,21,1116.0,7,UPI,Tablet,Ahmedabad,265,23,0,0,0
14927,53,2210.37,19,UPI,Mobile,Mumbai,288,19,0,0,0
14928,35,1990.4,9,UPI,Mobile,Mumbai,144,14,1,0,0
14929,41,2244.67,1,UPI,Desktop,Bengaluru,227,21,0,0,0
14930,60,704.79,6,UPI,Mobile,Pune,76,28,1,0,0
14931,38,1135.9,11,Debit Card,Desktop,Bengaluru,182,15,1,0,0
14932,23,1588.17,5,UPI,Desktop,Jaipur,198,20,1,1,0
14933,45,2266.23,0,UPI,Mobile,Delhi,98,19,0,0,0
14934,22,2524.68,20,UPI,Mobile,Mumbai,314,19,0,1,0
14935,27,3502.32,10,UPI,Desktop,Mumbai,751,17,0,0,0
14936,41,3281.73,5,UPI,Mobile,Delhi,392,23,1,0,0
14937,41,3874.74,2,UPI,Mobile,Pune,483,22,0,0,0
14938,39,4423.99,14,UPI,Mobile,Pune,696,15,0,0,0
14939,18,1317.34,12,Debit Card,Mobile,Mumbai,351,23,2,0,0
14940,38,842.37,9,Debit Card,Mobile,Delhi,366,12,1,0,0
14941,38,19728.68,21,Credit Card,Desktop,Mumbai,74,23,0,0,0
14942,40,5629.19,10,UPI,Mobile,Mumbai,33,21,0,0,0
14943,18,658.58,12,UPI,Mobile,Jaipur,913,23,0,0,0
14944,35,6076.51,3,UPI,Mobile,Ahmedabad,11,18,1,0,1
14945,35,7140.46,12,UPI,Desktop,Ahmedabad,651,24,2,0,0
14946,35,1270.1,15,UPI,Tablet,Pune,23,25,2,0,0
14947,31,898.32,8,UPI,Mobile,Pune,148,23,2,0,0
14948,30,4926.95,1,UPI,Mobile,Delhi,243,17,2,0,0
14949,38,817.13,18,UPI,Mobile,Mumbai,217,21,0,0,0
14950,51,7362.84,22,UPI,Mobile,Jaipur,92,18,2,1,0
14951,21,5886.54,1,UPI,Mobile,Bengaluru,931,13,1,0,0
14952,33,9225.14,16,Net Banking,Mobile,Delhi,1086,19,2,0,0
14953,25,3293.24,7,UPI,Mobile,Bengaluru,132,19,0,0,0
14954,32,10342.07,9,Net Banking,Mobile,Bengaluru,152,21,0,0,0
14955,26,1031.29,21,UPI,Tablet,Delhi,371,11,0,1,0
14956,18,1764.53,16,UPI,Tablet,Ahmedabad,500,18,1,0,0
14957,24,4041.07,13,UPI,Mobile,Delhi,615,23,2,0,0
14958,43,22755.41,19,UPI,Mobile,Delhi,510,22,1,0,0
14959,27,9944.43,5,UPI,Mobile,Pune,105,28,2,0,0
14960,45,9086.42,21,Debit Card,Mobile,Jaipur,16,27,1,1,1
14961,36,1285.43,5,UPI,Desktop,Bengaluru,680,17,1,0,0
14962,41,1845.08,17,Net Banking,Mobile,Delhi,99,16,2,0,0
14963,25,1200.93,1,Debit Card,Mobile,Jaipur,734,25,4,0,0
14964,29,4546.92,22,UPI,Mobile,Pune,346,15,0,0,0
14965,47,2616.6,7,UPI,Mobile,Delhi,73,17,1,0,0
14966,29,399.38,9,UPI,Mobile,Ahmedabad,196,22,2,0,0
14967,32,2400.66,1,UPI,Mobile,Delhi,469,23,1,0,0
14968,31,2364.23,15,Debit Card,Desktop,Delhi,88,18,1,0,1
14969,21,6078.6,20,UPI,Mobile,Jaipur,711,22,2,1,0
14970,38,5180.23,5,Net Banking,Mobile,Delhi,111,21,0,0,0
14971,49,1581.79,13,Credit Card,Mobile,Delhi,121,23,0,0,0
14972,27,2295.75,20,UPI,Mobile,Mumbai,409,23,2,0,0
14973,29,9264.42,8,UPI,Mobile,Jaipur,168,23,0,1,0
14974,32,7784.37,8,UPI,Mobile,Mumbai,9,18,1,0,0
14975,42,3889.65,4,Debit Card,Mobile,Delhi,737,21,0,1,0
14976,38,8963.72,19,UPI,Mobile,Delhi,326,22,3,0,1
14977,26,4642.25,6,Credit Card,Mobile,Bengaluru,92,17,0,1,0
14978,49,629.8,17,UPI,Mobile,Pune,1432,20,0,0,0
14979,42,5712.73,6,Credit Card,Desktop,Delhi,91,14,1,0,0
14980,20,4954.15,2,UPI,Mobile,Pune,272,14,1,0,1
14981,42,1657.46,17,Debit Card,Desktop,Bengaluru,653,18,3,0,0
14982,21,3768.53,23,UPI,Mobile,Mumbai,372,26,2,0,0
14983,37,1411.64,16,UPI,Desktop,Mumbai,93,20,2,0,0
14984,26,3017.87,22,UPI,Mobile,Mumbai,118,26,2,0,0
14985,64,2025.76,5,UPI,Mobile,Ahmedabad,99,15,0,0,0
14986,48,847.22,13,UPI,Mobile,Bengaluru,59,22,0,0,0
14987,31,14403.16,3,Net Banking,Desktop,Delhi,404,25,3,0,0
14988,43,15543.32,12,Credit Card,Tablet,Delhi,194,15,1,0,1
14989,47,513.06,13,UPI,Mobile,Pune,164,24,1,1,0
14990,22,2089.59,11,UPI,Desktop,Bengaluru,389,13,2,0,0
14991,48,962.43,15,UPI,Mobile,Delhi,128,17,0,0,0
14992,38,3772.55,22,UPI,Mobile,Ahmedabad,565,22,0,0,0
14993,23,7678.55,10,Net Banking,Mobile,Pune,472,19,2,0,1
14994,33,2683.71,22,UPI,Mobile,Delhi,51,22,0,0,0
14995,54,4689.59,18,Credit Card,Mobile,Bengaluru,324,18,1,0,0
14996,31,884.71,13,Debit Card,Mobile,Ahmedabad,208,26,0,0,0
14997,37,12530.64,21,Credit Card,Mobile,Delhi,41,13,2,0,0
14998,45,2334.77,0,Credit Card,Mobile,Jaipur,63,18,2,0,0
14999,26,954.03,11,UPI,Tablet,Ahmedabad,96,18,2,0,0
15000,29,1676.28,22,UPI,Mobile,Pune,143,20,5,0,0
